Angle,Competition,Model,y_true,y_pred,prob_correct_class
89.89,U14,Logistic_Regression,0,0,0.8989659935416024
89.89,U14,Decision_Tree_NestedCV,0,4,0.45714285714285713
55.3,EURO,Logistic_Regression,0,0,0.932696429229642
55.3,EURO,Decision_Tree_NestedCV,0,0,0.9782122905027933
30.27,SLO1,Logistic_Regression,3,2,0.22455901258550373
30.27,SLO1,Decision_Tree_NestedCV,3,0,0.15873015873015872
35.44,NBA,Logistic_Regression,0,0,0.9505850272057088
35.44,NBA,Decision_Tree_NestedCV,0,0,0.9782122905027933
87.94,EURO,Logistic_Regression,3,3,0.9119070287644634
87.94,EURO,Decision_Tree_NestedCV,3,3,0.9130434782608695
79.56,EURO,Logistic_Regression,0,3,0.2483054214541697
79.56,EURO,Decision_Tree_NestedCV,0,3,0.21026894865525672
65.99,EURO,Logistic_Regression,3,2,0.20856394012634352
65.99,EURO,Decision_Tree_NestedCV,3,2,0.10153846153846154
19.02,EURO,Logistic_Regression,4,4,0.34206250223028517
19.02,EURO,Decision_Tree_NestedCV,4,4,0.48623853211009177
2.08,SLO1,Logistic_Regression,0,0,0.9644899510158653
2.08,SLO1,Decision_Tree_NestedCV,0,0,0.9782122905027933
3.46,NBA,Logistic_Regression,0,0,0.8398612329628989
3.46,NBA,Decision_Tree_NestedCV,0,0,0.9782122905027933
32.91,NBA,Logistic_Regression,0,0,0.9516152376963678
32.91,NBA,Decision_Tree_NestedCV,0,0,0.9782122905027933
23.81,SLO1,Logistic_Regression,0,0,0.9639170484922922
23.81,SLO1,Decision_Tree_NestedCV,0,0,0.9782122905027933
62.05,U14,Logistic_Regression,3,3,0.8167336031538286
62.05,U14,Decision_Tree_NestedCV,3,3,0.9130434782608695
57.48,NBA,Logistic_Regression,0,0,0.8717751914015676
57.48,NBA,Decision_Tree_NestedCV,0,0,0.9782122905027933
73.83,EURO,Logistic_Regression,0,3,0.19278103226504628
73.83,EURO,Decision_Tree_NestedCV,0,3,0.21026894865525672
49.11,U14,Logistic_Regression,0,0,0.9163242056928993
49.11,U14,Decision_Tree_NestedCV,0,0,0.7803030303030303
65.41,SLO1,Logistic_Regression,3,3,0.6476538560375534
65.41,SLO1,Decision_Tree_NestedCV,3,3,0.8933333333333333
49.7,U14,Logistic_Regression,0,0,0.4175710140064766
49.7,U14,Decision_Tree_NestedCV,0,0,0.8292682926829268
60.06,NBA,Logistic_Regression,3,3,0.8733698966235877
60.06,NBA,Decision_Tree_NestedCV,3,3,0.9130434782608695
16.41,NBA,Logistic_Regression,3,3,0.7434985336839672
16.41,NBA,Decision_Tree_NestedCV,3,3,0.6222222222222222
7.3,NBA,Logistic_Regression,3,3,0.6632125958013572
7.3,NBA,Decision_Tree_NestedCV,3,3,0.6666666666666666
14.61,U14,Logistic_Regression,4,0,0.09000748201805937
14.61,U14,Decision_Tree_NestedCV,4,0,0.2196969696969697
12.03,NBA,Logistic_Regression,0,0,0.9539495586119134
12.03,NBA,Decision_Tree_NestedCV,0,0,0.9782122905027933
28.27,EURO,Logistic_Regression,0,0,0.9589863342882401
28.27,EURO,Decision_Tree_NestedCV,0,0,0.9782122905027933
11.65,NBA,Logistic_Regression,0,0,0.9319194154907234
11.65,NBA,Decision_Tree_NestedCV,0,0,0.9782122905027933
79.67,U16,Logistic_Regression,4,0,0.0684420840730074
79.67,U16,Decision_Tree_NestedCV,4,0,0.08648648648648649
54.7,U14,Logistic_Regression,3,3,0.7764426386667694
54.7,U14,Decision_Tree_NestedCV,3,3,0.9130434782608695
25.53,SLO1,Logistic_Regression,0,2,0.29839020752955925
25.53,SLO1,Decision_Tree_NestedCV,0,0,0.2777777777777778
36.85,SLO1,Logistic_Regression,4,0,0.3057040910667275
36.85,SLO1,Decision_Tree_NestedCV,4,4,0.9148936170212766
34.54,SLO1,Logistic_Regression,0,0,0.9663912469618845
34.54,SLO1,Decision_Tree_NestedCV,0,0,0.9782122905027933
85.95,EURO,Logistic_Regression,2,0,0.2672856767910208
85.95,EURO,Decision_Tree_NestedCV,2,2,0.48
10.93,SLO1,Logistic_Regression,3,3,0.5752203101370396
10.93,SLO1,Decision_Tree_NestedCV,3,3,0.6333333333333333
12.25,NBA,Logistic_Regression,0,0,0.6094633249843702
12.25,NBA,Decision_Tree_NestedCV,0,2,0.3446153846153846
83.11,EURO,Logistic_Regression,0,0,0.9505256174820683
83.11,EURO,Decision_Tree_NestedCV,0,0,0.9782122905027933
22.04,NBA,Logistic_Regression,0,0,0.9127470391920987
22.04,NBA,Decision_Tree_NestedCV,0,0,0.9782122905027933
65.58,U16,Logistic_Regression,0,0,0.928730912407198
65.58,U16,Decision_Tree_NestedCV,0,0,0.9135135135135135
70.53,EURO,Logistic_Regression,0,0,0.7969520035439436
70.53,EURO,Decision_Tree_NestedCV,0,0,0.8289473684210527
4.42,U16,Logistic_Regression,0,0,0.5268200680407534
4.42,U16,Decision_Tree_NestedCV,0,0,0.44761904761904764
62.54,SLO1,Logistic_Regression,0,0,0.895120899926071
62.54,SLO1,Decision_Tree_NestedCV,0,0,0.9782122905027933
0.0,U16,Logistic_Regression,2,0,0.2525958567918656
0.0,U16,Decision_Tree_NestedCV,2,0,0.2777777777777778
5.42,NBA,Logistic_Regression,3,2,0.23554713588944873
5.42,NBA,Decision_Tree_NestedCV,3,3,0.44987775061124696
58.29,SLO1,Logistic_Regression,3,3,0.6669606834527548
58.29,SLO1,Decision_Tree_NestedCV,3,3,0.8933333333333333
14.56,SLO1,Logistic_Regression,0,0,0.9522836064488899
14.56,SLO1,Decision_Tree_NestedCV,0,0,0.9782122905027933
49.85,SLO1,Logistic_Regression,2,2,0.33290611147131327
49.85,SLO1,Decision_Tree_NestedCV,2,0,0.30120481927710846
60.52,EURO,Logistic_Regression,3,3,0.8236318667467282
60.52,EURO,Decision_Tree_NestedCV,3,3,0.9130434782608695
70.94,U16,Logistic_Regression,3,3,0.6755112246922957
70.94,U16,Decision_Tree_NestedCV,3,3,0.7529411764705882
43.73,U16,Logistic_Regression,4,0,0.08052122170162834
43.73,U16,Decision_Tree_NestedCV,4,0,0.08648648648648649
63.96,EURO,Logistic_Regression,3,3,0.6833081924424517
63.96,EURO,Decision_Tree_NestedCV,3,3,0.782608695652174
31.77,EURO,Logistic_Regression,0,0,0.9579167900111503
31.77,EURO,Decision_Tree_NestedCV,0,0,0.9782122905027933
18.5,SLO1,Logistic_Regression,4,0,0.02427044739444984
18.5,SLO1,Decision_Tree_NestedCV,4,0,0.01005586592178771
51.81,U14,Logistic_Regression,0,0,0.9052995605428693
51.81,U14,Decision_Tree_NestedCV,0,0,0.7803030303030303
66.91,U16,Logistic_Regression,4,0,0.06767982582810671
66.91,U16,Decision_Tree_NestedCV,4,0,0.08648648648648649
51.51,NBA,Logistic_Regression,0,0,0.949178269244746
51.51,NBA,Decision_Tree_NestedCV,0,0,0.9782122905027933
20.6,U14,Logistic_Regression,0,0,0.904366194196064
20.6,U14,Decision_Tree_NestedCV,0,0,0.7803030303030303
6.79,U14,Logistic_Regression,0,0,0.9085838383548853
6.79,U14,Decision_Tree_NestedCV,0,0,0.7803030303030303
66.67,EURO,Logistic_Regression,0,0,0.8878657194037517
66.67,EURO,Decision_Tree_NestedCV,0,0,0.9782122905027933
53.34,U14,Logistic_Regression,0,0,0.9016907260249213
53.34,U14,Decision_Tree_NestedCV,0,0,0.7803030303030303
62.66,U14,Logistic_Regression,4,0,0.09346741386075719
62.66,U14,Decision_Tree_NestedCV,4,4,1.0
57.01,EURO,Logistic_Regression,2,2,0.3108949038550203
57.01,EURO,Decision_Tree_NestedCV,2,3,0.09046454767726161
76.31,SLO1,Logistic_Regression,0,0,0.9395502025494326
76.31,SLO1,Decision_Tree_NestedCV,0,0,0.9782122905027933
29.99,NBA,Logistic_Regression,0,0,0.9525345188423646
29.99,NBA,Decision_Tree_NestedCV,0,0,0.9782122905027933
2.5,SLO1,Logistic_Regression,3,3,0.614483404720506
2.5,SLO1,Decision_Tree_NestedCV,3,3,0.6333333333333333
67.28,EURO,Logistic_Regression,1,3,0.08105078702191587
67.28,EURO,Decision_Tree_NestedCV,1,3,0.11246943765281174
87.41,EURO,Logistic_Regression,4,4,0.8419861345991407
87.41,EURO,Decision_Tree_NestedCV,4,4,0.9148936170212766
2.91,NBA,Logistic_Regression,0,0,0.4874759933359999
2.91,NBA,Decision_Tree_NestedCV,0,0,0.2777777777777778
5.53,NBA,Logistic_Regression,2,0,0.2893447731615336
5.53,NBA,Decision_Tree_NestedCV,2,0,0.2777777777777778
29.76,EURO,Logistic_Regression,0,0,0.907487356456508
29.76,EURO,Decision_Tree_NestedCV,0,0,0.9782122905027933
45.66,U14,Logistic_Regression,3,3,0.7581233864865797
45.66,U14,Decision_Tree_NestedCV,3,3,0.9130434782608695
49.12,U14,Logistic_Regression,0,0,0.44360056705636336
49.12,U14,Decision_Tree_NestedCV,0,0,0.8292682926829268
77.6,U16,Logistic_Regression,3,3,0.8920786908547028
77.6,U16,Decision_Tree_NestedCV,3,3,0.9130434782608695
72.93,EURO,Logistic_Regression,3,3,0.8641324803016436
72.93,EURO,Decision_Tree_NestedCV,3,3,0.8431372549019608
84.11,U14,Logistic_Regression,0,0,0.7718770678749929
84.11,U14,Decision_Tree_NestedCV,0,0,0.925
89.57,SLO1,Logistic_Regression,0,0,0.9437314384988649
89.57,SLO1,Decision_Tree_NestedCV,0,0,0.9782122905027933
69.45,U16,Logistic_Regression,0,0,0.9392222970341034
69.45,U16,Decision_Tree_NestedCV,0,0,0.9135135135135135
26.31,SLO1,Logistic_Regression,0,0,0.9680870044543681
26.31,SLO1,Decision_Tree_NestedCV,0,0,0.9782122905027933
62.44,U14,Logistic_Regression,3,3,0.5178111251181249
62.44,U14,Decision_Tree_NestedCV,3,3,0.44987775061124696
26.77,SLO1,Logistic_Regression,0,2,0.2862489935835989
26.77,SLO1,Decision_Tree_NestedCV,0,0,0.2777777777777778
39.13,NBA,Logistic_Regression,0,0,0.9430612367994732
39.13,NBA,Decision_Tree_NestedCV,0,0,0.9782122905027933
12.09,EURO,Logistic_Regression,0,0,0.7329159206780698
12.09,EURO,Decision_Tree_NestedCV,0,0,0.6363636363636364
61.07,U14,Logistic_Regression,3,3,0.6542660348566774
61.07,U14,Decision_Tree_NestedCV,3,3,0.44987775061124696
29.62,NBA,Logistic_Regression,0,0,0.9199784174829727
29.62,NBA,Decision_Tree_NestedCV,0,0,0.9782122905027933
64.74,SLO1,Logistic_Regression,0,0,0.9666786939178063
64.74,SLO1,Decision_Tree_NestedCV,0,0,0.9782122905027933
4.83,NBA,Logistic_Regression,0,0,0.8079465101787324
4.83,NBA,Decision_Tree_NestedCV,0,0,0.6363636363636364
84.51,EURO,Logistic_Regression,0,0,0.8755293376924358
84.51,EURO,Decision_Tree_NestedCV,0,0,0.9782122905027933
54.06,EURO,Logistic_Regression,4,3,0.29183046225565334
54.06,EURO,Decision_Tree_NestedCV,4,4,0.48623853211009177
86.13,SLO1,Logistic_Regression,0,0,0.9646314541738167
86.13,SLO1,Decision_Tree_NestedCV,0,0,0.9782122905027933
75.28,U14,Logistic_Regression,4,3,0.27831997996068
75.28,U14,Decision_Tree_NestedCV,4,3,0.08695652173913043
69.58,NBA,Logistic_Regression,0,0,0.9331168994066735
69.58,NBA,Decision_Tree_NestedCV,0,0,0.9782122905027933
39.79,U14,Logistic_Regression,3,3,0.6709176667321682
39.79,U14,Decision_Tree_NestedCV,3,3,0.9130434782608695
62.65,U16,Logistic_Regression,3,3,0.49291032785792416
62.65,U16,Decision_Tree_NestedCV,3,3,0.7529411764705882
8.88,SLO1,Logistic_Regression,0,0,0.9642432999241242
8.88,SLO1,Decision_Tree_NestedCV,0,0,0.9782122905027933
74.93,EURO,Logistic_Regression,2,3,0.26205511365852063
74.93,EURO,Decision_Tree_NestedCV,2,3,0.09046454767726161
9.52,EURO,Logistic_Regression,0,0,0.9165840970578422
9.52,EURO,Decision_Tree_NestedCV,0,0,0.9782122905027933
50.46,SLO1,Logistic_Regression,4,0,0.029999151653710743
50.46,SLO1,Decision_Tree_NestedCV,4,0,0.01005586592178771
88.34,SLO1,Logistic_Regression,0,0,0.9663808584039097
88.34,SLO1,Decision_Tree_NestedCV,0,0,0.9782122905027933
80.97,U14,Logistic_Regression,0,0,0.835635186835208
80.97,U14,Decision_Tree_NestedCV,0,0,0.925
18.71,NBA,Logistic_Regression,4,0,0.45678064160608417
18.71,NBA,Decision_Tree_NestedCV,4,4,0.9148936170212766
88.78,SLO1,Logistic_Regression,0,0,0.9646033557904735
88.78,SLO1,Decision_Tree_NestedCV,0,0,0.9782122905027933
56.62,EURO,Logistic_Regression,0,0,0.950183775230271
56.62,EURO,Decision_Tree_NestedCV,0,0,0.9782122905027933
69.11,U14,Logistic_Regression,0,0,0.8713991892130946
69.11,U14,Decision_Tree_NestedCV,0,0,0.925
12.39,NBA,Logistic_Regression,0,0,0.9358105560127343
12.39,NBA,Decision_Tree_NestedCV,0,0,0.9782122905027933
80.91,EURO,Logistic_Regression,3,3,0.41946246589352326
80.91,EURO,Decision_Tree_NestedCV,3,3,0.44987775061124696
68.3,U16,Logistic_Regression,3,3,0.8471443361335073
68.3,U16,Decision_Tree_NestedCV,3,3,0.9130434782608695
59.17,U14,Logistic_Regression,3,3,0.5848417464366567
59.17,U14,Decision_Tree_NestedCV,3,3,0.44987775061124696
51.82,EURO,Logistic_Regression,0,0,0.9543481450845508
51.82,EURO,Decision_Tree_NestedCV,0,0,0.9782122905027933
64.58,SLO1,Logistic_Regression,0,0,0.664379093124821
64.58,SLO1,Decision_Tree_NestedCV,0,0,0.8289473684210527
84.33,EURO,Logistic_Regression,0,0,0.938706676543823
84.33,EURO,Decision_Tree_NestedCV,0,0,0.9782122905027933
64.71,EURO,Logistic_Regression,2,0,0.27544647526580956
64.71,EURO,Decision_Tree_NestedCV,2,2,0.48
4.5,EURO,Logistic_Regression,0,0,0.9309029253580641
4.5,EURO,Decision_Tree_NestedCV,0,0,0.9782122905027933
22.03,U16,Logistic_Regression,3,3,0.39462008196458886
22.03,U16,Decision_Tree_NestedCV,3,3,0.7529411764705882
53.89,U16,Logistic_Regression,0,0,0.9420044860685155
53.89,U16,Decision_Tree_NestedCV,0,0,0.9135135135135135
16.82,U14,Logistic_Regression,0,3,0.1116063870146147
16.82,U14,Decision_Tree_NestedCV,0,0,0.35135135135135137
1.26,NBA,Logistic_Regression,0,0,0.9481173672653104
1.26,NBA,Decision_Tree_NestedCV,0,0,0.9782122905027933
45.03,EURO,Logistic_Regression,0,0,0.760395164830911
45.03,EURO,Decision_Tree_NestedCV,0,0,0.8289473684210527
37.92,NBA,Logistic_Regression,3,3,0.7372195824779081
37.92,NBA,Decision_Tree_NestedCV,3,3,0.9130434782608695
36.39,SLO1,Logistic_Regression,3,2,0.2466656073629943
36.39,SLO1,Decision_Tree_NestedCV,3,2,0.2826086956521739
60.24,EURO,Logistic_Regression,3,0,0.21031736481603253
60.24,EURO,Decision_Tree_NestedCV,3,4,0.1834862385321101
0.66,EURO,Logistic_Regression,0,0,0.832570791720172
0.66,EURO,Decision_Tree_NestedCV,0,0,0.9782122905027933
89.22,EURO,Logistic_Regression,0,0,0.9453146798382894
89.22,EURO,Decision_Tree_NestedCV,0,0,0.9782122905027933
81.32,U14,Logistic_Regression,0,0,0.8995593336600349
81.32,U14,Decision_Tree_NestedCV,0,4,0.45714285714285713
48.67,EURO,Logistic_Regression,1,3,0.0898240184622717
48.67,EURO,Decision_Tree_NestedCV,1,3,0.11246943765281174
51.53,NBA,Logistic_Regression,0,0,0.9462676305912577
51.53,NBA,Decision_Tree_NestedCV,0,0,0.9782122905027933
55.84,U14,Logistic_Regression,3,3,0.7828109824217112
55.84,U14,Decision_Tree_NestedCV,3,3,0.9130434782608695
55.6,NBA,Logistic_Regression,2,0,0.11039310038498655
55.6,NBA,Decision_Tree_NestedCV,2,0,0.14473684210526316
85.69,EURO,Logistic_Regression,1,3,0.15110073624962972
85.69,EURO,Decision_Tree_NestedCV,1,3,0.11246943765281174
49.78,NBA,Logistic_Regression,0,0,0.7817208838580303
49.78,NBA,Decision_Tree_NestedCV,0,0,0.8289473684210527
61.59,NBA,Logistic_Regression,1,3,0.2876341940235693
61.59,NBA,Decision_Tree_NestedCV,1,3,0.11246943765281174
17.58,SLO1,Logistic_Regression,0,0,0.9654962244092137
17.58,SLO1,Decision_Tree_NestedCV,0,0,0.9782122905027933
46.43,EURO,Logistic_Regression,0,0,0.9480740138095408
46.43,EURO,Decision_Tree_NestedCV,0,0,0.9782122905027933
62.05,U14,Logistic_Regression,3,3,0.8193343350688677
62.05,U14,Decision_Tree_NestedCV,3,3,0.8431372549019608
59.07,EURO,Logistic_Regression,3,3,0.7477084601630002
59.07,EURO,Decision_Tree_NestedCV,3,3,0.9130434782608695
83.93,SLO1,Logistic_Regression,0,0,0.964751179757881
83.93,SLO1,Decision_Tree_NestedCV,0,0,0.9782122905027933
74.04,EURO,Logistic_Regression,0,0,0.9014567551338575
74.04,EURO,Decision_Tree_NestedCV,0,0,0.9782122905027933
0.0,U16,Logistic_Regression,4,3,0.3400165112560289
0.0,U16,Decision_Tree_NestedCV,4,4,0.48623853211009177
1.28,SLO1,Logistic_Regression,0,0,0.8565533211209784
1.28,SLO1,Decision_Tree_NestedCV,0,0,0.9782122905027933
7.68,EURO,Logistic_Regression,0,2,0.1570526180391266
7.68,EURO,Decision_Tree_NestedCV,0,3,0.21026894865525672
37.97,NBA,Logistic_Regression,0,0,0.9378087534663538
37.97,NBA,Decision_Tree_NestedCV,0,0,0.9782122905027933
67.87,NBA,Logistic_Regression,0,0,0.9506476912184705
67.87,NBA,Decision_Tree_NestedCV,0,0,0.9782122905027933
87.86,EURO,Logistic_Regression,0,0,0.9482661442871234
87.86,EURO,Decision_Tree_NestedCV,0,0,0.9782122905027933
65.54,EURO,Logistic_Regression,0,0,0.9483383186972881
65.54,EURO,Decision_Tree_NestedCV,0,0,0.9782122905027933
70.14,EURO,Logistic_Regression,0,3,0.2819545396386601
70.14,EURO,Decision_Tree_NestedCV,0,3,0.21026894865525672
52.31,SLO1,Logistic_Regression,2,0,0.26671915158479254
52.31,SLO1,Decision_Tree_NestedCV,2,2,0.48
66.54,EURO,Logistic_Regression,1,3,0.15366511195851454
66.54,EURO,Decision_Tree_NestedCV,1,3,0.11246943765281174
74.2,SLO1,Logistic_Regression,0,0,0.9651068687333147
74.2,SLO1,Decision_Tree_NestedCV,0,0,0.9782122905027933
3.3,NBA,Logistic_Regression,2,0,0.16216593509736704
3.3,NBA,Decision_Tree_NestedCV,2,0,0.0
87.41,EURO,Logistic_Regression,0,0,0.948251946027154
87.41,EURO,Decision_Tree_NestedCV,0,0,0.9782122905027933
14.07,SLO1,Logistic_Regression,3,0,0.10677772531958388
14.07,SLO1,Decision_Tree_NestedCV,3,2,0.10153846153846154
84.88,SLO1,Logistic_Regression,0,0,0.922351896199161
84.88,SLO1,Decision_Tree_NestedCV,0,0,0.9782122905027933
84.23,EURO,Logistic_Regression,0,0,0.8976340581297116
84.23,EURO,Decision_Tree_NestedCV,0,0,0.9782122905027933
58.51,SLO1,Logistic_Regression,3,3,0.8563671907447877
58.51,SLO1,Decision_Tree_NestedCV,3,3,0.8933333333333333
1.06,U14,Logistic_Regression,0,0,0.7774142261534775
1.06,U14,Decision_Tree_NestedCV,0,0,0.925
81.66,EURO,Logistic_Regression,3,3,0.4578697092880784
81.66,EURO,Decision_Tree_NestedCV,3,3,0.44987775061124696
38.97,EURO,Logistic_Regression,2,0,0.3773271299490613
38.97,EURO,Decision_Tree_NestedCV,2,2,0.48
61.07,U16,Logistic_Regression,0,0,0.5655285300576324
61.07,U16,Decision_Tree_NestedCV,0,2,0.3446153846153846
30.79,NBA,Logistic_Regression,0,0,0.9470968867199744
30.79,NBA,Decision_Tree_NestedCV,0,0,0.9782122905027933
40.64,SLO1,Logistic_Regression,2,2,0.346225306787502
40.64,SLO1,Decision_Tree_NestedCV,2,0,0.30120481927710846
67.02,U14,Logistic_Regression,3,3,0.7303956657573355
67.02,U14,Decision_Tree_NestedCV,3,3,0.8333333333333334
36.64,U14,Logistic_Regression,4,4,0.6924967664238245
36.64,U14,Decision_Tree_NestedCV,4,4,0.7692307692307693
46.67,NBA,Logistic_Regression,0,0,0.9337371443010484
46.67,NBA,Decision_Tree_NestedCV,0,0,0.9782122905027933
36.29,SLO1,Logistic_Regression,0,0,0.9669747159698292
36.29,SLO1,Decision_Tree_NestedCV,0,0,0.9782122905027933
57.86,U16,Logistic_Regression,0,3,0.25900964611260346
57.86,U16,Decision_Tree_NestedCV,0,3,0.047058823529411764
40.97,SLO1,Logistic_Regression,3,3,0.7825531659254799
40.97,SLO1,Decision_Tree_NestedCV,3,3,0.8333333333333334
85.69,EURO,Logistic_Regression,1,3,0.05268160233695837
85.69,EURO,Decision_Tree_NestedCV,1,3,0.11246943765281174
77.6,EURO,Logistic_Regression,1,3,0.17082231231142503
77.6,EURO,Decision_Tree_NestedCV,1,3,0.11246943765281174
67.57,U16,Logistic_Regression,3,3,0.7002730678983132
67.57,U16,Decision_Tree_NestedCV,3,3,0.7529411764705882
83.93,EURO,Logistic_Regression,0,0,0.9457356872727489
83.93,EURO,Decision_Tree_NestedCV,0,0,0.9782122905027933
38.52,U14,Logistic_Regression,3,3,0.7765101746085747
38.52,U14,Decision_Tree_NestedCV,3,3,0.9130434782608695
86.96,NBA,Logistic_Regression,0,0,0.8524760351700287
86.96,NBA,Decision_Tree_NestedCV,0,0,0.9782122905027933
39.18,EURO,Logistic_Regression,0,0,0.9474773923382501
39.18,EURO,Decision_Tree_NestedCV,0,0,0.9782122905027933
2.94,SLO1,Logistic_Regression,3,4,0.4374517341256245
2.94,SLO1,Decision_Tree_NestedCV,3,3,0.6333333333333333
28.94,SLO1,Logistic_Regression,0,0,0.9343471929964065
28.94,SLO1,Decision_Tree_NestedCV,0,0,0.9782122905027933
53.68,NBA,Logistic_Regression,0,4,0.31922690682832
53.68,NBA,Decision_Tree_NestedCV,0,4,0.3302752293577982
63.6,EURO,Logistic_Regression,0,0,0.9518444742752469
63.6,EURO,Decision_Tree_NestedCV,0,0,0.9782122905027933
30.81,EURO,Logistic_Regression,4,0,0.3761192847347215
30.81,EURO,Decision_Tree_NestedCV,4,4,0.9148936170212766
59.62,EURO,Logistic_Regression,3,3,0.7153988129599944
59.62,EURO,Decision_Tree_NestedCV,3,3,0.8333333333333334
46.63,EURO,Logistic_Regression,0,0,0.9521842462609335
46.63,EURO,Decision_Tree_NestedCV,0,0,0.9782122905027933
86.3,EURO,Logistic_Regression,0,0,0.9280357709128293
86.3,EURO,Decision_Tree_NestedCV,0,0,0.9782122905027933
16.19,NBA,Logistic_Regression,0,0,0.3727888948365446
16.19,NBA,Decision_Tree_NestedCV,0,0,0.2777777777777778
36.34,NBA,Logistic_Regression,0,0,0.9470746335025002
36.34,NBA,Decision_Tree_NestedCV,0,0,0.9782122905027933
27.44,NBA,Logistic_Regression,4,3,0.21345954522640942
27.44,NBA,Decision_Tree_NestedCV,4,3,0.13333333333333333
72.34,EURO,Logistic_Regression,3,3,0.3906891719771668
72.34,EURO,Decision_Tree_NestedCV,3,3,0.44987775061124696
45.11,SLO1,Logistic_Regression,4,0,0.026591044638812646
45.11,SLO1,Decision_Tree_NestedCV,4,2,0.04923076923076923
68.3,EURO,Logistic_Regression,3,3,0.7957351289155491
68.3,EURO,Decision_Tree_NestedCV,3,3,0.9130434782608695
20.38,SLO1,Logistic_Regression,0,0,0.9222139098833326
20.38,SLO1,Decision_Tree_NestedCV,0,0,0.9782122905027933
28.57,SLO1,Logistic_Regression,0,0,0.9652881950254936
28.57,SLO1,Decision_Tree_NestedCV,0,0,0.9782122905027933
52.25,NBA,Logistic_Regression,3,3,0.43937992088827627
52.25,NBA,Decision_Tree_NestedCV,3,3,0.44987775061124696
36.52,U14,Logistic_Regression,3,3,0.6840693196203775
36.52,U14,Decision_Tree_NestedCV,3,3,0.9130434782608695
1.27,SLO1,Logistic_Regression,0,0,0.9629325997997152
1.27,SLO1,Decision_Tree_NestedCV,0,0,0.9782122905027933
21.37,NBA,Logistic_Regression,0,0,0.9284721421338131
21.37,NBA,Decision_Tree_NestedCV,0,0,0.9782122905027933
0.42,SLO1,Logistic_Regression,4,0,0.02488735483337196
0.42,SLO1,Decision_Tree_NestedCV,4,0,0.01005586592178771
77.13,NBA,Logistic_Regression,2,0,0.10175098754845752
77.13,NBA,Decision_Tree_NestedCV,2,0,0.14473684210526316
48.5,NBA,Logistic_Regression,0,0,0.9275418181745954
48.5,NBA,Decision_Tree_NestedCV,0,0,0.9782122905027933
58.14,U16,Logistic_Regression,3,3,0.46884717376305296
58.14,U16,Decision_Tree_NestedCV,3,0,0.15873015873015872
56.0,SLO1,Logistic_Regression,3,3,0.8086992370907256
56.0,SLO1,Decision_Tree_NestedCV,3,3,0.8933333333333333
4.79,U14,Logistic_Regression,0,4,0.1971703728068608
4.79,U14,Decision_Tree_NestedCV,0,4,0.3302752293577982
68.3,EURO,Logistic_Regression,3,3,0.46170856185037706
68.3,EURO,Decision_Tree_NestedCV,3,3,0.44987775061124696
76.6,U14,Logistic_Regression,0,0,0.8040403955038629
76.6,U14,Decision_Tree_NestedCV,0,0,0.925
86.92,EURO,Logistic_Regression,3,3,0.4194113650127559
86.92,EURO,Decision_Tree_NestedCV,3,3,0.44987775061124696
51.6,SLO1,Logistic_Regression,3,0,0.24918618542609447
51.6,SLO1,Decision_Tree_NestedCV,3,3,0.8933333333333333
25.18,EURO,Logistic_Regression,0,0,0.9481244608806121
25.18,EURO,Decision_Tree_NestedCV,0,0,0.9782122905027933
67.59,EURO,Logistic_Regression,0,0,0.9161160801361438
67.59,EURO,Decision_Tree_NestedCV,0,0,0.9782122905027933
16.0,SLO1,Logistic_Regression,0,2,0.32653289577849437
16.0,SLO1,Decision_Tree_NestedCV,0,2,0.3446153846153846
1.0,SLO1,Logistic_Regression,0,0,0.732508220169633
1.0,SLO1,Decision_Tree_NestedCV,0,0,0.6363636363636364
86.76,SLO1,Logistic_Regression,0,0,0.9414544635474033
86.76,SLO1,Decision_Tree_NestedCV,0,0,0.9782122905027933
77.5,EURO,Logistic_Regression,3,3,0.39404832202215717
77.5,EURO,Decision_Tree_NestedCV,3,3,0.44987775061124696
78.0,EURO,Logistic_Regression,2,3,0.24789894170561477
78.0,EURO,Decision_Tree_NestedCV,2,3,0.09046454767726161
54.7,U14,Logistic_Regression,3,3,0.5094391659003465
54.7,U14,Decision_Tree_NestedCV,3,3,0.44987775061124696
64.28,U14,Logistic_Regression,4,3,0.14747205279564754
64.28,U14,Decision_Tree_NestedCV,4,3,0.0391304347826087
21.42,EURO,Logistic_Regression,3,3,0.6496961968756102
21.42,EURO,Decision_Tree_NestedCV,3,0,0.35135135135135137
55.79,EURO,Logistic_Regression,0,0,0.9483065851244833
55.79,EURO,Decision_Tree_NestedCV,0,0,0.9782122905027933
51.48,NBA,Logistic_Regression,0,0,0.9325408027075607
51.48,NBA,Decision_Tree_NestedCV,0,0,0.9782122905027933
51.28,U14,Logistic_Regression,4,0,0.09391194459577532
51.28,U14,Decision_Tree_NestedCV,4,0,0.2196969696969697
13.37,SLO1,Logistic_Regression,0,0,0.9633434727171462
13.37,SLO1,Decision_Tree_NestedCV,0,0,0.9782122905027933
66.2,EURO,Logistic_Regression,0,0,0.7167409683589167
66.2,EURO,Decision_Tree_NestedCV,0,0,0.44761904761904764
87.59,NBA,Logistic_Regression,0,0,0.9431820564619615
87.59,NBA,Decision_Tree_NestedCV,0,0,0.9782122905027933
65.38,SLO1,Logistic_Regression,3,3,0.3908262744846853
65.38,SLO1,Decision_Tree_NestedCV,3,0,0.08433734939759036
37.61,EURO,Logistic_Regression,5,3,0.17434493999216039
37.61,EURO,Decision_Tree_NestedCV,5,3,0.08557457212713937
53.45,U14,Logistic_Regression,3,3,0.5040984898938525
53.45,U14,Decision_Tree_NestedCV,3,4,0.1834862385321101
8.2,NBA,Logistic_Regression,2,0,0.3063724186385645
8.2,NBA,Decision_Tree_NestedCV,2,2,0.48
15.91,EURO,Logistic_Regression,0,0,0.8962627255617291
15.91,EURO,Decision_Tree_NestedCV,0,0,0.9782122905027933
65.36,EURO,Logistic_Regression,0,0,0.9499545732815111
65.36,EURO,Decision_Tree_NestedCV,0,0,0.9782122905027933
89.89,EURO,Logistic_Regression,0,0,0.9453137814366621
89.89,EURO,Decision_Tree_NestedCV,0,0,0.9782122905027933
46.45,EURO,Logistic_Regression,0,0,0.9503053284189173
46.45,EURO,Decision_Tree_NestedCV,0,0,0.9782122905027933
73.66,SLO1,Logistic_Regression,2,0,0.24639031817957782
73.66,SLO1,Decision_Tree_NestedCV,2,2,0.48
54.45,NBA,Logistic_Regression,0,3,0.1698297791600435
54.45,NBA,Decision_Tree_NestedCV,0,4,0.3302752293577982
29.62,NBA,Logistic_Regression,4,0,0.048440699803669635
29.62,NBA,Decision_Tree_NestedCV,4,0,0.01005586592178771
44.04,EURO,Logistic_Regression,0,0,0.9529283461820333
44.04,EURO,Decision_Tree_NestedCV,0,0,0.9782122905027933
62.7,EURO,Logistic_Regression,0,0,0.9233868518876398
62.7,EURO,Decision_Tree_NestedCV,0,0,0.9782122905027933
83.37,NBA,Logistic_Regression,0,0,0.901075626261681
83.37,NBA,Decision_Tree_NestedCV,0,0,0.9782122905027933
45.15,SLO1,Logistic_Regression,0,0,0.6206377607432361
45.15,SLO1,Decision_Tree_NestedCV,0,2,0.3446153846153846
86.99,U14,Logistic_Regression,0,0,0.8973299121877029
86.99,U14,Decision_Tree_NestedCV,0,4,0.45714285714285713
87.01,EURO,Logistic_Regression,0,0,0.9454211963042662
87.01,EURO,Decision_Tree_NestedCV,0,0,0.9782122905027933
11.35,EURO,Logistic_Regression,0,2,0.345487396429158
11.35,EURO,Decision_Tree_NestedCV,0,2,0.3446153846153846
73.83,SLO1,Logistic_Regression,4,3,0.010286112477699083
73.83,SLO1,Decision_Tree_NestedCV,4,0,0.012048192771084338
20.41,NBA,Logistic_Regression,0,0,0.9532519017225709
20.41,NBA,Decision_Tree_NestedCV,0,0,0.9782122905027933
52.97,NBA,Logistic_Regression,4,3,0.30304496997578273
52.97,NBA,Decision_Tree_NestedCV,4,4,0.7692307692307693
50.28,NBA,Logistic_Regression,0,0,0.44257909850015364
50.28,NBA,Decision_Tree_NestedCV,0,0,0.44761904761904764
56.84,SLO1,Logistic_Regression,3,3,0.8626117937543438
56.84,SLO1,Decision_Tree_NestedCV,3,3,0.8333333333333334
77.5,EURO,Logistic_Regression,3,3,0.8122425243645693
77.5,EURO,Decision_Tree_NestedCV,3,3,0.8333333333333334
60.37,SLO1,Logistic_Regression,2,3,0.2845864529808258
60.37,SLO1,Decision_Tree_NestedCV,2,0,0.2777777777777778
40.01,NBA,Logistic_Regression,3,3,0.38912108521508465
40.01,NBA,Decision_Tree_NestedCV,3,3,0.44987775061124696
28.03,NBA,Logistic_Regression,3,3,0.6813263952184889
28.03,NBA,Decision_Tree_NestedCV,3,4,0.1834862385321101
54.23,SLO1,Logistic_Regression,2,2,0.3221363631422059
54.23,SLO1,Decision_Tree_NestedCV,2,0,0.30120481927710846
37.49,EURO,Logistic_Regression,2,0,0.3800327438605
37.49,EURO,Decision_Tree_NestedCV,2,2,0.48
29.49,NBA,Logistic_Regression,0,0,0.73240980659401
29.49,NBA,Decision_Tree_NestedCV,0,0,0.8289473684210527
0.84,SLO1,Logistic_Regression,0,0,0.963897009448574
0.84,SLO1,Decision_Tree_NestedCV,0,0,0.9782122905027933
72.66,NBA,Logistic_Regression,0,0,0.592408999665192
72.66,NBA,Decision_Tree_NestedCV,0,2,0.3446153846153846
73.4,EURO,Logistic_Regression,2,0,0.2078880100176063
73.4,EURO,Decision_Tree_NestedCV,2,2,0.48
8.08,NBA,Logistic_Regression,0,0,0.926966377091267
8.08,NBA,Decision_Tree_NestedCV,0,0,0.9782122905027933
33.42,U16,Logistic_Regression,4,0,0.047284010981473626
33.42,U16,Decision_Tree_NestedCV,4,0,0.08648648648648649
73.39,EURO,Logistic_Regression,4,3,0.13018075385733294
73.39,EURO,Decision_Tree_NestedCV,4,3,0.09090909090909091
89.89,EURO,Logistic_Regression,0,0,0.9462335053082731
89.89,EURO,Decision_Tree_NestedCV,0,0,0.9782122905027933
60.04,U14,Logistic_Regression,0,3,0.1182702149858394
60.04,U14,Decision_Tree_NestedCV,0,3,0.13043478260869565
11.64,EURO,Logistic_Regression,0,0,0.9384227866816985
11.64,EURO,Decision_Tree_NestedCV,0,0,0.9782122905027933
9.23,NBA,Logistic_Regression,0,0,0.940298664574473
9.23,NBA,Decision_Tree_NestedCV,0,0,0.9782122905027933
52.99,U16,Logistic_Regression,3,3,0.5364722442673293
52.99,U16,Decision_Tree_NestedCV,3,3,0.7529411764705882
73.08,SLO1,Logistic_Regression,3,3,0.3486192162004645
73.08,SLO1,Decision_Tree_NestedCV,3,0,0.08433734939759036
17.71,U14,Logistic_Regression,4,0,0.09032385163840924
17.71,U14,Decision_Tree_NestedCV,4,0,0.2196969696969697
49.01,NBA,Logistic_Regression,0,0,0.9474544772492437
49.01,NBA,Decision_Tree_NestedCV,0,0,0.9782122905027933
23.85,U16,Logistic_Regression,3,3,0.4809264675239983
23.85,U16,Decision_Tree_NestedCV,3,3,0.7529411764705882
83.84,EURO,Logistic_Regression,0,0,0.9446622313179107
83.84,EURO,Decision_Tree_NestedCV,0,0,0.9782122905027933
56.09,EURO,Logistic_Regression,4,4,0.7038329471796831
56.09,EURO,Decision_Tree_NestedCV,4,4,0.7692307692307693
26.62,SLO1,Logistic_Regression,3,3,0.5204945097459341
26.62,SLO1,Decision_Tree_NestedCV,3,3,0.6333333333333333
44.94,SLO1,Logistic_Regression,0,0,0.9577270934592154
44.94,SLO1,Decision_Tree_NestedCV,0,0,0.9782122905027933
62.56,U14,Logistic_Regression,3,3,0.6846965711507884
62.56,U14,Decision_Tree_NestedCV,3,3,0.8333333333333334
23.28,EURO,Logistic_Regression,2,2,0.46339617215857715
23.28,EURO,Decision_Tree_NestedCV,2,2,0.48
16.37,NBA,Logistic_Regression,0,0,0.909597520277199
16.37,NBA,Decision_Tree_NestedCV,0,0,0.9782122905027933
59.82,SLO1,Logistic_Regression,0,0,0.969450871097071
59.82,SLO1,Decision_Tree_NestedCV,0,0,0.9782122905027933
41.98,SLO1,Logistic_Regression,3,0,0.13574800536307147
41.98,SLO1,Decision_Tree_NestedCV,3,0,0.06666666666666667
37.47,EURO,Logistic_Regression,0,0,0.948560643221111
37.47,EURO,Decision_Tree_NestedCV,0,0,0.9782122905027933
0.0,NBA,Logistic_Regression,0,0,0.8782673347489212
0.0,NBA,Decision_Tree_NestedCV,0,0,0.9782122905027933
14.57,EURO,Logistic_Regression,4,4,0.9369259039641071
14.57,EURO,Decision_Tree_NestedCV,4,0,0.0
29.67,U16,Logistic_Regression,0,0,0.9409857159765563
29.67,U16,Decision_Tree_NestedCV,0,0,0.9135135135135135
30.04,NBA,Logistic_Regression,0,0,0.9279693964639176
30.04,NBA,Decision_Tree_NestedCV,0,0,0.9782122905027933
51.74,EURO,Logistic_Regression,2,0,0.3097794692246595
51.74,EURO,Decision_Tree_NestedCV,2,2,0.48
45.22,EURO,Logistic_Regression,0,0,0.9588571094834482
45.22,EURO,Decision_Tree_NestedCV,0,0,0.9782122905027933
0.84,NBA,Logistic_Regression,0,0,0.9485928726485546
0.84,NBA,Decision_Tree_NestedCV,0,0,0.9782122905027933
32.7,SLO1,Logistic_Regression,2,3,0.29274143990148815
32.7,SLO1,Decision_Tree_NestedCV,2,2,0.30434782608695654
5.61,U14,Logistic_Regression,0,0,0.9071852480261074
5.61,U14,Decision_Tree_NestedCV,0,0,0.7803030303030303
17.94,NBA,Logistic_Regression,3,3,0.5449314698237954
17.94,NBA,Decision_Tree_NestedCV,3,4,0.23076923076923078
30.25,NBA,Logistic_Regression,2,0,0.17062362418807342
30.25,NBA,Decision_Tree_NestedCV,2,0,0.29523809523809524
54.18,SLO1,Logistic_Regression,0,0,0.7891275964972058
54.18,SLO1,Decision_Tree_NestedCV,0,0,0.8289473684210527
15.97,EURO,Logistic_Regression,0,0,0.9260864943016972
15.97,EURO,Decision_Tree_NestedCV,0,0,0.9782122905027933
86.16,EURO,Logistic_Regression,4,4,0.9491720422652093
86.16,EURO,Decision_Tree_NestedCV,4,4,0.9148936170212766
28.27,NBA,Logistic_Regression,0,0,0.9537196222814874
28.27,NBA,Decision_Tree_NestedCV,0,0,0.9782122905027933
59.97,U16,Logistic_Regression,3,3,0.840193823572875
59.97,U16,Decision_Tree_NestedCV,3,3,0.9130434782608695
35.12,SLO1,Logistic_Regression,0,0,0.9663256458438292
35.12,SLO1,Decision_Tree_NestedCV,0,0,0.9782122905027933
2.94,SLO1,Logistic_Regression,0,0,0.9639302783237866
2.94,SLO1,Decision_Tree_NestedCV,0,0,0.9782122905027933
47.45,NBA,Logistic_Regression,0,0,0.5476712658217758
47.45,NBA,Decision_Tree_NestedCV,0,0,0.2777777777777778
54.55,SLO1,Logistic_Regression,0,0,0.4979072148306436
54.55,SLO1,Decision_Tree_NestedCV,0,0,0.2777777777777778
0.75,NBA,Logistic_Regression,4,0,0.3449980467505236
0.75,NBA,Decision_Tree_NestedCV,4,4,1.0
24.46,SLO1,Logistic_Regression,3,3,0.34165564677270527
24.46,SLO1,Decision_Tree_NestedCV,3,2,0.2826086956521739
38.27,NBA,Logistic_Regression,0,0,0.9364955848897575
38.27,NBA,Decision_Tree_NestedCV,0,0,0.9782122905027933
83.85,U14,Logistic_Regression,3,3,0.8481811922982411
83.85,U14,Decision_Tree_NestedCV,3,3,0.9130434782608695
65.51,EURO,Logistic_Regression,0,0,0.9481692576949009
65.51,EURO,Decision_Tree_NestedCV,0,0,0.9782122905027933
81.84,NBA,Logistic_Regression,0,0,0.9387782676036464
81.84,NBA,Decision_Tree_NestedCV,0,0,0.9782122905027933
70.72,EURO,Logistic_Regression,0,0,0.758530676004468
70.72,EURO,Decision_Tree_NestedCV,0,0,0.8289473684210527
69.78,SLO1,Logistic_Regression,0,0,0.8659820742316789
69.78,SLO1,Decision_Tree_NestedCV,0,0,0.9782122905027933
11.63,NBA,Logistic_Regression,0,0,0.6326773046671476
11.63,NBA,Decision_Tree_NestedCV,0,2,0.3446153846153846
75.27,SLO1,Logistic_Regression,0,0,0.9641102726406677
75.27,SLO1,Decision_Tree_NestedCV,0,0,0.9782122905027933
30.79,NBA,Logistic_Regression,0,0,0.9470968867199744
30.79,NBA,Decision_Tree_NestedCV,0,0,0.9782122905027933
37.67,U16,Logistic_Regression,3,3,0.3574019755867863
37.67,U16,Decision_Tree_NestedCV,3,0,0.15873015873015872
19.04,U16,Logistic_Regression,0,0,0.9349086325011514
19.04,U16,Decision_Tree_NestedCV,0,0,0.9135135135135135
24.16,NBA,Logistic_Regression,0,0,0.4857576988838732
24.16,NBA,Decision_Tree_NestedCV,0,4,0.3333333333333333
72.93,U14,Logistic_Regression,0,0,0.5428200923055426
72.93,U14,Decision_Tree_NestedCV,0,0,0.7794117647058824
71.18,SLO1,Logistic_Regression,0,0,0.9651857759044116
71.18,SLO1,Decision_Tree_NestedCV,0,0,0.9782122905027933
2.92,EURO,Logistic_Regression,0,0,0.9461135620033654
2.92,EURO,Decision_Tree_NestedCV,0,0,0.9782122905027933
55.35,U14,Logistic_Regression,0,3,0.15765630681124435
55.35,U14,Decision_Tree_NestedCV,0,4,0.3302752293577982
50.89,U14,Logistic_Regression,0,0,0.9057441015514829
50.89,U14,Decision_Tree_NestedCV,0,0,0.7803030303030303
17.74,EURO,Logistic_Regression,0,0,0.9235428437201182
17.74,EURO,Decision_Tree_NestedCV,0,0,0.9782122905027933
4.08,EURO,Logistic_Regression,0,0,0.8224314041462368
4.08,EURO,Decision_Tree_NestedCV,0,0,0.9782122905027933
1.92,U16,Logistic_Regression,0,3,0.22780574041741505
1.92,U16,Decision_Tree_NestedCV,0,4,0.3302752293577982
84.88,NBA,Logistic_Regression,0,0,0.9430138112827947
84.88,NBA,Decision_Tree_NestedCV,0,0,0.9782122905027933
88.33,EURO,Logistic_Regression,0,0,0.948864277319494
88.33,EURO,Decision_Tree_NestedCV,0,0,0.9782122905027933
34.43,NBA,Logistic_Regression,4,3,0.1343472995106186
34.43,NBA,Decision_Tree_NestedCV,4,3,0.13333333333333333
58.33,EURO,Logistic_Regression,3,3,0.8299026059840295
58.33,EURO,Decision_Tree_NestedCV,3,3,0.9130434782608695
81.5,NBA,Logistic_Regression,0,0,0.8034531283287951
81.5,NBA,Decision_Tree_NestedCV,0,0,0.8289473684210527
26.27,EURO,Logistic_Regression,0,0,0.9207228035929939
26.27,EURO,Decision_Tree_NestedCV,0,0,0.9782122905027933
74.93,EURO,Logistic_Regression,3,3,0.8385558486614474
74.93,EURO,Decision_Tree_NestedCV,3,3,0.9130434782608695
51.88,EURO,Logistic_Regression,0,0,0.9478341835087407
51.88,EURO,Decision_Tree_NestedCV,0,0,0.9782122905027933
84.34,SLO1,Logistic_Regression,0,0,0.9516604538295843
84.34,SLO1,Decision_Tree_NestedCV,0,0,0.9782122905027933
55.21,SLO1,Logistic_Regression,3,2,0.2745400221247848
55.21,SLO1,Decision_Tree_NestedCV,3,0,0.15873015873015872
41.88,EURO,Logistic_Regression,0,0,0.9481797145365193
41.88,EURO,Decision_Tree_NestedCV,0,0,0.9782122905027933
66.02,U14,Logistic_Regression,0,0,0.8629435874978215
66.02,U14,Decision_Tree_NestedCV,0,0,0.925
18.25,SLO1,Logistic_Regression,0,0,0.9659062079850645
18.25,SLO1,Decision_Tree_NestedCV,0,0,0.9782122905027933
52.65,NBA,Logistic_Regression,0,0,0.9422434344653555
52.65,NBA,Decision_Tree_NestedCV,0,0,0.9782122905027933
86.93,SLO1,Logistic_Regression,0,0,0.9216962254363561
86.93,SLO1,Decision_Tree_NestedCV,0,0,0.9782122905027933
45.59,SLO1,Logistic_Regression,0,0,0.6550359843520314
45.59,SLO1,Decision_Tree_NestedCV,0,4,0.0425531914893617
70.98,EURO,Logistic_Regression,2,0,0.16167237662865078
70.98,EURO,Decision_Tree_NestedCV,2,0,0.29523809523809524
46.11,EURO,Logistic_Regression,0,0,0.9492410641915855
46.11,EURO,Decision_Tree_NestedCV,0,0,0.9782122905027933
45.46,EURO,Logistic_Regression,3,3,0.691118817950007
45.46,EURO,Decision_Tree_NestedCV,3,3,0.8333333333333334
12.28,NBA,Logistic_Regression,0,0,0.935863100606636
12.28,NBA,Decision_Tree_NestedCV,0,0,0.9782122905027933
59.97,EURO,Logistic_Regression,0,2,0.3802459896272586
59.97,EURO,Decision_Tree_NestedCV,0,0,0.8292682926829268
44.15,NBA,Logistic_Regression,0,0,0.9351844627840326
44.15,NBA,Decision_Tree_NestedCV,0,0,0.9782122905027933
50.76,U16,Logistic_Regression,3,3,0.7891128991069847
50.76,U16,Decision_Tree_NestedCV,3,3,0.5833333333333334
67.57,U16,Logistic_Regression,3,3,0.8126181855626844
67.57,U16,Decision_Tree_NestedCV,3,3,0.9130434782608695
86.13,U16,Logistic_Regression,0,0,0.9352654629087023
86.13,U16,Decision_Tree_NestedCV,0,0,0.9135135135135135
16.82,SLO1,Logistic_Regression,0,2,0.28983204682753627
16.82,SLO1,Decision_Tree_NestedCV,0,0,0.2777777777777778
28.04,EURO,Logistic_Regression,4,4,0.3518198750430509
28.04,EURO,Decision_Tree_NestedCV,4,4,0.48623853211009177
59.52,U16,Logistic_Regression,0,0,0.9374175507260729
59.52,U16,Decision_Tree_NestedCV,0,0,0.9135135135135135
61.7,EURO,Logistic_Regression,0,0,0.9578820094522384
61.7,EURO,Decision_Tree_NestedCV,0,0,0.9782122905027933
75.58,EURO,Logistic_Regression,0,0,0.9465567977831135
75.58,EURO,Decision_Tree_NestedCV,0,0,0.9782122905027933
0.0,SLO1,Logistic_Regression,4,3,0.11998554387023233
0.0,SLO1,Decision_Tree_NestedCV,4,3,0.16666666666666666
69.35,U14,Logistic_Regression,0,0,0.9110955948932287
69.35,U14,Decision_Tree_NestedCV,0,4,0.45714285714285713
26.93,U14,Logistic_Regression,3,3,0.5084105574783987
26.93,U14,Decision_Tree_NestedCV,3,3,0.44987775061124696
49.88,NBA,Logistic_Regression,0,0,0.9445526746809094
49.88,NBA,Decision_Tree_NestedCV,0,0,0.9782122905027933
61.5,EURO,Logistic_Regression,0,0,0.9512087134908259
61.5,EURO,Decision_Tree_NestedCV,0,0,0.9782122905027933
45.58,U16,Logistic_Regression,3,3,0.7882041657472008
45.58,U16,Decision_Tree_NestedCV,3,3,0.9130434782608695
75.89,U14,Logistic_Regression,3,3,0.7862274519764788
75.89,U14,Decision_Tree_NestedCV,3,3,0.9130434782608695
86.56,EURO,Logistic_Regression,0,0,0.652618285086364
86.56,EURO,Decision_Tree_NestedCV,0,0,0.44761904761904764
23.85,EURO,Logistic_Regression,0,0,0.9454510253617995
23.85,EURO,Decision_Tree_NestedCV,0,0,0.9782122905027933
70.43,EURO,Logistic_Regression,2,0,0.15476113339461733
70.43,EURO,Decision_Tree_NestedCV,2,0,0.14473684210526316
63.97,NBA,Logistic_Regression,0,0,0.9232459091872177
63.97,NBA,Decision_Tree_NestedCV,0,0,0.9782122905027933
77.76,SLO1,Logistic_Regression,0,3,0.1172423937694021
77.76,SLO1,Decision_Tree_NestedCV,0,3,0.0
53.02,NBA,Logistic_Regression,3,3,0.36175473288953347
53.02,NBA,Decision_Tree_NestedCV,3,3,0.44987775061124696
64.97,EURO,Logistic_Regression,0,0,0.9465901454626816
64.97,EURO,Decision_Tree_NestedCV,0,0,0.9782122905027933
39.84,EURO,Logistic_Regression,0,0,0.9482790192707095
39.84,EURO,Decision_Tree_NestedCV,0,0,0.9782122905027933
46.26,NBA,Logistic_Regression,0,0,0.6023972636449054
46.26,NBA,Decision_Tree_NestedCV,0,2,0.3446153846153846
22.75,U16,Logistic_Regression,4,0,0.0624672050471293
22.75,U16,Decision_Tree_NestedCV,4,0,0.08648648648648649
73.39,SLO1,Logistic_Regression,0,3,0.2403606342435564
73.39,SLO1,Decision_Tree_NestedCV,0,0,0.4457831325301205
56.61,EURO,Logistic_Regression,0,0,0.9488305626925561
56.61,EURO,Decision_Tree_NestedCV,0,0,0.9782122905027933
81.12,NBA,Logistic_Regression,0,0,0.8386895506427353
81.12,NBA,Decision_Tree_NestedCV,0,0,0.9782122905027933
41.7,EURO,Logistic_Regression,2,2,0.4137980764671109
41.7,EURO,Decision_Tree_NestedCV,2,0,0.2777777777777778
4.25,SLO1,Logistic_Regression,2,2,0.4939059679931278
4.25,SLO1,Decision_Tree_NestedCV,2,2,0.48
85.82,U14,Logistic_Regression,0,0,0.8448810561657195
85.82,U14,Decision_Tree_NestedCV,0,0,0.925
6.92,NBA,Logistic_Regression,2,0,0.2872661958503928
6.92,NBA,Decision_Tree_NestedCV,2,2,0.48
50.27,SLO1,Logistic_Regression,5,3,0.05557499563459551
50.27,SLO1,Decision_Tree_NestedCV,5,0,0.0963855421686747
10.88,NBA,Logistic_Regression,3,3,0.7266972437749931
10.88,NBA,Decision_Tree_NestedCV,3,4,0.375
70.35,U16,Logistic_Regression,0,3,0.3267069632784578
70.35,U16,Decision_Tree_NestedCV,0,0,0.52
65.88,NBA,Logistic_Regression,0,0,0.9609106877682065
65.88,NBA,Decision_Tree_NestedCV,0,0,0.9782122905027933
5.28,NBA,Logistic_Regression,0,0,0.7597093982118961
5.28,NBA,Decision_Tree_NestedCV,0,0,0.6363636363636364
72.56,EURO,Logistic_Regression,3,3,0.8078412636940059
72.56,EURO,Decision_Tree_NestedCV,3,3,0.9130434782608695
35.57,NBA,Logistic_Regression,0,0,0.9313828340883367
35.57,NBA,Decision_Tree_NestedCV,0,0,0.9782122905027933
74.54,NBA,Logistic_Regression,0,0,0.9197040197267455
74.54,NBA,Decision_Tree_NestedCV,0,0,0.9782122905027933
85.36,NBA,Logistic_Regression,0,0,0.9381495822547151
85.36,NBA,Decision_Tree_NestedCV,0,0,0.9782122905027933
14.85,NBA,Logistic_Regression,0,0,0.9481701096339242
14.85,NBA,Decision_Tree_NestedCV,0,0,0.9782122905027933
70.27,SLO1,Logistic_Regression,0,0,0.9323043402754058
70.27,SLO1,Decision_Tree_NestedCV,0,0,0.9782122905027933
61.2,NBA,Logistic_Regression,4,0,0.06475888152546042
61.2,NBA,Decision_Tree_NestedCV,4,0,0.01005586592178771
88.63,EURO,Logistic_Regression,0,0,0.9394332904072266
88.63,EURO,Decision_Tree_NestedCV,0,0,0.9782122905027933
77.22,NBA,Logistic_Regression,0,0,0.686989955111223
77.22,NBA,Decision_Tree_NestedCV,0,0,0.44761904761904764
49.11,U14,Logistic_Regression,0,0,0.8743558699085833
49.11,U14,Decision_Tree_NestedCV,0,0,0.925
61.38,NBA,Logistic_Regression,4,4,0.8175270313209293
61.38,NBA,Decision_Tree_NestedCV,4,4,0.9148936170212766
66.54,U14,Logistic_Regression,0,3,0.2455010997114701
66.54,U14,Decision_Tree_NestedCV,0,3,0.21026894865525672
2.51,NBA,Logistic_Regression,0,0,0.9486732021358447
2.51,NBA,Decision_Tree_NestedCV,0,0,0.9782122905027933
28.94,EURO,Logistic_Regression,0,0,0.9483519891167932
28.94,EURO,Decision_Tree_NestedCV,0,0,0.9782122905027933
36.34,SLO1,Logistic_Regression,3,4,0.12478094563304168
36.34,SLO1,Decision_Tree_NestedCV,3,4,0.0425531914893617
60.75,SLO1,Logistic_Regression,0,0,0.9662523055682981
60.75,SLO1,Decision_Tree_NestedCV,0,0,0.9782122905027933
0.56,NBA,Logistic_Regression,0,0,0.9228545443790352
0.56,NBA,Decision_Tree_NestedCV,0,0,0.9782122905027933
57.86,NBA,Logistic_Regression,0,0,0.40836883845932703
57.86,NBA,Decision_Tree_NestedCV,0,2,0.3446153846153846
33.73,SLO1,Logistic_Regression,0,0,0.9651557253272377
33.73,SLO1,Decision_Tree_NestedCV,0,0,0.9782122905027933
23.68,U16,Logistic_Regression,0,0,0.9409452621250577
23.68,U16,Decision_Tree_NestedCV,0,0,0.9135135135135135
29.91,U14,Logistic_Regression,4,3,0.3274960122315358
29.91,U14,Decision_Tree_NestedCV,4,4,0.48623853211009177
8.29,NBA,Logistic_Regression,0,0,0.9310310518166612
8.29,NBA,Decision_Tree_NestedCV,0,0,0.9782122905027933
89.89,EURO,Logistic_Regression,0,0,0.9447844184662433
89.89,EURO,Decision_Tree_NestedCV,0,0,0.9782122905027933
50.23,EURO,Logistic_Regression,0,0,0.9152503410253771
50.23,EURO,Decision_Tree_NestedCV,0,0,0.9782122905027933
51.76,U14,Logistic_Regression,0,0,0.9020870976026035
51.76,U14,Decision_Tree_NestedCV,0,0,0.7803030303030303
53.76,U16,Logistic_Regression,3,3,0.8493612477419517
53.76,U16,Decision_Tree_NestedCV,3,3,0.9130434782608695
60.87,SLO1,Logistic_Regression,5,3,0.017940303175752022
60.87,SLO1,Decision_Tree_NestedCV,5,2,0.003076923076923077
56.54,SLO1,Logistic_Regression,0,0,0.6187925461187578
56.54,SLO1,Decision_Tree_NestedCV,0,0,0.44761904761904764
24.87,SLO1,Logistic_Regression,0,0,0.5087028727878271
24.87,SLO1,Decision_Tree_NestedCV,0,2,0.3446153846153846
62.05,U16,Logistic_Regression,3,3,0.7274811113811239
62.05,U16,Decision_Tree_NestedCV,3,3,0.7529411764705882
65.41,EURO,Logistic_Regression,2,0,0.2904050236662269
65.41,EURO,Decision_Tree_NestedCV,2,2,0.48
62.05,U14,Logistic_Regression,3,3,0.8341333004001767
62.05,U14,Decision_Tree_NestedCV,3,3,0.9130434782608695
43.12,U16,Logistic_Regression,3,3,0.42631337759893034
43.12,U16,Decision_Tree_NestedCV,3,3,0.7529411764705882
54.9,NBA,Logistic_Regression,3,3,0.42211993003610676
54.9,NBA,Decision_Tree_NestedCV,3,3,0.44987775061124696
52.08,U14,Logistic_Regression,3,3,0.5181574257377585
52.08,U14,Decision_Tree_NestedCV,3,3,0.44987775061124696
41.19,NBA,Logistic_Regression,0,0,0.9361905982099297
41.19,NBA,Decision_Tree_NestedCV,0,0,0.9782122905027933
66.51,SLO1,Logistic_Regression,0,0,0.9654069320609344
66.51,SLO1,Decision_Tree_NestedCV,0,0,0.9782122905027933
68.75,U14,Logistic_Regression,4,0,0.08394243870511675
68.75,U14,Decision_Tree_NestedCV,4,4,1.0
18.83,U16,Logistic_Regression,3,3,0.4043030436389548
18.83,U16,Decision_Tree_NestedCV,3,3,0.7529411764705882
39.72,SLO1,Logistic_Regression,0,0,0.9735220633479408
39.72,SLO1,Decision_Tree_NestedCV,0,0,0.9782122905027933
55.01,EURO,Logistic_Regression,0,2,0.28274672184881344
55.01,EURO,Decision_Tree_NestedCV,0,3,0.21026894865525672
52.46,U14,Logistic_Regression,0,0,0.8844547762666459
52.46,U14,Decision_Tree_NestedCV,0,0,0.7803030303030303
0.42,NBA,Logistic_Regression,0,0,0.9522908980399056
0.42,NBA,Decision_Tree_NestedCV,0,0,0.9782122905027933
86.79,U16,Logistic_Regression,0,0,0.9352359847460305
86.79,U16,Decision_Tree_NestedCV,0,0,0.9135135135135135
74.93,EURO,Logistic_Regression,3,3,0.3653897933130833
74.93,EURO,Decision_Tree_NestedCV,3,3,0.44987775061124696
55.92,U16,Logistic_Regression,3,3,0.8449168198683147
55.92,U16,Decision_Tree_NestedCV,3,3,0.5833333333333334
28.44,U16,Logistic_Regression,0,0,0.9314570584892228
28.44,U16,Decision_Tree_NestedCV,0,0,0.9135135135135135
85.21,EURO,Logistic_Regression,3,3,0.8633976609561302
85.21,EURO,Decision_Tree_NestedCV,3,3,0.9130434782608695
62.05,U14,Logistic_Regression,0,0,0.750961648769832
62.05,U14,Decision_Tree_NestedCV,0,0,0.925
42.68,NBA,Logistic_Regression,0,0,0.937369631974131
42.68,NBA,Decision_Tree_NestedCV,0,0,0.9782122905027933
64.02,SLO1,Logistic_Regression,0,0,0.9252015867167415
64.02,SLO1,Decision_Tree_NestedCV,0,0,0.9782122905027933
87.88,U14,Logistic_Regression,0,0,0.8972409439676221
87.88,U14,Decision_Tree_NestedCV,0,4,0.45714285714285713
83.94,EURO,Logistic_Regression,0,0,0.6687473933154297
83.94,EURO,Decision_Tree_NestedCV,0,2,0.3446153846153846
27.87,NBA,Logistic_Regression,3,3,0.5993894509264043
27.87,NBA,Decision_Tree_NestedCV,3,4,0.1834862385321101
68.94,EURO,Logistic_Regression,0,0,0.9421922845913718
68.94,EURO,Decision_Tree_NestedCV,0,0,0.9782122905027933
56.03,SLO1,Logistic_Regression,0,0,0.9665321991099366
56.03,SLO1,Decision_Tree_NestedCV,0,0,0.9782122905027933
48.09,NBA,Logistic_Regression,2,0,0.17379824838470373
48.09,NBA,Decision_Tree_NestedCV,2,0,0.0
89.44,U16,Logistic_Regression,0,0,0.9258683013224256
89.44,U16,Decision_Tree_NestedCV,0,0,0.9135135135135135
76.73,NBA,Logistic_Regression,4,4,0.4109791233488785
76.73,NBA,Decision_Tree_NestedCV,4,4,1.0
64.14,U14,Logistic_Regression,0,3,0.30398717957606153
64.14,U14,Decision_Tree_NestedCV,0,3,0.21026894865525672
58.96,SLO1,Logistic_Regression,3,4,0.3735089906446244
58.96,SLO1,Decision_Tree_NestedCV,3,3,0.8933333333333333
61.09,SLO1,Logistic_Regression,0,0,0.9494772007861255
61.09,SLO1,Decision_Tree_NestedCV,0,0,0.9782122905027933
75.89,NBA,Logistic_Regression,0,0,0.7744415391374437
75.89,NBA,Decision_Tree_NestedCV,0,0,0.8289473684210527
2.88,SLO1,Logistic_Regression,1,2,0.04235069380681202
2.88,SLO1,Decision_Tree_NestedCV,1,2,0.13043478260869565
55.84,EURO,Logistic_Regression,1,2,0.1591814778542933
55.84,EURO,Decision_Tree_NestedCV,1,3,0.11246943765281174
54.7,EURO,Logistic_Regression,0,3,0.19532374872168629
54.7,EURO,Decision_Tree_NestedCV,0,3,0.21026894865525672
8.51,NBA,Logistic_Regression,3,0,0.14642413467159007
8.51,NBA,Decision_Tree_NestedCV,3,2,0.10153846153846154
2.06,NBA,Logistic_Regression,3,0,0.20061022548216018
2.06,NBA,Decision_Tree_NestedCV,3,0,0.06666666666666667
44.34,SLO1,Logistic_Regression,0,0,0.9666685107994316
44.34,SLO1,Decision_Tree_NestedCV,0,0,0.9782122905027933
13.7,NBA,Logistic_Regression,3,0,0.1276925953099261
13.7,NBA,Decision_Tree_NestedCV,3,0,0.06666666666666667
43.26,U16,Logistic_Regression,4,4,0.5234233865795144
43.26,U16,Decision_Tree_NestedCV,4,0,0.0
55.92,EURO,Logistic_Regression,3,3,0.7942384573314968
55.92,EURO,Decision_Tree_NestedCV,3,3,0.8333333333333334
82.73,EURO,Logistic_Regression,0,0,0.9470721899242387
82.73,EURO,Decision_Tree_NestedCV,0,0,0.9782122905027933
49.19,NBA,Logistic_Regression,0,0,0.9541622378862784
49.19,NBA,Decision_Tree_NestedCV,0,0,0.9782122905027933
0.0,SLO1,Logistic_Regression,2,2,0.4652522202054506
0.0,SLO1,Decision_Tree_NestedCV,2,0,0.2777777777777778
59.97,U14,Logistic_Regression,3,3,0.6621047847928585
59.97,U14,Decision_Tree_NestedCV,3,3,0.44987775061124696
13.65,NBA,Logistic_Regression,2,0,0.20440878904776968
13.65,NBA,Decision_Tree_NestedCV,2,0,0.29523809523809524
30.77,NBA,Logistic_Regression,0,0,0.947910336646393
30.77,NBA,Decision_Tree_NestedCV,0,0,0.9782122905027933
29.62,EURO,Logistic_Regression,1,2,0.07186207445663197
29.62,EURO,Decision_Tree_NestedCV,1,3,0.11246943765281174
16.24,U14,Logistic_Regression,4,0,0.07644074991424805
16.24,U14,Decision_Tree_NestedCV,4,4,1.0
21.85,SLO1,Logistic_Regression,0,0,0.9437610044148951
21.85,SLO1,Decision_Tree_NestedCV,0,0,0.9782122905027933
0.54,SLO1,Logistic_Regression,0,0,0.9315679076870642
0.54,SLO1,Decision_Tree_NestedCV,0,0,0.9782122905027933
34.57,NBA,Logistic_Regression,0,0,0.9178985964423475
34.57,NBA,Decision_Tree_NestedCV,0,0,0.9782122905027933
59.62,SLO1,Logistic_Regression,4,0,0.02338217181040557
59.62,SLO1,Decision_Tree_NestedCV,4,2,0.04923076923076923
88.78,SLO1,Logistic_Regression,0,0,0.9646033557904735
88.78,SLO1,Decision_Tree_NestedCV,0,0,0.9782122905027933
53.65,SLO1,Logistic_Regression,3,0,0.0655478144400691
53.65,SLO1,Decision_Tree_NestedCV,3,0,0.02631578947368421
17.58,EURO,Logistic_Regression,0,0,0.9497756529193947
17.58,EURO,Decision_Tree_NestedCV,0,0,0.9782122905027933
73.88,U14,Logistic_Regression,4,3,0.194886806170533
73.88,U14,Decision_Tree_NestedCV,4,3,0.08695652173913043
74.93,EURO,Logistic_Regression,3,3,0.7870460812660872
74.93,EURO,Decision_Tree_NestedCV,3,3,0.9130434782608695
29.1,SLO1,Logistic_Regression,0,0,0.9438025708705611
29.1,SLO1,Decision_Tree_NestedCV,0,0,0.9782122905027933
1.03,NBA,Logistic_Regression,0,0,0.9336354233052737
1.03,NBA,Decision_Tree_NestedCV,0,0,0.9782122905027933
70.14,U14,Logistic_Regression,3,3,0.5066448339561324
70.14,U14,Decision_Tree_NestedCV,3,3,0.44987775061124696
7.32,U14,Logistic_Regression,3,3,0.8048881780366669
7.32,U14,Decision_Tree_NestedCV,3,3,1.0
58.14,SLO1,Logistic_Regression,2,2,0.33086280699308346
58.14,SLO1,Decision_Tree_NestedCV,2,0,0.2777777777777778
33.84,EURO,Logistic_Regression,0,0,0.9536345728298896
33.84,EURO,Decision_Tree_NestedCV,0,0,0.9782122905027933
49.73,NBA,Logistic_Regression,0,0,0.5716651275521597
49.73,NBA,Decision_Tree_NestedCV,0,2,0.3446153846153846
81.78,NBA,Logistic_Regression,0,0,0.9434809260497536
81.78,NBA,Decision_Tree_NestedCV,0,0,0.9782122905027933
46.04,EURO,Logistic_Regression,0,0,0.9535302859308135
46.04,EURO,Decision_Tree_NestedCV,0,0,0.9782122905027933
64.95,NBA,Logistic_Regression,0,0,0.940126208306108
64.95,NBA,Decision_Tree_NestedCV,0,0,0.9782122905027933
20.31,EURO,Logistic_Regression,4,3,0.11603694302599908
20.31,EURO,Decision_Tree_NestedCV,4,3,0.13333333333333333
13.18,EURO,Logistic_Regression,0,2,0.42732350667665575
13.18,EURO,Decision_Tree_NestedCV,0,2,0.3446153846153846
16.13,U14,Logistic_Regression,0,0,0.9188968303639273
16.13,U14,Decision_Tree_NestedCV,0,0,0.7803030303030303
50.14,NBA,Logistic_Regression,0,0,0.8405531762075451
50.14,NBA,Decision_Tree_NestedCV,0,0,0.9782122905027933
66.32,U14,Logistic_Regression,4,0,0.09958596056817169
66.32,U14,Decision_Tree_NestedCV,4,4,0.5428571428571428
41.2,NBA,Logistic_Regression,3,3,0.7882891332409554
41.2,NBA,Decision_Tree_NestedCV,3,3,0.8333333333333334
65.9,EURO,Logistic_Regression,0,0,0.9493606440825512
65.9,EURO,Decision_Tree_NestedCV,0,0,0.9782122905027933
0.0,SLO1,Logistic_Regression,2,0,0.42306524003065077
0.0,SLO1,Decision_Tree_NestedCV,2,2,0.48
56.99,NBA,Logistic_Regression,0,0,0.9135972896670279
56.99,NBA,Decision_Tree_NestedCV,0,0,0.9782122905027933
64.77,EURO,Logistic_Regression,4,0,0.2857235868703353
64.77,EURO,Decision_Tree_NestedCV,4,4,0.48623853211009177
27.79,EURO,Logistic_Regression,0,0,0.6261742887898538
27.79,EURO,Decision_Tree_NestedCV,0,0,0.44761904761904764
18.1,U16,Logistic_Regression,0,0,0.777199061259957
18.1,U16,Decision_Tree_NestedCV,0,0,0.6363636363636364
30.57,NBA,Logistic_Regression,0,0,0.9523524318874722
30.57,NBA,Decision_Tree_NestedCV,0,0,0.9782122905027933
1.72,SLO1,Logistic_Regression,0,0,0.9620896968246125
1.72,SLO1,Decision_Tree_NestedCV,0,0,0.9782122905027933
50.61,NBA,Logistic_Regression,0,0,0.4273579466905942
50.61,NBA,Decision_Tree_NestedCV,0,2,0.3446153846153846
88.79,SLO1,Logistic_Regression,0,0,0.9668608487708784
88.79,SLO1,Decision_Tree_NestedCV,0,0,0.9782122905027933
72.46,NBA,Logistic_Regression,0,0,0.9294604653996771
72.46,NBA,Decision_Tree_NestedCV,0,0,0.9782122905027933
60.24,SLO1,Logistic_Regression,0,0,0.9512959684470531
60.24,SLO1,Decision_Tree_NestedCV,0,0,0.9782122905027933
62.05,U14,Logistic_Regression,3,3,0.8276731672361188
62.05,U14,Decision_Tree_NestedCV,3,3,0.9130434782608695
53.16,SLO1,Logistic_Regression,4,0,0.027262810794985246
53.16,SLO1,Decision_Tree_NestedCV,4,0,0.01005586592178771
30.14,NBA,Logistic_Regression,1,1,0.3658384605854384
30.14,NBA,Decision_Tree_NestedCV,1,2,0.021538461538461538
68.72,EURO,Logistic_Regression,3,0,0.27025688416199917
68.72,EURO,Decision_Tree_NestedCV,3,0,0.28
24.69,NBA,Logistic_Regression,0,0,0.7481258612335336
24.69,NBA,Decision_Tree_NestedCV,0,0,0.8289473684210527
4.1,U16,Logistic_Regression,0,0,0.5102331449776798
4.1,U16,Decision_Tree_NestedCV,0,0,0.44761904761904764
58.72,NBA,Logistic_Regression,0,0,0.9457176496656382
58.72,NBA,Decision_Tree_NestedCV,0,0,0.9782122905027933
21.06,U14,Logistic_Regression,3,3,0.7303537814794173
21.06,U14,Decision_Tree_NestedCV,3,3,0.6222222222222222
86.75,NBA,Logistic_Regression,0,0,0.9500433993783218
86.75,NBA,Decision_Tree_NestedCV,0,0,0.9782122905027933
12.25,EURO,Logistic_Regression,0,2,0.21520055245072042
12.25,EURO,Decision_Tree_NestedCV,0,3,0.21026894865525672
58.92,EURO,Logistic_Regression,0,0,0.9509036966142622
58.92,EURO,Decision_Tree_NestedCV,0,0,0.9782122905027933
19.42,U16,Logistic_Regression,2,0,0.2735797316247002
19.42,U16,Decision_Tree_NestedCV,2,0,0.2777777777777778
7.33,U14,Logistic_Regression,0,0,0.8987170412418839
7.33,U14,Decision_Tree_NestedCV,0,0,0.925
26.76,U14,Logistic_Regression,0,0,0.8803781407182906
26.76,U14,Decision_Tree_NestedCV,0,0,0.7803030303030303
51.43,EURO,Logistic_Regression,0,0,0.9416490872053477
51.43,EURO,Decision_Tree_NestedCV,0,0,0.9782122905027933
42.12,NBA,Logistic_Regression,0,0,0.9521974225248027
42.12,NBA,Decision_Tree_NestedCV,0,0,0.9781267526640494
56.51,SLO1,Logistic_Regression,3,3,0.5326737013996653
56.51,SLO1,Decision_Tree_NestedCV,3,3,0.88
75.89,EURO,Logistic_Regression,2,3,0.24847371586128225
75.89,EURO,Decision_Tree_NestedCV,2,3,0.08762886597938144
11.98,SLO1,Logistic_Regression,0,2,0.25921900153101696
11.98,SLO1,Decision_Tree_NestedCV,0,0,0.4230769230769231
39.73,EURO,Logistic_Regression,0,0,0.9474244376419492
39.73,EURO,Decision_Tree_NestedCV,0,0,0.9781267526640494
26.61,SLO1,Logistic_Regression,4,3,0.45219685344483707
26.61,SLO1,Decision_Tree_NestedCV,4,3,0.04
33.07,SLO1,Logistic_Regression,3,3,0.8147316783052667
33.07,SLO1,Decision_Tree_NestedCV,3,3,0.52
34.32,NBA,Logistic_Regression,0,0,0.9446249047455145
34.32,NBA,Decision_Tree_NestedCV,0,0,0.9781267526640494
72.56,U16,Logistic_Regression,3,3,0.6165438246227051
72.56,U16,Decision_Tree_NestedCV,3,3,0.775
38.52,U14,Logistic_Regression,3,3,0.4910261366326678
38.52,U14,Decision_Tree_NestedCV,3,3,0.45618556701030927
31.55,U16,Logistic_Regression,4,4,0.5496400604973246
31.55,U16,Decision_Tree_NestedCV,4,4,0.875
26.4,NBA,Logistic_Regression,0,0,0.9325840219416597
26.4,NBA,Decision_Tree_NestedCV,0,0,0.9781267526640494
29.04,EURO,Logistic_Regression,3,3,0.7433869636142242
29.04,EURO,Decision_Tree_NestedCV,3,3,0.52
42.05,SLO1,Logistic_Regression,0,0,0.9573001302322353
42.05,SLO1,Decision_Tree_NestedCV,0,0,0.9781267526640494
47.18,U16,Logistic_Regression,0,3,0.11858998757493294
47.18,U16,Decision_Tree_NestedCV,0,0,0.5666666666666667
74.66,NBA,Logistic_Regression,0,0,0.9339761625030252
74.66,NBA,Decision_Tree_NestedCV,0,0,0.9781267526640494
28.27,SLO1,Logistic_Regression,4,0,0.10645223447528145
28.27,SLO1,Decision_Tree_NestedCV,4,0,0.11926605504587157
55.12,NBA,Logistic_Regression,4,0,0.2061815982766603
55.12,NBA,Decision_Tree_NestedCV,4,0,0.11926605504587157
89.06,EURO,Logistic_Regression,0,0,0.6408978548138051
89.06,EURO,Decision_Tree_NestedCV,0,2,0.3493975903614458
41.72,EURO,Logistic_Regression,0,0,0.7993567021874275
41.72,EURO,Decision_Tree_NestedCV,0,0,0.813953488372093
47.53,NBA,Logistic_Regression,0,0,0.9523846167847315
47.53,NBA,Decision_Tree_NestedCV,0,0,0.9781267526640494
35.72,NBA,Logistic_Regression,4,0,0.0500381475156366
35.72,NBA,Decision_Tree_NestedCV,4,0,0.011777902411665733
58.33,U14,Logistic_Regression,0,3,0.21085440282195547
58.33,U14,Decision_Tree_NestedCV,0,3,0.19072164948453607
58.4,U16,Logistic_Regression,4,3,0.46611177220470773
58.4,U16,Decision_Tree_NestedCV,4,4,0.703125
81.5,NBA,Logistic_Regression,2,0,0.09956677803656508
81.5,NBA,Decision_Tree_NestedCV,2,0,0.2535211267605634
6.73,NBA,Logistic_Regression,0,0,0.9472846799797087
6.73,NBA,Decision_Tree_NestedCV,0,0,0.9781267526640494
20.95,SLO1,Logistic_Regression,0,0,0.8548170499180792
20.95,SLO1,Decision_Tree_NestedCV,0,0,0.9781267526640494
86.75,EURO,Logistic_Regression,4,0,0.036107322043607316
86.75,EURO,Decision_Tree_NestedCV,4,2,0.04216867469879518
37.54,NBA,Logistic_Regression,0,0,0.9438939989297779
37.54,NBA,Decision_Tree_NestedCV,0,0,0.9781267526640494
3.39,NBA,Logistic_Regression,0,0,0.8947027258075241
3.39,NBA,Decision_Tree_NestedCV,0,0,0.9781267526640494
79.32,NBA,Logistic_Regression,0,0,0.9524996313741977
79.32,NBA,Decision_Tree_NestedCV,0,0,0.9781267526640494
71.12,EURO,Logistic_Regression,4,0,0.4455114345239649
71.12,EURO,Decision_Tree_NestedCV,4,4,0.9523809523809523
17.97,U14,Logistic_Regression,0,0,0.8809872367711451
17.97,U14,Decision_Tree_NestedCV,0,0,0.7753623188405797
3.52,NBA,Logistic_Regression,0,0,0.9308311349345199
3.52,NBA,Decision_Tree_NestedCV,0,0,0.9781267526640494
40.97,U16,Logistic_Regression,0,0,0.5219043999109241
40.97,U16,Decision_Tree_NestedCV,0,0,0.8
83.69,EURO,Logistic_Regression,4,0,0.09250896293524599
83.69,EURO,Decision_Tree_NestedCV,4,2,0.04216867469879518
84.09,EURO,Logistic_Regression,0,0,0.9015247731405157
84.09,EURO,Decision_Tree_NestedCV,0,0,0.9781267526640494
61.25,NBA,Logistic_Regression,0,0,0.9519791449605541
61.25,NBA,Decision_Tree_NestedCV,0,0,0.9781267526640494
44.04,U14,Logistic_Regression,3,4,0.3424510508930717
44.04,U14,Decision_Tree_NestedCV,3,4,0.0625
2.16,U14,Logistic_Regression,0,0,0.898367764608019
2.16,U14,Decision_Tree_NestedCV,0,0,0.7753623188405797
83.5,NBA,Logistic_Regression,0,0,0.9508879055498163
83.5,NBA,Decision_Tree_NestedCV,0,0,0.9781267526640494
43.47,SLO1,Logistic_Regression,0,0,0.9635057015404433
43.47,SLO1,Decision_Tree_NestedCV,0,0,0.9781267526640494
57.29,U16,Logistic_Regression,3,3,0.5776401420033775
57.29,U16,Decision_Tree_NestedCV,3,3,0.775
18.11,EURO,Logistic_Regression,0,0,0.9484063157428398
18.11,EURO,Decision_Tree_NestedCV,0,0,0.9781267526640494
58.33,EURO,Logistic_Regression,3,3,0.7974682418155182
58.33,EURO,Decision_Tree_NestedCV,3,3,0.9191489361702128
68.3,U16,Logistic_Regression,3,3,0.6378118815433121
68.3,U16,Decision_Tree_NestedCV,3,3,0.775
34.6,SLO1,Logistic_Regression,2,2,0.34950116545430504
34.6,SLO1,Decision_Tree_NestedCV,2,0,0.22297297297297297
54.15,U14,Logistic_Regression,3,3,0.7712322595723262
54.15,U14,Decision_Tree_NestedCV,3,3,0.9191489361702128
56.73,U16,Logistic_Regression,3,3,0.7141357037975694
56.73,U16,Decision_Tree_NestedCV,3,0,0.2
5.89,NBA,Logistic_Regression,0,0,0.9255542203239218
5.89,NBA,Decision_Tree_NestedCV,0,0,0.9781267526640494
89.37,SLO1,Logistic_Regression,4,0,0.32527582379411296
89.37,SLO1,Decision_Tree_NestedCV,4,3,0.3333333333333333
87.01,EURO,Logistic_Regression,0,0,0.9512338284767825
87.01,EURO,Decision_Tree_NestedCV,0,0,0.9781267526640494
12.25,U14,Logistic_Regression,3,3,0.5000420735521218
12.25,U14,Decision_Tree_NestedCV,3,3,0.45618556701030927
46.53,SLO1,Logistic_Regression,3,3,0.7007263833588065
46.53,SLO1,Decision_Tree_NestedCV,3,3,0.88
40.74,U14,Logistic_Regression,4,4,0.7146743749276877
40.74,U14,Decision_Tree_NestedCV,4,3,0.0
57.54,NBA,Logistic_Regression,0,0,0.9321010217132601
57.54,NBA,Decision_Tree_NestedCV,0,0,0.9781267526640494
81.18,U14,Logistic_Regression,4,0,0.11941756678455392
81.18,U14,Decision_Tree_NestedCV,4,0,0.47368421052631576
34.43,SLO1,Logistic_Regression,0,0,0.9615243432691023
34.43,SLO1,Decision_Tree_NestedCV,0,0,0.9781267526640494
71.09,U14,Logistic_Regression,3,3,0.8250017175569941
71.09,U14,Decision_Tree_NestedCV,3,3,0.9191489361702128
66.63,SLO1,Logistic_Regression,0,0,0.39118719038590677
66.63,SLO1,Decision_Tree_NestedCV,0,2,0.3493975903614458
71.17,EURO,Logistic_Regression,3,3,0.79775884350956
71.17,EURO,Decision_Tree_NestedCV,3,3,0.9191489361702128
64.14,SLO1,Logistic_Regression,0,3,0.16566243046171092
64.14,SLO1,Decision_Tree_NestedCV,0,0,0.4230769230769231
64.58,SLO1,Logistic_Regression,0,0,0.7594801904740979
64.58,SLO1,Decision_Tree_NestedCV,0,0,0.813953488372093
7.95,SLO1,Logistic_Regression,0,0,0.9239691821681146
7.95,SLO1,Decision_Tree_NestedCV,0,0,0.9781267526640494
66.54,U16,Logistic_Regression,3,3,0.8908417510518393
66.54,U16,Decision_Tree_NestedCV,3,3,0.9191489361702128
28.04,NBA,Logistic_Regression,0,0,0.945975026518134
28.04,NBA,Decision_Tree_NestedCV,0,0,0.9781267526640494
60.52,U16,Logistic_Regression,3,3,0.6375256563441837
60.52,U16,Decision_Tree_NestedCV,3,3,0.775
44.93,EURO,Logistic_Regression,0,0,0.9439043202660283
44.93,EURO,Decision_Tree_NestedCV,0,0,0.9781267526640494
67.57,EURO,Logistic_Regression,5,3,0.0647781699436174
67.57,EURO,Decision_Tree_NestedCV,5,3,0.08505154639175258
87.88,SLO1,Logistic_Regression,0,0,0.9615922600378797
87.88,SLO1,Decision_Tree_NestedCV,0,0,0.9781267526640494
51.01,EURO,Logistic_Regression,0,0,0.9506313677421973
51.01,EURO,Decision_Tree_NestedCV,0,0,0.9781267526640494
53.68,EURO,Logistic_Regression,2,0,0.30029038404669134
53.68,EURO,Decision_Tree_NestedCV,2,2,0.47289156626506024
30.52,EURO,Logistic_Regression,5,2,0.19120918064611786
30.52,EURO,Decision_Tree_NestedCV,5,3,0.08505154639175258
53.21,EURO,Logistic_Regression,0,0,0.9212422225706272
53.21,EURO,Decision_Tree_NestedCV,0,0,0.9781267526640494
79.19,EURO,Logistic_Regression,2,0,0.25867165324512825
79.19,EURO,Decision_Tree_NestedCV,2,2,0.47289156626506024
17.75,SLO1,Logistic_Regression,5,2,0.03720471319977412
17.75,SLO1,Decision_Tree_NestedCV,5,0,0.02702702702702703
18.25,SLO1,Logistic_Regression,0,0,0.9609084463612139
18.25,SLO1,Decision_Tree_NestedCV,0,0,0.9781267526640494
24.15,SLO1,Logistic_Regression,1,2,0.11383354377071127
24.15,SLO1,Decision_Tree_NestedCV,1,0,0.11486486486486487
28.67,NBA,Logistic_Regression,0,0,0.9516040651382355
28.67,NBA,Decision_Tree_NestedCV,0,0,0.9781267526640494
89.04,U16,Logistic_Regression,2,3,0.09005848257714963
89.04,U16,Decision_Tree_NestedCV,2,3,0.05
62.28,EURO,Logistic_Regression,3,3,0.8650666756608962
62.28,EURO,Decision_Tree_NestedCV,3,3,0.851063829787234
73.08,SLO1,Logistic_Regression,3,3,0.3595951437711948
73.08,SLO1,Decision_Tree_NestedCV,3,0,0.22297297297297297
72.56,EURO,Logistic_Regression,3,3,0.8742217133916094
72.56,EURO,Decision_Tree_NestedCV,3,3,0.851063829787234
33.49,NBA,Logistic_Regression,2,0,0.22398669540445287
33.49,NBA,Decision_Tree_NestedCV,2,2,0.47289156626506024
72.1,SLO1,Logistic_Regression,0,3,0.10431963899275894
72.1,SLO1,Decision_Tree_NestedCV,0,0,0.3333333333333333
55.65,U14,Logistic_Regression,0,0,0.8766333383540038
55.65,U14,Decision_Tree_NestedCV,0,0,0.9294117647058824
72.34,SLO1,Logistic_Regression,0,3,0.2109863464871896
72.34,SLO1,Decision_Tree_NestedCV,0,0,0.4230769230769231
33.5,EURO,Logistic_Regression,0,0,0.9464833567806842
33.5,EURO,Decision_Tree_NestedCV,0,0,0.9781267526640494
5.57,SLO1,Logistic_Regression,0,0,0.9631537909308675
5.57,SLO1,Decision_Tree_NestedCV,0,0,0.9781267526640494
3.36,NBA,Logistic_Regression,0,0,0.9508306727327329
3.36,NBA,Decision_Tree_NestedCV,0,0,0.9781267526640494
0.0,U16,Logistic_Regression,4,3,0.3689011717514269
0.0,U16,Decision_Tree_NestedCV,4,0,0.23333333333333334
83.87,NBA,Logistic_Regression,0,0,0.7909413987327675
83.87,NBA,Decision_Tree_NestedCV,0,0,0.7464788732394366
59.45,NBA,Logistic_Regression,3,3,0.4306743967318735
59.45,NBA,Decision_Tree_NestedCV,3,3,0.45618556701030927
42.78,U16,Logistic_Regression,3,3,0.5187841991350169
42.78,U16,Decision_Tree_NestedCV,3,3,0.775
24.05,NBA,Logistic_Regression,0,0,0.6699294332589079
24.05,NBA,Decision_Tree_NestedCV,0,0,0.47706422018348627
65.81,SLO1,Logistic_Regression,2,0,0.24836805044551988
65.81,SLO1,Decision_Tree_NestedCV,2,2,0.47289156626506024
52.4,SLO1,Logistic_Regression,4,0,0.03139224654433713
52.4,SLO1,Decision_Tree_NestedCV,4,0,0.11926605504587157
4.55,NBA,Logistic_Regression,1,1,0.5275042435974349
4.55,NBA,Decision_Tree_NestedCV,1,3,0.13402061855670103
72.34,EURO,Logistic_Regression,3,3,0.3289756849975436
72.34,EURO,Decision_Tree_NestedCV,3,3,0.45618556701030927
3.98,U14,Logistic_Regression,0,0,0.8749110229546192
3.98,U14,Decision_Tree_NestedCV,0,0,0.9294117647058824
9.22,NBA,Logistic_Regression,1,0,0.044132867865519454
9.22,NBA,Decision_Tree_NestedCV,1,0,0.01834862385321101
53.94,SLO1,Logistic_Regression,0,0,0.9451814299640303
53.94,SLO1,Decision_Tree_NestedCV,0,0,0.9781267526640494
54.36,EURO,Logistic_Regression,0,0,0.9450427106173245
54.36,EURO,Decision_Tree_NestedCV,0,0,0.9781267526640494
26.64,EURO,Logistic_Regression,2,0,0.2981458728645228
26.64,EURO,Decision_Tree_NestedCV,2,0,0.28440366972477066
52.99,U14,Logistic_Regression,0,0,0.5728214842438509
52.99,U14,Decision_Tree_NestedCV,0,0,0.7868852459016393
82.61,SLO1,Logistic_Regression,0,0,0.9584282955033712
82.61,SLO1,Decision_Tree_NestedCV,0,0,0.9781267526640494
87.06,SLO1,Logistic_Regression,0,0,0.9315248201525256
87.06,SLO1,Decision_Tree_NestedCV,0,0,0.9781267526640494
8.55,NBA,Logistic_Regression,0,0,0.8956338253380978
8.55,NBA,Decision_Tree_NestedCV,0,0,0.9781267526640494
68.3,U14,Logistic_Regression,3,3,0.5598387644102502
68.3,U14,Decision_Tree_NestedCV,3,3,0.45618556701030927
13.01,EURO,Logistic_Regression,2,0,0.35807705192593536
13.01,EURO,Decision_Tree_NestedCV,2,2,0.47289156626506024
80.43,U14,Logistic_Regression,0,0,0.8519324540305907
80.43,U14,Decision_Tree_NestedCV,0,0,0.9294117647058824
56.04,SLO1,Logistic_Regression,0,0,0.44732944795672736
56.04,SLO1,Decision_Tree_NestedCV,0,0,0.47706422018348627
29.62,SLO1,Logistic_Regression,3,0,0.19615461571483514
29.62,SLO1,Decision_Tree_NestedCV,3,3,0.88
18.57,NBA,Logistic_Regression,0,0,0.9523413495673053
18.57,NBA,Decision_Tree_NestedCV,0,0,0.9781267526640494
66.54,U14,Logistic_Regression,3,3,0.766213862222493
66.54,U14,Decision_Tree_NestedCV,3,3,0.9191489361702128
22.13,SLO1,Logistic_Regression,0,0,0.960176880110236
22.13,SLO1,Decision_Tree_NestedCV,0,0,0.9781267526640494
33.33,SLO1,Logistic_Regression,0,0,0.937701805597348
33.33,SLO1,Decision_Tree_NestedCV,0,0,0.9781267526640494
28.82,SLO1,Logistic_Regression,0,0,0.8758837037758951
28.82,SLO1,Decision_Tree_NestedCV,0,0,0.9781267526640494
45.13,SLO1,Logistic_Regression,2,0,0.2951361502052623
45.13,SLO1,Decision_Tree_NestedCV,2,2,0.47289156626506024
6.35,EURO,Logistic_Regression,2,0,0.4012588435843156
6.35,EURO,Decision_Tree_NestedCV,2,2,0.47289156626506024
0.0,SLO1,Logistic_Regression,3,0,0.18943785443777386
0.0,SLO1,Decision_Tree_NestedCV,3,4,0.0
83.79,SLO1,Logistic_Regression,0,0,0.9280248124475361
83.79,SLO1,Decision_Tree_NestedCV,0,0,0.9781267526640494
50.47,SLO1,Logistic_Regression,0,0,0.960691484415411
50.47,SLO1,Decision_Tree_NestedCV,0,0,0.9781267526640494
29.46,EURO,Logistic_Regression,0,0,0.9456919588981654
29.46,EURO,Decision_Tree_NestedCV,0,0,0.9781267526640494
2.72,U14,Logistic_Regression,0,0,0.794884128394801
2.72,U14,Decision_Tree_NestedCV,0,0,0.6
16.45,NBA,Logistic_Regression,5,0,0.017532920394778218
16.45,NBA,Decision_Tree_NestedCV,5,2,0.006024096385542169
72.17,NBA,Logistic_Regression,0,0,0.9388987183671625
72.17,NBA,Decision_Tree_NestedCV,0,0,0.9781267526640494
75.03,SLO1,Logistic_Regression,0,0,0.878525546899638
75.03,SLO1,Decision_Tree_NestedCV,0,0,0.9781267526640494
56.45,NBA,Logistic_Regression,0,0,0.6291536251171543
56.45,NBA,Decision_Tree_NestedCV,0,2,0.3493975903614458
84.85,EURO,Logistic_Regression,0,0,0.9518461574080135
84.85,EURO,Decision_Tree_NestedCV,0,0,0.9781267526640494
41.17,U16,Logistic_Regression,0,0,0.44989928212360075
41.17,U16,Decision_Tree_NestedCV,0,0,0.47706422018348627
30.82,U16,Logistic_Regression,0,0,0.9144257594394607
30.82,U16,Decision_Tree_NestedCV,0,0,0.888268156424581
56.0,U16,Logistic_Regression,4,3,0.19734425942584574
56.0,U16,Decision_Tree_NestedCV,4,0,0.23333333333333334
48.37,NBA,Logistic_Regression,3,3,0.346755442232924
48.37,NBA,Decision_Tree_NestedCV,3,3,0.45618556701030927
8.47,NBA,Logistic_Regression,0,0,0.7249861050947431
8.47,NBA,Decision_Tree_NestedCV,0,2,0.3493975903614458
72.34,EURO,Logistic_Regression,3,3,0.7875569425446106
72.34,EURO,Decision_Tree_NestedCV,3,3,0.8472222222222222
41.0,NBA,Logistic_Regression,0,0,0.9275080046210387
41.0,NBA,Decision_Tree_NestedCV,0,0,0.9781267526640494
49.43,EURO,Logistic_Regression,0,0,0.9514377519263717
49.43,EURO,Decision_Tree_NestedCV,0,0,0.9781267526640494
83.48,SLO1,Logistic_Regression,0,0,0.8704833537462904
83.48,SLO1,Decision_Tree_NestedCV,0,0,0.9781267526640494
29.72,NBA,Logistic_Regression,0,0,0.9458954179341038
29.72,NBA,Decision_Tree_NestedCV,0,0,0.9781267526640494
52.4,NBA,Logistic_Regression,0,0,0.9444782736106467
52.4,NBA,Decision_Tree_NestedCV,0,0,0.9781267526640494
77.03,U16,Logistic_Regression,3,3,0.6742199421927437
77.03,U16,Decision_Tree_NestedCV,3,3,0.775
52.31,SLO1,Logistic_Regression,4,0,0.01952207236347949
52.31,SLO1,Decision_Tree_NestedCV,4,2,0.04216867469879518
59.42,EURO,Logistic_Regression,4,4,0.6303916037900313
59.42,EURO,Decision_Tree_NestedCV,4,4,0.703125
14.86,U16,Logistic_Regression,4,3,0.23471002156190393
14.86,U16,Decision_Tree_NestedCV,4,0,0.23333333333333334
4.84,EURO,Logistic_Regression,0,2,0.11881451465426551
4.84,EURO,Decision_Tree_NestedCV,0,3,0.19072164948453607
54.28,NBA,Logistic_Regression,4,0,0.17166996498687773
54.28,NBA,Decision_Tree_NestedCV,4,2,0.04216867469879518
56.92,SLO1,Logistic_Regression,0,0,0.795512631913534
56.92,SLO1,Decision_Tree_NestedCV,0,0,0.813953488372093
71.44,U16,Logistic_Regression,0,0,0.9272115189231607
71.44,U16,Decision_Tree_NestedCV,0,0,0.888268156424581
84.92,U14,Logistic_Regression,0,0,0.8576928926362213
84.92,U14,Decision_Tree_NestedCV,0,0,0.9294117647058824
62.05,U14,Logistic_Regression,3,3,0.78157056658291
62.05,U14,Decision_Tree_NestedCV,3,3,0.9191489361702128
72.56,EURO,Logistic_Regression,0,3,0.2131333480439139
72.56,EURO,Decision_Tree_NestedCV,0,3,0.19072164948453607
75.16,U14,Logistic_Regression,4,0,0.11783134694294516
75.16,U14,Decision_Tree_NestedCV,4,0,0.47368421052631576
45.76,SLO1,Logistic_Regression,2,3,0.27651724133240274
45.76,SLO1,Decision_Tree_NestedCV,2,0,0.28205128205128205
6.84,U16,Logistic_Regression,0,0,0.912846054648427
6.84,U16,Decision_Tree_NestedCV,0,0,0.888268156424581
35.16,NBA,Logistic_Regression,0,0,0.9442038322069765
35.16,NBA,Decision_Tree_NestedCV,0,0,0.9781267526640494
42.55,NBA,Logistic_Regression,0,0,0.9184897626331548
42.55,NBA,Decision_Tree_NestedCV,0,0,0.9781267526640494
45.24,SLO1,Logistic_Regression,0,0,0.9604192080968826
45.24,SLO1,Decision_Tree_NestedCV,0,0,0.9781267526640494
38.06,SLO1,Logistic_Regression,0,0,0.961763272471326
38.06,SLO1,Decision_Tree_NestedCV,0,0,0.9781267526640494
56.02,U16,Logistic_Regression,0,0,0.912792101976217
56.02,U16,Decision_Tree_NestedCV,0,0,0.888268156424581
66.68,EURO,Logistic_Regression,0,0,0.9518871881800858
66.68,EURO,Decision_Tree_NestedCV,0,0,0.9781267526640494
47.75,U14,Logistic_Regression,0,3,0.3608252470234984
47.75,U14,Decision_Tree_NestedCV,0,3,0.19072164948453607
49.52,SLO1,Logistic_Regression,0,0,0.9638513011778541
49.52,SLO1,Decision_Tree_NestedCV,0,0,0.9781267526640494
0.0,EURO,Logistic_Regression,0,0,0.4932622567881086
0.0,EURO,Decision_Tree_NestedCV,0,2,0.3493975903614458
20.25,EURO,Logistic_Regression,0,0,0.9489927811511016
20.25,EURO,Decision_Tree_NestedCV,0,0,0.9781267526640494
31.97,U14,Logistic_Regression,0,3,0.10599085755315552
31.97,U14,Decision_Tree_NestedCV,0,3,0.32
75.62,NBA,Logistic_Regression,0,0,0.943824377708154
75.62,NBA,Decision_Tree_NestedCV,0,0,0.9781267526640494
52.99,SLO1,Logistic_Regression,5,3,0.11781394748921961
52.99,SLO1,Decision_Tree_NestedCV,5,0,0.07692307692307693
43.36,SLO1,Logistic_Regression,3,2,0.24760471574683124
43.36,SLO1,Decision_Tree_NestedCV,3,0,0.22297297297297297
34.08,EURO,Logistic_Regression,0,0,0.9502912076403628
34.08,EURO,Decision_Tree_NestedCV,0,0,0.9781267526640494
50.47,NBA,Logistic_Regression,0,3,0.11194722383350236
50.47,NBA,Decision_Tree_NestedCV,0,3,0.05555555555555555
60.7,EURO,Logistic_Regression,0,0,0.539163984542448
60.7,EURO,Decision_Tree_NestedCV,0,2,0.3493975903614458
89.49,EURO,Logistic_Regression,0,0,0.9018387116663756
89.49,EURO,Decision_Tree_NestedCV,0,0,0.9781267526640494
23.0,SLO1,Logistic_Regression,2,2,0.42909918799970753
23.0,SLO1,Decision_Tree_NestedCV,2,0,0.22297297297297297
20.59,U16,Logistic_Regression,0,0,0.9155730838078278
20.59,U16,Decision_Tree_NestedCV,0,0,0.888268156424581
47.94,NBA,Logistic_Regression,0,0,0.9359167842367485
47.94,NBA,Decision_Tree_NestedCV,0,0,0.9781267526640494
87.14,NBA,Logistic_Regression,0,0,0.9514869048453651
87.14,NBA,Decision_Tree_NestedCV,0,0,0.9781267526640494
4.95,NBA,Logistic_Regression,3,3,0.23965567136263605
4.95,NBA,Decision_Tree_NestedCV,3,3,0.45618556701030927
71.09,U14,Logistic_Regression,3,3,0.7851830916408824
71.09,U14,Decision_Tree_NestedCV,3,3,0.851063829787234
75.89,EURO,Logistic_Regression,1,3,0.27332863819193803
75.89,EURO,Decision_Tree_NestedCV,1,3,0.13402061855670103
69.7,SLO1,Logistic_Regression,2,0,0.005734198183438249
69.7,SLO1,Decision_Tree_NestedCV,2,0,0.008412787436904094
32.31,NBA,Logistic_Regression,0,0,0.9427567651477351
32.31,NBA,Decision_Tree_NestedCV,0,0,0.9781267526640494
16.34,U14,Logistic_Regression,0,0,0.4974676962327497
16.34,U14,Decision_Tree_NestedCV,0,0,0.7868852459016393
6.7,NBA,Logistic_Regression,0,2,0.31643399050906473
6.7,NBA,Decision_Tree_NestedCV,0,4,0.3076923076923077
45.79,U16,Logistic_Regression,0,0,0.9166433922191847
45.79,U16,Decision_Tree_NestedCV,0,0,0.888268156424581
89.45,EURO,Logistic_Regression,3,0,7.229369805118296e-05
89.45,EURO,Decision_Tree_NestedCV,3,0,0.0016825574873808188
80.02,EURO,Logistic_Regression,3,3,0.8642375001308077
80.02,EURO,Decision_Tree_NestedCV,3,3,0.9191489361702128
18.71,U14,Logistic_Regression,2,3,0.1100276386446091
18.71,U14,Decision_Tree_NestedCV,2,3,0.08762886597938144
4.42,SLO1,Logistic_Regression,0,3,0.17175374081044167
4.42,SLO1,Decision_Tree_NestedCV,0,3,0.08
64.48,U16,Logistic_Regression,3,3,0.6504241762207936
64.48,U16,Decision_Tree_NestedCV,3,3,0.775
0.0,EURO,Logistic_Regression,2,2,0.2665427462421155
0.0,EURO,Decision_Tree_NestedCV,2,3,0.08762886597938144
74.55,EURO,Logistic_Regression,5,3,0.0947682931607777
74.55,EURO,Decision_Tree_NestedCV,5,3,0.08505154639175258
88.78,SLO1,Logistic_Regression,0,0,0.9620207256099297
88.78,SLO1,Decision_Tree_NestedCV,0,0,0.9781267526640494
17.21,SLO1,Logistic_Regression,0,0,0.4376136270613455
17.21,SLO1,Decision_Tree_NestedCV,0,3,0.08
87.45,U16,Logistic_Regression,0,0,0.9117804989293143
87.45,U16,Decision_Tree_NestedCV,0,0,0.888268156424581
53.67,NBA,Logistic_Regression,0,0,0.8789509639773451
53.67,NBA,Decision_Tree_NestedCV,0,0,0.9781267526640494
46.38,NBA,Logistic_Regression,0,3,0.09789208062645717
46.38,NBA,Decision_Tree_NestedCV,0,3,0.03829787234042553
0.0,SLO1,Logistic_Regression,0,0,0.9247862483408246
0.0,SLO1,Decision_Tree_NestedCV,0,0,0.9781267526640494
3.24,NBA,Logistic_Regression,0,0,0.9456913405644047
3.24,NBA,Decision_Tree_NestedCV,0,0,0.9781267526640494
41.2,NBA,Logistic_Regression,3,3,0.32916394937065635
41.2,NBA,Decision_Tree_NestedCV,3,3,0.45618556701030927
72.86,EURO,Logistic_Regression,0,3,0.17156194678758527
72.86,EURO,Decision_Tree_NestedCV,0,3,0.20833333333333334
55.64,NBA,Logistic_Regression,4,4,0.45838679958134987
55.64,NBA,Decision_Tree_NestedCV,4,4,0.9523809523809523
78.22,U14,Logistic_Regression,0,0,0.7247660399790429
78.22,U14,Decision_Tree_NestedCV,0,0,0.5
3.04,U14,Logistic_Regression,3,0,0.33968120143240044
3.04,U14,Decision_Tree_NestedCV,3,3,0.45618556701030927
58.33,U14,Logistic_Regression,3,3,0.7765335549158919
58.33,U14,Decision_Tree_NestedCV,3,3,0.9191489361702128
53.37,SLO1,Logistic_Regression,3,3,0.6484740565407558
53.37,SLO1,Decision_Tree_NestedCV,3,3,0.88
14.56,SLO1,Logistic_Regression,0,0,0.9232997741583637
14.56,SLO1,Decision_Tree_NestedCV,0,0,0.9781267526640494
14.21,NBA,Logistic_Regression,0,0,0.9307185880953056
14.21,NBA,Decision_Tree_NestedCV,0,0,0.9781267526640494
0.0,SLO1,Logistic_Regression,0,0,0.8566174975390632
0.0,SLO1,Decision_Tree_NestedCV,0,0,0.9781267526640494
69.35,U14,Logistic_Regression,3,3,0.7904223787615828
69.35,U14,Decision_Tree_NestedCV,3,3,0.9191489361702128
6.16,U16,Logistic_Regression,0,0,0.8545790205133862
6.16,U16,Decision_Tree_NestedCV,0,0,0.888268156424581
61.9,EURO,Logistic_Regression,4,3,0.22670303556363006
61.9,EURO,Decision_Tree_NestedCV,4,3,0.3229166666666667
72.41,SLO1,Logistic_Regression,0,0,0.9620183515758375
72.41,SLO1,Decision_Tree_NestedCV,0,0,0.9781267526640494
26.04,EURO,Logistic_Regression,0,0,0.9226942316698956
26.04,EURO,Decision_Tree_NestedCV,0,0,0.9781267526640494
13.68,U14,Logistic_Regression,0,0,0.9001749528183147
13.68,U14,Decision_Tree_NestedCV,0,0,0.7753623188405797
13.23,NBA,Logistic_Regression,2,0,0.31457078063757166
13.23,NBA,Decision_Tree_NestedCV,2,2,0.47289156626506024
81.34,NBA,Logistic_Regression,0,0,0.943296998786452
81.34,NBA,Decision_Tree_NestedCV,0,0,0.9781267526640494
79.27,NBA,Logistic_Regression,0,0,0.9220170015143021
79.27,NBA,Decision_Tree_NestedCV,0,0,0.9781267526640494
15.35,EURO,Logistic_Regression,0,0,0.5101688639360763
15.35,EURO,Decision_Tree_NestedCV,0,0,0.5
77.5,EURO,Logistic_Regression,0,3,0.21824103328344122
77.5,EURO,Decision_Tree_NestedCV,0,3,0.19072164948453607
16.61,U14,Logistic_Regression,0,0,0.8988425327819176
16.61,U14,Decision_Tree_NestedCV,0,0,0.7753623188405797
16.54,U14,Logistic_Regression,3,0,0.3206656553993111
16.54,U14,Decision_Tree_NestedCV,3,3,0.45618556701030927
52.99,U14,Logistic_Regression,3,3,0.7896957454980866
52.99,U14,Decision_Tree_NestedCV,3,3,0.9191489361702128
24.39,SLO1,Logistic_Regression,2,2,0.37766596781133355
24.39,SLO1,Decision_Tree_NestedCV,2,0,0.22297297297297297
20.31,U16,Logistic_Regression,3,3,0.7845871235059849
20.31,U16,Decision_Tree_NestedCV,3,3,0.6086956521739131
27.15,NBA,Logistic_Regression,0,0,0.9441317652725885
27.15,NBA,Decision_Tree_NestedCV,0,0,0.9781267526640494
48.0,SLO1,Logistic_Regression,0,3,0.18376062081746392
48.0,SLO1,Decision_Tree_NestedCV,0,0,0.4230769230769231
29.11,NBA,Logistic_Regression,0,0,0.9465501239543639
29.11,NBA,Decision_Tree_NestedCV,0,0,0.9781267526640494
62.05,U14,Logistic_Regression,3,3,0.5777833660359483
62.05,U14,Decision_Tree_NestedCV,3,3,0.45618556701030927
31.03,SLO1,Logistic_Regression,0,0,0.9610269884683426
31.03,SLO1,Decision_Tree_NestedCV,0,0,0.9781267526640494
47.0,NBA,Logistic_Regression,0,0,0.9267838766786993
47.0,NBA,Decision_Tree_NestedCV,0,0,0.9781267526640494
58.97,EURO,Logistic_Regression,4,4,0.3398598143265049
58.97,EURO,Decision_Tree_NestedCV,4,4,0.703125
44.93,EURO,Logistic_Regression,0,0,0.9512959882940689
44.93,EURO,Decision_Tree_NestedCV,0,0,0.9781267526640494
83.11,EURO,Logistic_Regression,0,0,0.9453920304557294
83.11,EURO,Decision_Tree_NestedCV,0,0,0.9781267526640494
23.13,SLO1,Logistic_Regression,0,0,0.9612667213868861
23.13,SLO1,Decision_Tree_NestedCV,0,0,0.9781267526640494
35.08,EURO,Logistic_Regression,0,0,0.9472816437622952
35.08,EURO,Decision_Tree_NestedCV,0,0,0.9781267526640494
1.61,EURO,Logistic_Regression,0,0,0.9461796895652417
1.61,EURO,Decision_Tree_NestedCV,0,0,0.9781267526640494
68.3,U14,Logistic_Regression,0,3,0.06911167161044977
68.3,U14,Decision_Tree_NestedCV,0,3,0.03829787234042553
70.76,U16,Logistic_Regression,0,0,0.9133023857181425
70.76,U16,Decision_Tree_NestedCV,0,0,0.888268156424581
47.55,U14,Logistic_Regression,4,4,0.6715409761085668
47.55,U14,Decision_Tree_NestedCV,4,4,0.703125
64.56,EURO,Logistic_Regression,0,0,0.946014872213624
64.56,EURO,Decision_Tree_NestedCV,0,0,0.9781267526640494
65.19,SLO1,Logistic_Regression,0,0,0.804014921939145
65.19,SLO1,Decision_Tree_NestedCV,0,0,0.7464788732394366
84.36,NBA,Logistic_Regression,0,0,0.8973470302578607
84.36,NBA,Decision_Tree_NestedCV,0,0,0.9781267526640494
0.72,SLO1,Logistic_Regression,0,0,0.8280404731201808
0.72,SLO1,Decision_Tree_NestedCV,0,0,0.9781267526640494
83.18,EURO,Logistic_Regression,0,0,0.8818197328064329
83.18,EURO,Decision_Tree_NestedCV,0,0,0.9781267526640494
23.48,NBA,Logistic_Regression,4,0,0.051698215229078484
23.48,NBA,Decision_Tree_NestedCV,4,0,0.011777902411665733
89.45,EURO,Logistic_Regression,0,0,0.9456646000801273
89.45,EURO,Decision_Tree_NestedCV,0,0,0.9781267526640494
21.34,U16,Logistic_Regression,0,0,0.9408538015528296
21.34,U16,Decision_Tree_NestedCV,0,0,0.888268156424581
10.1,SLO1,Logistic_Regression,3,3,0.7548332231469297
10.1,SLO1,Decision_Tree_NestedCV,3,3,0.52
88.56,EURO,Logistic_Regression,0,0,0.9364739021214296
88.56,EURO,Decision_Tree_NestedCV,0,0,0.9781267526640494
33.87,SLO1,Logistic_Regression,3,3,0.7543102401542595
33.87,SLO1,Decision_Tree_NestedCV,3,3,0.88
24.9,EURO,Logistic_Regression,0,0,0.9485867024944606
24.9,EURO,Decision_Tree_NestedCV,0,0,0.9781267526640494
44.97,EURO,Logistic_Regression,0,0,0.8937026070121674
44.97,EURO,Decision_Tree_NestedCV,0,0,0.9781267526640494
59.97,NBA,Logistic_Regression,0,0,0.8154905836560956
59.97,NBA,Decision_Tree_NestedCV,0,0,0.7464788732394366
30.12,EURO,Logistic_Regression,0,0,0.9280669928183183
30.12,EURO,Decision_Tree_NestedCV,0,0,0.9781267526640494
37.93,U14,Logistic_Regression,0,0,0.7379788357900189
37.93,U14,Decision_Tree_NestedCV,0,0,0.7868852459016393
19.05,U16,Logistic_Regression,0,0,0.9260066591493527
19.05,U16,Decision_Tree_NestedCV,0,0,0.888268156424581
48.47,EURO,Logistic_Regression,0,0,0.9524559500866098
48.47,EURO,Decision_Tree_NestedCV,0,0,0.9781267526640494
4.6,U16,Logistic_Regression,0,3,0.16389307512097498
4.6,U16,Decision_Tree_NestedCV,0,0,0.5666666666666667
81.66,U14,Logistic_Regression,3,3,0.7974626554976126
81.66,U14,Decision_Tree_NestedCV,3,3,0.851063829787234
62.5,EURO,Logistic_Regression,2,0,0.20712804605431404
62.5,EURO,Decision_Tree_NestedCV,2,2,0.47289156626506024
76.96,U16,Logistic_Regression,0,0,0.7686838751878595
76.96,U16,Decision_Tree_NestedCV,0,0,0.7464788732394366
57.19,EURO,Logistic_Regression,4,3,0.3535404058979469
57.19,EURO,Decision_Tree_NestedCV,4,3,0.3229166666666667
45.33,U14,Logistic_Regression,0,3,0.11509818400933816
45.33,U14,Decision_Tree_NestedCV,0,3,0.20833333333333334
55.31,SLO1,Logistic_Regression,0,0,0.9649289601239013
55.31,SLO1,Decision_Tree_NestedCV,0,0,0.9781267526640494
61.07,EURO,Logistic_Regression,2,0,0.3002576833111661
61.07,EURO,Decision_Tree_NestedCV,2,2,0.47289156626506024
28.78,EURO,Logistic_Regression,0,0,0.9493527846902272
28.78,EURO,Decision_Tree_NestedCV,0,0,0.9781267526640494
52.68,SLO1,Logistic_Regression,0,0,0.8752928127441783
52.68,SLO1,Decision_Tree_NestedCV,0,0,0.9781267526640494
31.97,NBA,Logistic_Regression,3,3,0.7168868849360028
31.97,NBA,Decision_Tree_NestedCV,3,3,0.46875
0.0,NBA,Logistic_Regression,3,0,0.182636635489445
0.0,NBA,Decision_Tree_NestedCV,3,0,0.22297297297297297
56.0,EURO,Logistic_Regression,4,3,0.1917870626741799
56.0,EURO,Decision_Tree_NestedCV,4,3,0.3229166666666667
40.99,SLO1,Logistic_Regression,0,3,0.21132628648313376
40.99,SLO1,Decision_Tree_NestedCV,0,3,0.08
28.88,U14,Logistic_Regression,0,0,0.843308439437875
28.88,U14,Decision_Tree_NestedCV,0,0,0.9294117647058824
53.4,U16,Logistic_Regression,0,0,0.944287276765403
53.4,U16,Decision_Tree_NestedCV,0,0,0.888268156424581
0.43,SLO1,Logistic_Regression,0,0,0.9594161451562055
0.43,SLO1,Decision_Tree_NestedCV,0,0,0.9781267526640494
86.54,SLO1,Logistic_Regression,0,0,0.9615224840685764
86.54,SLO1,Decision_Tree_NestedCV,0,0,0.9781267526640494
36.98,EURO,Logistic_Regression,2,0,0.33388349602678274
36.98,EURO,Decision_Tree_NestedCV,2,2,0.47289156626506024
52.57,SLO1,Logistic_Regression,3,3,0.7574652553312579
52.57,SLO1,Decision_Tree_NestedCV,3,3,0.88
17.9,NBA,Logistic_Regression,4,3,0.33853852660928535
17.9,NBA,Decision_Tree_NestedCV,4,3,0.3229166666666667
68.93,U14,Logistic_Regression,3,3,0.5551774295091255
68.93,U14,Decision_Tree_NestedCV,3,3,0.45618556701030927
51.17,NBA,Logistic_Regression,0,0,0.9275590623938458
51.17,NBA,Decision_Tree_NestedCV,0,0,0.9781267526640494
63.96,SLO1,Logistic_Regression,2,3,0.3076424443420309
63.96,SLO1,Decision_Tree_NestedCV,2,0,0.22297297297297297
85.77,EURO,Logistic_Regression,2,0,0.2144632979436192
85.77,EURO,Decision_Tree_NestedCV,2,0,0.2535211267605634
25.09,EURO,Logistic_Regression,0,0,0.9167628278800652
25.09,EURO,Decision_Tree_NestedCV,0,0,0.9781267526640494
73.11,EURO,Logistic_Regression,0,0,0.9442813625058682
73.11,EURO,Decision_Tree_NestedCV,0,0,0.9781267526640494
57.01,U14,Logistic_Regression,3,3,0.7613975821384021
57.01,U14,Decision_Tree_NestedCV,3,3,0.9191489361702128
7.3,SLO1,Logistic_Regression,0,0,0.9621709508576645
7.3,SLO1,Decision_Tree_NestedCV,0,0,0.9781267526640494
80.76,SLO1,Logistic_Regression,2,3,0.1445059801678945
80.76,SLO1,Decision_Tree_NestedCV,2,0,0.28205128205128205
55.22,SLO1,Logistic_Regression,0,0,0.9149016741241878
55.22,SLO1,Decision_Tree_NestedCV,0,0,0.9781267526640494
38.87,NBA,Logistic_Regression,0,0,0.9449540048035618
38.87,NBA,Decision_Tree_NestedCV,0,0,0.9781267526640494
19.6,U14,Logistic_Regression,0,0,0.8818011311171216
19.6,U14,Decision_Tree_NestedCV,0,0,0.7753623188405797
64.14,SLO1,Logistic_Regression,5,3,0.06497896225376792
64.14,SLO1,Decision_Tree_NestedCV,5,0,0.07692307692307693
48.09,NBA,Logistic_Regression,3,3,0.3699049929218448
48.09,NBA,Decision_Tree_NestedCV,3,3,0.45618556701030927
11.36,SLO1,Logistic_Regression,4,3,0.2227165202583049
11.36,SLO1,Decision_Tree_NestedCV,4,3,0.04
13.66,U14,Logistic_Regression,0,4,0.20690420228310696
13.66,U14,Decision_Tree_NestedCV,0,4,0.234375
63.02,U16,Logistic_Regression,3,0,0.1930394298007432
63.02,U16,Decision_Tree_NestedCV,3,2,0.09939759036144578
25.93,U14,Logistic_Regression,4,0,0.11462087539402327
25.93,U14,Decision_Tree_NestedCV,4,0,0.2246376811594203
57.52,NBA,Logistic_Regression,0,0,0.9395966817032964
57.52,NBA,Decision_Tree_NestedCV,0,0,0.9781267526640494
3.38,NBA,Logistic_Regression,2,0,0.2635968900459408
3.38,NBA,Decision_Tree_NestedCV,2,2,0.47289156626506024
68.45,U16,Logistic_Regression,3,3,0.8992490159462756
68.45,U16,Decision_Tree_NestedCV,3,3,0.9191489361702128
88.35,EURO,Logistic_Regression,0,0,0.9451916237146204
88.35,EURO,Decision_Tree_NestedCV,0,0,0.9781267526640494
17.58,EURO,Logistic_Regression,0,0,0.9434679623766956
17.58,EURO,Decision_Tree_NestedCV,0,0,0.9781267526640494
66.54,U16,Logistic_Regression,2,3,0.11706527996771765
66.54,U16,Decision_Tree_NestedCV,2,3,0.05
31.48,SLO1,Logistic_Regression,0,0,0.9602383507618424
31.48,SLO1,Decision_Tree_NestedCV,0,0,0.9781267526640494
63.6,NBA,Logistic_Regression,4,3,0.016004371907004638
63.6,NBA,Decision_Tree_NestedCV,4,3,0.04639175257731959
72.14,U16,Logistic_Regression,0,0,0.9250995208144498
72.14,U16,Decision_Tree_NestedCV,0,0,0.888268156424581
86.6,EURO,Logistic_Regression,0,0,0.9452010413694353
86.6,EURO,Decision_Tree_NestedCV,0,0,0.9781267526640494
8.38,EURO,Logistic_Regression,4,3,0.06113211725522931
8.38,EURO,Decision_Tree_NestedCV,4,3,0.0
45.62,EURO,Logistic_Regression,0,0,0.9279309014202274
45.62,EURO,Decision_Tree_NestedCV,0,0,0.9781267526640494
57.41,NBA,Logistic_Regression,3,4,0.13283343646662762
57.41,NBA,Decision_Tree_NestedCV,3,4,0.0
27.95,U16,Logistic_Regression,3,0,0.3336217813985334
27.95,U16,Decision_Tree_NestedCV,3,0,0.22297297297297297
71.03,SLO1,Logistic_Regression,0,0,0.9653408674630343
71.03,SLO1,Decision_Tree_NestedCV,0,0,0.9781267526640494
48.3,U16,Logistic_Regression,3,3,0.8190893581608425
48.3,U16,Decision_Tree_NestedCV,3,3,0.851063829787234
61.2,U14,Logistic_Regression,0,3,0.30407406768489703
61.2,U14,Decision_Tree_NestedCV,0,3,0.19072164948453607
57.92,EURO,Logistic_Regression,0,0,0.9265105859417359
57.92,EURO,Decision_Tree_NestedCV,0,0,0.9781267526640494
53.57,U14,Logistic_Regression,0,3,0.10295137554310427
53.57,U14,Decision_Tree_NestedCV,0,3,0.20833333333333334
86.62,EURO,Logistic_Regression,0,0,0.9456302503705147
86.62,EURO,Decision_Tree_NestedCV,0,0,0.9781267526640494
35.89,SLO1,Logistic_Regression,3,2,0.31107631780327466
35.89,SLO1,Decision_Tree_NestedCV,3,0,0.10256410256410256
56.99,SLO1,Logistic_Regression,0,0,0.9612018448530903
56.99,SLO1,Decision_Tree_NestedCV,0,0,0.9781267526640494
40.21,SLO1,Logistic_Regression,0,0,0.9626315310045332
40.21,SLO1,Decision_Tree_NestedCV,0,0,0.9781267526640494
63.07,EURO,Logistic_Regression,4,0,0.38273102946228177
63.07,EURO,Decision_Tree_NestedCV,4,0,0.0
55.48,U16,Logistic_Regression,0,0,0.9177272244607568
55.48,U16,Decision_Tree_NestedCV,0,0,0.888268156424581
57.39,U16,Logistic_Regression,0,0,0.9168945809328948
57.39,U16,Decision_Tree_NestedCV,0,0,0.888268156424581
2.3,SLO1,Logistic_Regression,3,2,0.11679964738070656
2.3,SLO1,Decision_Tree_NestedCV,3,2,0.09939759036144578
81.66,EURO,Logistic_Regression,0,3,0.15411592783621933
81.66,EURO,Decision_Tree_NestedCV,0,3,0.19072164948453607
62.05,U16,Logistic_Regression,3,3,0.5996341363203002
62.05,U16,Decision_Tree_NestedCV,3,3,0.775
42.78,SLO1,Logistic_Regression,1,3,0.24527837491365884
42.78,SLO1,Decision_Tree_NestedCV,1,0,0.10256410256410256
28.55,NBA,Logistic_Regression,0,0,0.9291930988435
28.55,NBA,Decision_Tree_NestedCV,0,0,0.9781267526640494
51.36,EURO,Logistic_Regression,3,3,0.7681995175942907
51.36,EURO,Decision_Tree_NestedCV,3,3,0.9191489361702128
42.78,U16,Logistic_Regression,3,3,0.7843417402153464
42.78,U16,Decision_Tree_NestedCV,3,3,0.9191489361702128
7.3,NBA,Logistic_Regression,2,0,0.2625717890837357
7.3,NBA,Decision_Tree_NestedCV,2,3,0.08762886597938144
55.31,EURO,Logistic_Regression,0,0,0.9452273137147545
55.31,EURO,Decision_Tree_NestedCV,0,0,0.9781267526640494
57.86,U14,Logistic_Regression,0,3,0.33321762580173775
57.86,U14,Decision_Tree_NestedCV,0,3,0.19072164948453607
68.3,U14,Logistic_Regression,3,3,0.7549005373874945
68.3,U14,Decision_Tree_NestedCV,3,3,0.9191489361702128
33.5,EURO,Logistic_Regression,0,0,0.9503508589319462
33.5,EURO,Decision_Tree_NestedCV,0,0,0.9781267526640494
64.28,U14,Logistic_Regression,0,3,0.2673857424508663
64.28,U14,Decision_Tree_NestedCV,0,3,0.19072164948453607
40.86,SLO1,Logistic_Regression,0,3,0.12127874040575076
40.86,SLO1,Decision_Tree_NestedCV,0,2,0.13157894736842105
43.84,NBA,Logistic_Regression,0,0,0.8756011315918525
43.84,NBA,Decision_Tree_NestedCV,0,0,0.9781267526640494
88.49,NBA,Logistic_Regression,0,0,0.9436365390514866
88.49,NBA,Decision_Tree_NestedCV,0,0,0.9781267526640494
19.86,NBA,Logistic_Regression,0,3,0.1383762924558969
19.86,NBA,Decision_Tree_NestedCV,0,3,0.32
4.91,EURO,Logistic_Regression,3,4,0.25272327623002006
4.91,EURO,Decision_Tree_NestedCV,3,4,0.0625
72.56,U14,Logistic_Regression,3,3,0.5950352298257027
72.56,U14,Decision_Tree_NestedCV,3,3,0.45618556701030927
32.68,EURO,Logistic_Regression,0,0,0.9452123453536831
32.68,EURO,Decision_Tree_NestedCV,0,0,0.9781267526640494
0.0,U14,Logistic_Regression,3,3,0.38619485660065617
0.0,U14,Decision_Tree_NestedCV,3,3,0.45618556701030927
20.5,EURO,Logistic_Regression,0,0,0.9444196324431448
20.5,EURO,Decision_Tree_NestedCV,0,0,0.9781267526640494
12.59,EURO,Logistic_Regression,0,0,0.8499421332487581
12.59,EURO,Decision_Tree_NestedCV,0,0,0.9781267526640494
7.4,NBA,Logistic_Regression,0,0,0.8535968414039459
7.4,NBA,Decision_Tree_NestedCV,0,0,0.9781267526640494
45.88,NBA,Logistic_Regression,0,3,0.1442842201875418
45.88,NBA,Decision_Tree_NestedCV,0,3,0.20833333333333334
42.56,EURO,Logistic_Regression,4,3,0.46049051764691723
42.56,EURO,Decision_Tree_NestedCV,4,3,0.3229166666666667
59.1,EURO,Logistic_Regression,0,0,0.8092677840562591
59.1,EURO,Decision_Tree_NestedCV,0,0,0.9781267526640494
32.42,EURO,Logistic_Regression,0,0,0.9499590185661396
32.42,EURO,Decision_Tree_NestedCV,0,0,0.9781267526640494
35.43,U16,Logistic_Regression,3,4,0.2239179440885916
35.43,U16,Decision_Tree_NestedCV,3,4,0.0625
49.7,EURO,Logistic_Regression,3,3,0.3073014052804916
49.7,EURO,Decision_Tree_NestedCV,3,3,0.45618556701030927
54.2,SLO1,Logistic_Regression,0,0,0.8263355331526202
54.2,SLO1,Decision_Tree_NestedCV,0,0,0.9781267526640494
86.52,NBA,Logistic_Regression,3,0,0.0025796524012211574
86.52,NBA,Decision_Tree_NestedCV,3,0,0.0016825574873808188
17.29,U14,Logistic_Regression,0,0,0.5374658827304982
17.29,U14,Decision_Tree_NestedCV,0,0,0.7868852459016393
86.35,U16,Logistic_Regression,0,0,0.9253328213984942
86.35,U16,Decision_Tree_NestedCV,0,0,0.888268156424581
26.31,U16,Logistic_Regression,0,0,0.9275524277048378
26.31,U16,Decision_Tree_NestedCV,0,0,0.888268156424581
34.77,NBA,Logistic_Regression,0,0,0.9454270712495652
34.77,NBA,Decision_Tree_NestedCV,0,0,0.9781267526640494
50.62,SLO1,Logistic_Regression,0,0,0.9623681915246005
50.62,SLO1,Decision_Tree_NestedCV,0,0,0.9781267526640494
89.67,EURO,Logistic_Regression,0,0,0.9452489553891352
89.67,EURO,Decision_Tree_NestedCV,0,0,0.9781267526640494
19.14,SLO1,Logistic_Regression,0,0,0.921551864788735
19.14,SLO1,Decision_Tree_NestedCV,0,0,0.9781267526640494
60.37,SLO1,Logistic_Regression,0,0,0.8760504908980484
60.37,SLO1,Decision_Tree_NestedCV,0,0,0.9781267526640494
35.3,EURO,Logistic_Regression,0,0,0.9294242898062864
35.3,EURO,Decision_Tree_NestedCV,0,0,0.9781267526640494
29.7,EURO,Logistic_Regression,0,0,0.8901706686898121
29.7,EURO,Decision_Tree_NestedCV,0,0,0.9781267526640494
30.31,U16,Logistic_Regression,0,4,0.4704428592113629
30.31,U16,Decision_Tree_NestedCV,0,4,0.047619047619047616
53.62,EURO,Logistic_Regression,0,0,0.9499063156531782
53.62,EURO,Decision_Tree_NestedCV,0,0,0.9781267526640494
63.21,NBA,Logistic_Regression,0,0,0.9160627535353957
63.21,NBA,Decision_Tree_NestedCV,0,0,0.9781267526640494
42.97,SLO1,Logistic_Regression,0,2,0.16949166720100134
42.97,SLO1,Decision_Tree_NestedCV,0,0,0.4230769230769231
23.1,NBA,Logistic_Regression,0,0,0.9457874763630345
23.1,NBA,Decision_Tree_NestedCV,0,0,0.9781267526640494
36.61,SLO1,Logistic_Regression,3,2,0.20412823689763657
36.61,SLO1,Decision_Tree_NestedCV,3,0,0.22297297297297297
43.09,NBA,Logistic_Regression,0,0,0.94212824640278
43.09,NBA,Decision_Tree_NestedCV,0,0,0.9781267526640494
72.69,EURO,Logistic_Regression,3,0,0.20122396359145997
72.69,EURO,Decision_Tree_NestedCV,3,2,0.09939759036144578
12.82,NBA,Logistic_Regression,0,0,0.8058483765714537
12.82,NBA,Decision_Tree_NestedCV,0,0,0.7464788732394366
59.07,U14,Logistic_Regression,3,3,0.753978350975799
59.07,U14,Decision_Tree_NestedCV,3,3,0.9191489361702128
45.72,NBA,Logistic_Regression,3,3,0.6538941077023538
45.72,NBA,Decision_Tree_NestedCV,3,3,0.46875
28.17,U16,Logistic_Regression,0,0,0.9426936587755804
28.17,U16,Decision_Tree_NestedCV,0,0,0.888268156424581
13.34,U14,Logistic_Regression,0,0,0.6800839071750913
13.34,U14,Decision_Tree_NestedCV,0,0,0.7868852459016393
62.05,U14,Logistic_Regression,3,3,0.8256578021213581
62.05,U14,Decision_Tree_NestedCV,3,3,0.9191489361702128
77.6,EURO,Logistic_Regression,1,3,0.09160423978916399
77.6,EURO,Decision_Tree_NestedCV,1,3,0.13402061855670103
63.42,U14,Logistic_Regression,0,0,0.8805706323201908
63.42,U14,Decision_Tree_NestedCV,0,0,0.5263157894736842
13.87,SLO1,Logistic_Regression,0,0,0.9232947871703989
13.87,SLO1,Decision_Tree_NestedCV,0,0,0.9781267526640494
20.21,EURO,Logistic_Regression,0,0,0.9454106363766036
20.21,EURO,Decision_Tree_NestedCV,0,0,0.9781267526640494
1.66,SLO1,Logistic_Regression,0,0,0.8148604884166847
1.66,SLO1,Decision_Tree_NestedCV,0,0,0.9781267526640494
2.13,EURO,Logistic_Regression,2,0,0.35161248522623584
2.13,EURO,Decision_Tree_NestedCV,2,0,0.28440366972477066
34.67,SLO1,Logistic_Regression,0,0,0.9611051984160753
34.67,SLO1,Decision_Tree_NestedCV,0,0,0.9781267526640494
31.75,U16,Logistic_Regression,0,0,0.9145309204313746
31.75,U16,Decision_Tree_NestedCV,0,0,0.888268156424581
32.45,SLO1,Logistic_Regression,0,0,0.9404000609527157
32.45,SLO1,Decision_Tree_NestedCV,0,0,0.9781267526640494
42.28,U14,Logistic_Regression,0,0,0.884308924454507
42.28,U14,Decision_Tree_NestedCV,0,0,0.7753623188405797
80.02,EURO,Logistic_Regression,3,3,0.8642375001308077
80.02,EURO,Decision_Tree_NestedCV,3,3,0.9191489361702128
39.4,NBA,Logistic_Regression,0,0,0.9443143524061578
39.4,NBA,Decision_Tree_NestedCV,0,0,0.9781267526640494
74.55,U16,Logistic_Regression,3,3,0.7598623997361394
74.55,U16,Decision_Tree_NestedCV,3,3,0.775
8.77,SLO1,Logistic_Regression,0,0,0.9191755643346411
8.77,SLO1,Decision_Tree_NestedCV,0,0,0.9781267526640494
66.03,U14,Logistic_Regression,3,3,0.5302704454844656
66.03,U14,Decision_Tree_NestedCV,3,3,0.45618556701030927
36.27,NBA,Logistic_Regression,0,0,0.9454614158337022
36.27,NBA,Decision_Tree_NestedCV,0,0,0.9781267526640494
57.3,NBA,Logistic_Regression,4,0,0.031144271728318438
57.3,NBA,Decision_Tree_NestedCV,4,0,0.08108108108108109
31.73,NBA,Logistic_Regression,0,0,0.9439592629735831
31.73,NBA,Decision_Tree_NestedCV,0,0,0.9781267526640494
54.59,EURO,Logistic_Regression,0,0,0.9072452225277885
54.59,EURO,Decision_Tree_NestedCV,0,0,0.9781267526640494
25.62,SLO1,Logistic_Regression,0,0,0.8576593455897435
25.62,SLO1,Decision_Tree_NestedCV,0,0,0.9781267526640494
45.79,NBA,Logistic_Regression,2,0,0.1957597560394597
45.79,NBA,Decision_Tree_NestedCV,2,0,0.22297297297297297
11.83,SLO1,Logistic_Regression,3,5,0.2728881351402313
11.83,SLO1,Decision_Tree_NestedCV,3,2,0.2894736842105263
6.47,NBA,Logistic_Regression,2,0,0.27383509665988304
6.47,NBA,Decision_Tree_NestedCV,2,3,0.08762886597938144
24.74,SLO1,Logistic_Regression,0,0,0.5453376292524978
24.74,SLO1,Decision_Tree_NestedCV,0,2,0.3493975903614458
64.28,EURO,Logistic_Regression,0,3,0.22474891515519885
64.28,EURO,Decision_Tree_NestedCV,0,3,0.19072164948453607
39.39,U14,Logistic_Regression,3,3,0.5409330707786207
39.39,U14,Decision_Tree_NestedCV,3,3,0.46875
8.87,U14,Logistic_Regression,3,3,0.36997981331636376
8.87,U14,Decision_Tree_NestedCV,3,3,0.45618556701030927
75.23,NBA,Logistic_Regression,0,0,0.8675886009076071
75.23,NBA,Decision_Tree_NestedCV,0,0,0.9781267526640494
12.67,SLO1,Logistic_Regression,0,0,0.9625264724681033
12.67,SLO1,Decision_Tree_NestedCV,0,0,0.9781267526640494
54.7,SLO1,Logistic_Regression,2,3,0.2799196116844365
54.7,SLO1,Decision_Tree_NestedCV,2,0,0.28205128205128205
48.55,EURO,Logistic_Regression,0,0,0.9449993906997535
48.55,EURO,Decision_Tree_NestedCV,0,0,0.9781267526640494
35.16,SLO1,Logistic_Regression,0,0,0.9603282746801503
35.16,SLO1,Decision_Tree_NestedCV,0,0,0.9781267526640494
42.03,EURO,Logistic_Regression,0,0,0.9093111193442336
42.03,EURO,Decision_Tree_NestedCV,0,0,0.9781267526640494
28.31,U14,Logistic_Regression,0,0,0.9035422367787024
28.31,U14,Decision_Tree_NestedCV,0,0,0.7753623188405797
54.7,U14,Logistic_Regression,3,3,0.7701200194508191
54.7,U14,Decision_Tree_NestedCV,3,3,0.9191489361702128
66.92,SLO1,Logistic_Regression,0,0,0.3549166733930661
66.92,SLO1,Decision_Tree_NestedCV,0,2,0.3493975903614458
3.83,EURO,Logistic_Regression,2,0,0.3940359222323932
3.83,EURO,Decision_Tree_NestedCV,2,2,0.47289156626506024
45.23,EURO,Logistic_Regression,0,0,0.9443203706154456
45.23,EURO,Decision_Tree_NestedCV,0,0,0.9781267526640494
52.25,NBA,Logistic_Regression,3,3,0.8434300731083318
52.25,NBA,Decision_Tree_NestedCV,3,3,0.9191489361702128
64.48,U14,Logistic_Regression,4,3,0.21727162268145578
64.48,U14,Decision_Tree_NestedCV,4,3,0.14893617021276595
48.0,SLO1,Logistic_Regression,0,3,0.22684422414237043
48.0,SLO1,Decision_Tree_NestedCV,0,0,0.4230769230769231
48.38,SLO1,Logistic_Regression,0,0,0.5436085940563322
48.38,SLO1,Decision_Tree_NestedCV,0,2,0.3493975903614458
31.42,NBA,Logistic_Regression,0,0,0.9452049309899389
31.42,NBA,Decision_Tree_NestedCV,0,0,0.9781267526640494
68.84,NBA,Logistic_Regression,4,0,0.16490100358283918
68.84,NBA,Decision_Tree_NestedCV,4,2,0.04216867469879518
7.63,EURO,Logistic_Regression,0,0,0.9426798209574749
7.63,EURO,Decision_Tree_NestedCV,0,0,0.9781267526640494
2.48,EURO,Logistic_Regression,0,0,0.9439459633247499
2.48,EURO,Decision_Tree_NestedCV,0,0,0.9781267526640494
80.41,EURO,Logistic_Regression,0,0,0.7954638393309172
80.41,EURO,Decision_Tree_NestedCV,0,0,0.7464788732394366
33.68,NBA,Logistic_Regression,0,0,0.9372471632880242
33.68,NBA,Decision_Tree_NestedCV,0,0,0.9781267526640494
38.52,U14,Logistic_Regression,3,3,0.661246811643775
38.52,U14,Decision_Tree_NestedCV,3,3,0.8472222222222222
77.95,EURO,Logistic_Regression,0,0,0.9153050927216347
77.95,EURO,Decision_Tree_NestedCV,0,0,0.9781267526640494
27.95,U16,Logistic_Regression,2,0,0.13756912739914248
27.95,U16,Decision_Tree_NestedCV,2,2,0.47289156626506024
30.96,EURO,Logistic_Regression,0,0,0.9455902943325236
30.96,EURO,Decision_Tree_NestedCV,0,0,0.9781267526640494
74.02,U16,Logistic_Regression,0,0,0.8983790325298431
74.02,U16,Decision_Tree_NestedCV,0,0,0.888268156424581
0.41,EURO,Logistic_Regression,0,0,0.9443308178878089
0.41,EURO,Decision_Tree_NestedCV,0,0,0.9781267526640494
25.46,NBA,Logistic_Regression,2,0,0.2358463030555486
25.46,NBA,Decision_Tree_NestedCV,2,2,0.47289156626506024
40.1,NBA,Logistic_Regression,0,0,0.9454067441323624
40.1,NBA,Decision_Tree_NestedCV,0,0,0.9781267526640494
45.9,U16,Logistic_Regression,3,3,0.5398591271491363
45.9,U16,Decision_Tree_NestedCV,3,3,0.775
88.35,SLO1,Logistic_Regression,0,0,0.9660441285803031
88.35,SLO1,Decision_Tree_NestedCV,0,0,0.9781267526640494
80.84,U14,Logistic_Regression,0,0,0.8091588432036338
80.84,U14,Decision_Tree_NestedCV,0,0,0.6
71.17,EURO,Logistic_Regression,0,3,0.24568523371024298
71.17,EURO,Decision_Tree_NestedCV,0,3,0.19072164948453607
37.16,EURO,Logistic_Regression,3,0,0.23989689740578105
37.16,EURO,Decision_Tree_NestedCV,3,0,0.22297297297297297
15.02,NBA,Logistic_Regression,0,0,0.9238692801208876
15.02,NBA,Decision_Tree_NestedCV,0,0,0.9781267526640494
41.02,NBA,Logistic_Regression,0,0,0.9175783617798369
41.02,NBA,Decision_Tree_NestedCV,0,0,0.9781267526640494
73.39,EURO,Logistic_Regression,0,3,0.2733108173921256
73.39,EURO,Decision_Tree_NestedCV,0,3,0.19072164948453607
61.07,SLO1,Logistic_Regression,3,3,0.7612880242025727
61.07,SLO1,Decision_Tree_NestedCV,3,3,0.88
55.01,SLO1,Logistic_Regression,2,2,0.3131776347937219
55.01,SLO1,Decision_Tree_NestedCV,2,0,0.28205128205128205
12.01,SLO1,Logistic_Regression,0,0,0.45603808339121993
12.01,SLO1,Decision_Tree_NestedCV,0,2,0.3493975903614458
83.39,EURO,Logistic_Regression,0,0,0.9438848298826702
83.39,EURO,Decision_Tree_NestedCV,0,0,0.9781267526640494
53.73,SLO1,Logistic_Regression,0,0,0.9637397232416585
53.73,SLO1,Decision_Tree_NestedCV,0,0,0.9781267526640494
6.5,EURO,Logistic_Regression,0,0,0.9136636139938217
6.5,EURO,Decision_Tree_NestedCV,0,0,0.9781267526640494
78.73,NBA,Logistic_Regression,0,0,0.8229760530240826
78.73,NBA,Decision_Tree_NestedCV,0,0,0.7464788732394366
12.02,NBA,Logistic_Regression,0,0,0.7314489675312165
12.02,NBA,Decision_Tree_NestedCV,0,2,0.3493975903614458
6.84,SLO1,Logistic_Regression,0,0,0.9583436591536872
6.84,SLO1,Decision_Tree_NestedCV,0,0,0.9781267526640494
45.9,U14,Logistic_Regression,3,3,0.5531095574798544
45.9,U14,Decision_Tree_NestedCV,3,3,0.45618556701030927
0.0,SLO1,Logistic_Regression,3,2,0.12908809129234391
0.0,SLO1,Decision_Tree_NestedCV,3,0,0.22297297297297297
80.91,EURO,Logistic_Regression,3,3,0.4737557720717069
80.91,EURO,Decision_Tree_NestedCV,3,3,0.45618556701030927
69.8,SLO1,Logistic_Regression,0,0,0.9623412397116002
69.8,SLO1,Decision_Tree_NestedCV,0,0,0.9781267526640494
62.28,EURO,Logistic_Regression,0,2,0.15559691946734414
62.28,EURO,Decision_Tree_NestedCV,0,3,0.19072164948453607
42.66,NBA,Logistic_Regression,0,0,0.9316681372921192
42.66,NBA,Decision_Tree_NestedCV,0,0,0.9781267526640494
83.2,SLO1,Logistic_Regression,0,0,0.9404641939263457
83.2,SLO1,Decision_Tree_NestedCV,0,0,0.9781267526640494
79.54,EURO,Logistic_Regression,0,0,0.7985570817755299
79.54,EURO,Decision_Tree_NestedCV,0,0,0.9781267526640494
86.13,EURO,Logistic_Regression,2,0,0.24097735025778771
86.13,EURO,Decision_Tree_NestedCV,2,2,0.47289156626506024
72.92,SLO1,Logistic_Regression,0,0,0.9635896365786533
72.92,SLO1,Decision_Tree_NestedCV,0,0,0.9781267526640494
54.64,NBA,Logistic_Regression,3,3,0.39674581120659375
54.64,NBA,Decision_Tree_NestedCV,3,3,0.45618556701030927
16.09,SLO1,Logistic_Regression,4,0,0.03564871665877532
16.09,SLO1,Decision_Tree_NestedCV,4,0,0.023255813953488372
28.6,NBA,Logistic_Regression,0,0,0.9534475788746458
28.6,NBA,Decision_Tree_NestedCV,0,0,0.9781267526640494
39.96,SLO1,Logistic_Regression,0,0,0.43073746417209696
39.96,SLO1,Decision_Tree_NestedCV,0,0,0.47706422018348627
49.85,U14,Logistic_Regression,0,0,0.49504118817475123
49.85,U14,Decision_Tree_NestedCV,0,0,0.8
24.88,NBA,Logistic_Regression,0,0,0.8944020428661704
24.88,NBA,Decision_Tree_NestedCV,0,0,0.9781267526640494
80.39,SLO1,Logistic_Regression,2,0,0.24605087327795788
80.39,SLO1,Decision_Tree_NestedCV,2,2,0.47289156626506024
14.86,U14,Logistic_Regression,4,4,0.5447441124453591
14.86,U14,Decision_Tree_NestedCV,4,4,0.703125
44.93,SLO1,Logistic_Regression,0,0,0.96510075250912
44.93,SLO1,Decision_Tree_NestedCV,0,0,0.9781267526640494
23.85,SLO1,Logistic_Regression,2,3,0.26298501276737096
23.85,SLO1,Decision_Tree_NestedCV,2,2,0.39473684210526316
57.1,U16,Logistic_Regression,4,0,0.4605249894458267
57.1,U16,Decision_Tree_NestedCV,4,4,0.9523809523809523
66.03,EURO,Logistic_Regression,4,3,0.018744467053705686
66.03,EURO,Decision_Tree_NestedCV,4,3,0.04639175257731959
53.45,SLO1,Logistic_Regression,4,0,0.106548060955936
53.45,SLO1,Decision_Tree_NestedCV,4,0,0.11926605504587157
40.88,NBA,Logistic_Regression,0,0,0.9439828981496188
40.88,NBA,Decision_Tree_NestedCV,0,0,0.9781267526640494
0.85,SLO1,Logistic_Regression,0,0,0.9577571500838317
0.85,SLO1,Decision_Tree_NestedCV,0,0,0.9781267526640494
18.49,EURO,Logistic_Regression,2,0,0.3991295367319356
18.49,EURO,Decision_Tree_NestedCV,2,2,0.47289156626506024
54.17,NBA,Logistic_Regression,4,0,0.22418449026648238
54.17,NBA,Decision_Tree_NestedCV,4,0,0.19047619047619047
47.63,EURO,Logistic_Regression,0,0,0.9452300975147019
47.63,EURO,Decision_Tree_NestedCV,0,0,0.9781267526640494
17.15,NBA,Logistic_Regression,4,3,0.22629143815149438
17.15,NBA,Decision_Tree_NestedCV,4,3,0.3229166666666667
88.78,EURO,Logistic_Regression,0,0,0.9447753493816214
88.78,EURO,Decision_Tree_NestedCV,0,0,0.9781267526640494
71.12,EURO,Logistic_Regression,0,0,0.9338357325556632
71.12,EURO,Decision_Tree_NestedCV,0,0,0.9781267526640494
35.16,EURO,Logistic_Regression,0,0,0.9536869104689895
35.16,EURO,Decision_Tree_NestedCV,0,0,0.9781267526640494
85.84,NBA,Logistic_Regression,0,0,0.943730137947959
85.84,NBA,Decision_Tree_NestedCV,0,0,0.9781267526640494
8.21,SLO1,Logistic_Regression,0,0,0.9671438244060402
8.21,SLO1,Decision_Tree_NestedCV,0,0,0.9781267526640494
77.52,NBA,Logistic_Regression,0,0,0.9523854047906056
77.52,NBA,Decision_Tree_NestedCV,0,0,0.9781267526640494
59.97,U14,Logistic_Regression,3,3,0.8058855980918055
59.97,U14,Decision_Tree_NestedCV,3,3,0.9191489361702128
12.79,NBA,Logistic_Regression,4,3,0.1543954752552124
12.79,NBA,Decision_Tree_NestedCV,4,3,0.16
6.33,NBA,Logistic_Regression,0,0,0.7288997392620666
6.33,NBA,Decision_Tree_NestedCV,0,0,0.7464788732394366
40.6,EURO,Logistic_Regression,0,0,0.8141149192886112
40.6,EURO,Decision_Tree_NestedCV,0,0,0.9781267526640494
72.34,EURO,Logistic_Regression,3,3,0.7875569425446106
72.34,EURO,Decision_Tree_NestedCV,3,3,0.8472222222222222
17.3,NBA,Logistic_Regression,0,0,0.9547968079723929
17.3,NBA,Decision_Tree_NestedCV,0,0,0.9781267526640494
41.63,EURO,Logistic_Regression,0,0,0.9108279433066352
41.63,EURO,Decision_Tree_NestedCV,0,0,0.9781267526640494
0.64,SLO1,Logistic_Regression,0,0,0.884262312683776
0.64,SLO1,Decision_Tree_NestedCV,0,0,0.9781267526640494
3.83,U16,Logistic_Regression,0,0,0.9129781029373095
3.83,U16,Decision_Tree_NestedCV,0,0,0.888268156424581
27.11,SLO1,Logistic_Regression,2,0,0.21401130765173917
27.11,SLO1,Decision_Tree_NestedCV,2,0,0.28440366972477066
64.28,U16,Logistic_Regression,3,3,0.7035853435500009
64.28,U16,Decision_Tree_NestedCV,3,3,0.775
1.69,SLO1,Logistic_Regression,4,0,0.030626111873455552
1.69,SLO1,Decision_Tree_NestedCV,4,0,0.011777902411665733
1.21,EURO,Logistic_Regression,0,0,0.9385104227238694
1.21,EURO,Decision_Tree_NestedCV,0,0,0.9781267526640494
17.33,U14,Logistic_Regression,3,3,0.7363655526339651
17.33,U14,Decision_Tree_NestedCV,3,3,0.52
27.15,NBA,Logistic_Regression,3,3,0.7623546865628757
27.15,NBA,Decision_Tree_NestedCV,3,3,0.52
2.95,NBA,Logistic_Regression,0,0,0.9508092879200434
2.95,NBA,Decision_Tree_NestedCV,0,0,0.9781267526640494
58.66,NBA,Logistic_Regression,3,3,0.5068928908616399
58.66,NBA,Decision_Tree_NestedCV,3,3,0.46534653465346537
32.86,NBA,Logistic_Regression,0,0,0.949412901227075
32.86,NBA,Decision_Tree_NestedCV,0,0,0.9765100671140939
1.27,EURO,Logistic_Regression,0,0,0.8367443797769605
1.27,EURO,Decision_Tree_NestedCV,0,0,0.9765100671140939
85.09,U16,Logistic_Regression,0,0,0.8750503752035841
85.09,U16,Decision_Tree_NestedCV,0,0,0.9101123595505618
40.92,U16,Logistic_Regression,0,0,0.9385599602507643
40.92,U16,Decision_Tree_NestedCV,0,0,0.9101123595505618
30.52,SLO1,Logistic_Regression,2,5,0.12978952184876638
30.52,SLO1,Decision_Tree_NestedCV,2,3,0.2558139534883721
39.18,SLO1,Logistic_Regression,0,0,0.9605710734985972
39.18,SLO1,Decision_Tree_NestedCV,0,0,0.9765100671140939
29.62,U14,Logistic_Regression,4,3,0.20836321546070824
29.62,U14,Decision_Tree_NestedCV,4,3,0.18604651162790697
24.78,SLO1,Logistic_Regression,0,0,0.962006234567473
24.78,SLO1,Decision_Tree_NestedCV,0,0,0.9765100671140939
24.95,NBA,Logistic_Regression,0,0,0.9464271046112482
24.95,NBA,Decision_Tree_NestedCV,0,0,0.9765100671140939
9.01,U16,Logistic_Regression,0,0,0.9348260233897029
9.01,U16,Decision_Tree_NestedCV,0,0,0.9101123595505618
62.34,NBA,Logistic_Regression,0,0,0.9162581522558682
62.34,NBA,Decision_Tree_NestedCV,0,0,0.9765100671140939
72.13,NBA,Logistic_Regression,3,3,0.4811350928485643
72.13,NBA,Decision_Tree_NestedCV,3,3,0.46534653465346537
28.4,EURO,Logistic_Regression,0,0,0.9491482162993254
28.4,EURO,Decision_Tree_NestedCV,0,0,0.9765100671140939
0.0,EURO,Logistic_Regression,3,2,0.09644315321893994
0.0,EURO,Decision_Tree_NestedCV,3,3,0.46534653465346537
13.89,EURO,Logistic_Regression,0,0,0.9432238710123805
13.89,EURO,Decision_Tree_NestedCV,0,0,0.9765100671140939
1.79,EURO,Logistic_Regression,0,0,0.893294018617404
1.79,EURO,Decision_Tree_NestedCV,0,0,0.9765100671140939
49.85,SLO1,Logistic_Regression,3,3,0.8541696371419056
49.85,SLO1,Decision_Tree_NestedCV,3,3,0.8217821782178217
36.51,EURO,Logistic_Regression,0,0,0.9297341323121455
36.51,EURO,Decision_Tree_NestedCV,0,0,0.9765100671140939
28.21,NBA,Logistic_Regression,4,4,0.8970540255133521
28.21,NBA,Decision_Tree_NestedCV,4,4,0.9473684210526315
46.53,NBA,Logistic_Regression,0,0,0.6408771702163135
46.53,NBA,Decision_Tree_NestedCV,0,0,0.47619047619047616
12.88,U14,Logistic_Regression,3,3,0.43198655452027857
12.88,U14,Decision_Tree_NestedCV,3,0,0.1935483870967742
37.73,NBA,Logistic_Regression,0,4,0.43986987071595773
37.73,NBA,Decision_Tree_NestedCV,0,4,0.02631578947368421
60.91,U14,Logistic_Regression,3,3,0.7525882070670704
60.91,U14,Decision_Tree_NestedCV,3,3,0.819672131147541
20.8,NBA,Logistic_Regression,0,0,0.9475827093563411
20.8,NBA,Decision_Tree_NestedCV,0,0,0.9765100671140939
6.6,NBA,Logistic_Regression,0,0,0.9020582280242725
6.6,NBA,Decision_Tree_NestedCV,0,0,0.9765100671140939
63.59,SLO1,Logistic_Regression,0,0,0.7022222768054068
63.59,SLO1,Decision_Tree_NestedCV,0,2,0.3936651583710407
82.22,NBA,Logistic_Regression,0,0,0.9425040086196215
82.22,NBA,Decision_Tree_NestedCV,0,0,0.9765100671140939
65.42,EURO,Logistic_Regression,0,0,0.6535798303436768
65.42,EURO,Decision_Tree_NestedCV,0,2,0.3936651583710407
53.02,NBA,Logistic_Regression,4,3,0.024392810913950864
53.02,NBA,Decision_Tree_NestedCV,4,3,0.039603960396039604
42.97,U14,Logistic_Regression,3,3,0.6867985582505807
42.97,U14,Decision_Tree_NestedCV,3,3,0.819672131147541
5.44,EURO,Logistic_Regression,0,0,0.9424896706470438
5.44,EURO,Decision_Tree_NestedCV,0,0,0.9765100671140939
64.87,NBA,Logistic_Regression,3,3,0.7784147351724566
64.87,NBA,Decision_Tree_NestedCV,3,3,0.5679012345679012
54.17,NBA,Logistic_Regression,0,3,0.311316222426036
54.17,NBA,Decision_Tree_NestedCV,0,0,0.4264705882352941
80.91,U14,Logistic_Regression,3,3,0.8428229133606268
80.91,U14,Decision_Tree_NestedCV,3,3,0.9224137931034483
25.27,EURO,Logistic_Regression,3,3,0.6391852241402652
25.27,EURO,Decision_Tree_NestedCV,3,3,0.6046511627906976
86.31,NBA,Logistic_Regression,4,0,0.0537918030059134
86.31,NBA,Decision_Tree_NestedCV,4,0,0.012304250559284116
67.16,U14,Logistic_Regression,0,0,0.8673214907489543
67.16,U14,Decision_Tree_NestedCV,0,0,0.8909090909090909
19.09,U16,Logistic_Regression,3,3,0.8681421718676942
19.09,U16,Decision_Tree_NestedCV,3,4,0.0
34.94,SLO1,Logistic_Regression,0,0,0.9596971831470414
34.94,SLO1,Decision_Tree_NestedCV,0,0,0.9765100671140939
61.7,U14,Logistic_Regression,3,3,0.8004138832967564
61.7,U14,Decision_Tree_NestedCV,3,3,0.9224137931034483
10.8,NBA,Logistic_Regression,2,0,0.2759678231336168
10.8,NBA,Decision_Tree_NestedCV,2,2,0.4796380090497738
10.27,SLO1,Logistic_Regression,0,0,0.9541390266865689
10.27,SLO1,Decision_Tree_NestedCV,0,0,0.9765100671140939
67.28,U14,Logistic_Regression,3,3,0.8386744984037358
67.28,U14,Decision_Tree_NestedCV,3,3,0.9224137931034483
50.24,EURO,Logistic_Regression,0,0,0.9452209405633021
50.24,EURO,Decision_Tree_NestedCV,0,0,0.9765100671140939
45.82,U14,Logistic_Regression,0,0,0.8858774587390962
45.82,U14,Decision_Tree_NestedCV,0,0,0.8909090909090909
0.45,SLO1,Logistic_Regression,0,0,0.9419941516883209
0.45,SLO1,Decision_Tree_NestedCV,0,0,0.9765100671140939
63.96,SLO1,Logistic_Regression,0,3,0.21271334380766002
63.96,SLO1,Decision_Tree_NestedCV,0,0,0.4264705882352941
50.89,EURO,Logistic_Regression,0,0,0.951787926523721
50.89,EURO,Decision_Tree_NestedCV,0,0,0.9765100671140939
0.42,NBA,Logistic_Regression,0,0,0.9436877139715822
0.42,NBA,Decision_Tree_NestedCV,0,0,0.9765100671140939
75.89,EURO,Logistic_Regression,4,3,0.016077807804689925
75.89,EURO,Decision_Tree_NestedCV,4,3,0.039603960396039604
86.79,EURO,Logistic_Regression,0,0,0.9295955150318036
86.79,EURO,Decision_Tree_NestedCV,0,0,0.9765100671140939
72.45,EURO,Logistic_Regression,0,0,0.9018753251417778
72.45,EURO,Decision_Tree_NestedCV,0,0,0.9765100671140939
73.83,U16,Logistic_Regression,3,3,0.6373727635962466
73.83,U16,Decision_Tree_NestedCV,3,3,0.7840909090909091
47.57,U14,Logistic_Regression,0,0,0.7960679410823074
47.57,U14,Decision_Tree_NestedCV,0,0,0.96875
68.21,SLO1,Logistic_Regression,3,3,0.8266729175699569
68.21,SLO1,Decision_Tree_NestedCV,3,3,0.8217821782178217
51.66,EURO,Logistic_Regression,0,0,0.9355052162097788
51.66,EURO,Decision_Tree_NestedCV,0,0,0.9765100671140939
60.04,U14,Logistic_Regression,0,3,0.42230665251583893
60.04,U14,Decision_Tree_NestedCV,0,3,0.21287128712871287
59.07,U14,Logistic_Regression,3,3,0.5155679260374296
59.07,U14,Decision_Tree_NestedCV,3,3,0.46534653465346537
57.29,U16,Logistic_Regression,4,3,0.08184647955166911
57.29,U16,Decision_Tree_NestedCV,4,3,0.034482758620689655
71.79,U14,Logistic_Regression,0,0,0.7419777568468743
71.79,U14,Decision_Tree_NestedCV,0,0,1.0
79.1,SLO1,Logistic_Regression,1,0,0.03270006782495739
79.1,SLO1,Decision_Tree_NestedCV,1,2,0.013574660633484163
80.27,EURO,Logistic_Regression,0,0,0.8276342895504943
80.27,EURO,Decision_Tree_NestedCV,0,0,0.9765100671140939
32.81,SLO1,Logistic_Regression,0,0,0.957593754062316
32.81,SLO1,Decision_Tree_NestedCV,0,0,0.9765100671140939
88.2,NBA,Logistic_Regression,0,0,0.9450987794325905
88.2,NBA,Decision_Tree_NestedCV,0,0,0.9765100671140939
11.66,EURO,Logistic_Regression,2,0,0.3087014300822627
11.66,EURO,Decision_Tree_NestedCV,2,2,0.4796380090497738
72.93,U14,Logistic_Regression,3,3,0.8832856809574673
72.93,U14,Decision_Tree_NestedCV,3,3,0.9224137931034483
87.49,NBA,Logistic_Regression,0,0,0.942118478095887
87.49,NBA,Decision_Tree_NestedCV,0,0,0.9765100671140939
19.28,SLO1,Logistic_Regression,3,3,0.7248731046306627
19.28,SLO1,Decision_Tree_NestedCV,3,3,0.8217821782178217
62.56,EURO,Logistic_Regression,3,3,0.4366198973298628
62.56,EURO,Decision_Tree_NestedCV,3,3,0.46534653465346537
88.54,EURO,Logistic_Regression,0,0,0.950808757651724
88.54,EURO,Decision_Tree_NestedCV,0,0,0.9765100671140939
56.38,NBA,Logistic_Regression,0,0,0.8862114288088075
56.38,NBA,Decision_Tree_NestedCV,0,0,0.9765100671140939
19.42,U14,Logistic_Regression,0,3,0.1696034683570589
19.42,U14,Decision_Tree_NestedCV,0,0,0.4838709677419355
29.27,NBA,Logistic_Regression,0,0,0.9292796435917547
29.27,NBA,Decision_Tree_NestedCV,0,0,0.9765100671140939
43.97,EURO,Logistic_Regression,2,0,0.3129744057526788
43.97,EURO,Decision_Tree_NestedCV,2,2,0.4796380090497738
7.68,EURO,Logistic_Regression,0,0,0.9473682062569123
7.68,EURO,Decision_Tree_NestedCV,0,0,0.9765100671140939
71.06,SLO1,Logistic_Regression,0,0,0.9294297771534602
71.06,SLO1,Decision_Tree_NestedCV,0,0,0.9765100671140939
66.16,SLO1,Logistic_Regression,0,0,0.9607323395891694
66.16,SLO1,Decision_Tree_NestedCV,0,0,0.9765100671140939
22.73,U14,Logistic_Regression,3,3,0.8268581740819442
22.73,U14,Decision_Tree_NestedCV,3,4,0.0
77.51,NBA,Logistic_Regression,0,0,0.8950342930230029
77.51,NBA,Decision_Tree_NestedCV,0,0,0.9765100671140939
8.22,NBA,Logistic_Regression,0,0,0.9303229244851471
8.22,NBA,Decision_Tree_NestedCV,0,0,0.9765100671140939
53.42,U16,Logistic_Regression,0,0,0.923308057443551
53.42,U16,Decision_Tree_NestedCV,0,0,0.9101123595505618
76.63,SLO1,Logistic_Regression,0,0,0.9625452949676153
76.63,SLO1,Decision_Tree_NestedCV,0,0,0.9765100671140939
68.44,NBA,Logistic_Regression,0,0,0.9435793672974324
68.44,NBA,Decision_Tree_NestedCV,0,0,0.9765100671140939
86.6,EURO,Logistic_Regression,0,0,0.9509539408761124
86.6,EURO,Decision_Tree_NestedCV,0,0,0.9765100671140939
44.98,NBA,Logistic_Regression,0,0,0.8794995370161217
44.98,NBA,Decision_Tree_NestedCV,0,0,0.9765100671140939
67.28,U16,Logistic_Regression,3,3,0.8916017368606615
67.28,U16,Decision_Tree_NestedCV,3,3,0.9224137931034483
46.58,NBA,Logistic_Regression,2,3,0.1535909342472773
46.58,NBA,Decision_Tree_NestedCV,2,3,0.07673267326732673
36.13,NBA,Logistic_Regression,3,1,0.22492239451422838
36.13,NBA,Decision_Tree_NestedCV,3,3,0.46534653465346537
69.35,U16,Logistic_Regression,0,3,0.1259953818275371
69.35,U16,Decision_Tree_NestedCV,0,4,0.32926829268292684
36.07,EURO,Logistic_Regression,0,0,0.9468628696247652
36.07,EURO,Decision_Tree_NestedCV,0,0,0.9765100671140939
35.27,EURO,Logistic_Regression,0,0,0.9544175355156231
35.27,EURO,Decision_Tree_NestedCV,0,0,0.9765100671140939
70.35,SLO1,Logistic_Regression,0,0,0.9572635619161931
70.35,SLO1,Decision_Tree_NestedCV,0,0,0.9765100671140939
38.52,SLO1,Logistic_Regression,3,3,0.842762800511159
38.52,SLO1,Decision_Tree_NestedCV,3,3,0.819672131147541
14.11,U16,Logistic_Regression,2,0,0.28435442078475714
14.11,U16,Decision_Tree_NestedCV,2,2,0.4117647058823529
76.55,U16,Logistic_Regression,0,0,0.8125042770086511
76.55,U16,Decision_Tree_NestedCV,0,0,0.9101123595505618
37.61,U14,Logistic_Regression,3,3,0.5859842105492236
37.61,U14,Decision_Tree_NestedCV,3,3,0.46534653465346537
4.55,NBA,Logistic_Regression,2,3,0.21881825741792194
4.55,NBA,Decision_Tree_NestedCV,2,3,0.07673267326732673
9.14,NBA,Logistic_Regression,2,0,0.24530055423076214
9.14,NBA,Decision_Tree_NestedCV,2,3,0.07673267326732673
61.2,U14,Logistic_Regression,3,3,0.5104138121348875
61.2,U14,Decision_Tree_NestedCV,3,3,0.46534653465346537
18.83,SLO1,Logistic_Regression,0,0,0.8819421684921915
18.83,SLO1,Decision_Tree_NestedCV,0,0,0.9765100671140939
42.97,U14,Logistic_Regression,0,3,0.273059657441719
42.97,U14,Decision_Tree_NestedCV,0,3,0.21287128712871287
50.4,NBA,Logistic_Regression,0,0,0.8407169538136348
50.4,NBA,Decision_Tree_NestedCV,0,0,0.5
30.73,NBA,Logistic_Regression,0,0,0.9288297281779051
30.73,NBA,Decision_Tree_NestedCV,0,0,0.9765100671140939
20.7,U14,Logistic_Regression,0,0,0.890406111876529
20.7,U14,Decision_Tree_NestedCV,0,0,0.7709923664122137
2.88,SLO1,Logistic_Regression,3,3,0.749973108041514
2.88,SLO1,Decision_Tree_NestedCV,3,3,0.8217821782178217
28.03,U14,Logistic_Regression,0,0,0.9089484460557282
28.03,U14,Decision_Tree_NestedCV,0,0,0.7709923664122137
30.04,NBA,Logistic_Regression,0,0,0.9293046801152
30.04,NBA,Decision_Tree_NestedCV,0,0,0.9765100671140939
78.14,SLO1,Logistic_Regression,0,0,0.813133671051117
78.14,SLO1,Decision_Tree_NestedCV,0,0,0.5
21.42,U14,Logistic_Regression,4,3,0.3475159704930448
21.42,U14,Decision_Tree_NestedCV,4,3,0.2345679012345679
85.46,U16,Logistic_Regression,0,0,0.9150475126627388
85.46,U16,Decision_Tree_NestedCV,0,0,0.9101123595505618
74.93,EURO,Logistic_Regression,0,3,0.25696529859168826
74.93,EURO,Decision_Tree_NestedCV,0,3,0.21287128712871287
19.89,U14,Logistic_Regression,3,3,0.5911131349967891
19.89,U14,Decision_Tree_NestedCV,3,3,0.6046511627906976
69.55,EURO,Logistic_Regression,0,0,0.9516630995519867
69.55,EURO,Decision_Tree_NestedCV,0,0,0.9765100671140939
69.35,U14,Logistic_Regression,3,3,0.8313793499723614
69.35,U14,Decision_Tree_NestedCV,3,3,0.9224137931034483
37.61,U16,Logistic_Regression,3,3,0.841768400031764
37.61,U16,Decision_Tree_NestedCV,3,3,0.9224137931034483
78.14,U16,Logistic_Regression,4,0,0.062185093042254655
78.14,U16,Decision_Tree_NestedCV,4,0,0.0898876404494382
69.07,EURO,Logistic_Regression,0,2,0.31344046001754206
69.07,EURO,Decision_Tree_NestedCV,0,0,0.4264705882352941
1.9,NBA,Logistic_Regression,0,0,0.9359747313490698
1.9,NBA,Decision_Tree_NestedCV,0,0,0.9765100671140939
77.97,SLO1,Logistic_Regression,2,0,0.1821614529683429
77.97,SLO1,Decision_Tree_NestedCV,2,2,0.4796380090497738
85.74,NBA,Logistic_Regression,0,0,0.9509238753008548
85.74,NBA,Decision_Tree_NestedCV,0,0,0.9765100671140939
37.8,U16,Logistic_Regression,0,0,0.9445286324571983
37.8,U16,Decision_Tree_NestedCV,0,0,0.9101123595505618
10.32,NBA,Logistic_Regression,0,0,0.8970919451499443
10.32,NBA,Decision_Tree_NestedCV,0,0,0.9765100671140939
42.84,SLO1,Logistic_Regression,3,3,0.4808133619198972
42.84,SLO1,Decision_Tree_NestedCV,3,3,0.8217821782178217
1.64,NBA,Logistic_Regression,2,0,0.24018414510193212
1.64,NBA,Decision_Tree_NestedCV,2,2,0.4796380090497738
0.51,EURO,Logistic_Regression,0,0,0.9235486467784255
0.51,EURO,Decision_Tree_NestedCV,0,0,0.9765100671140939
58.73,SLO1,Logistic_Regression,2,0,0.1936479638451458
58.73,SLO1,Decision_Tree_NestedCV,2,0,0.2857142857142857
6.49,SLO1,Logistic_Regression,3,2,0.1621742947730045
6.49,SLO1,Decision_Tree_NestedCV,3,3,0.3023255813953488
27.72,NBA,Logistic_Regression,0,0,0.9439382254880787
27.72,NBA,Decision_Tree_NestedCV,0,0,0.9765100671140939
61.96,NBA,Logistic_Regression,4,4,0.4634779623924047
61.96,NBA,Decision_Tree_NestedCV,4,4,0.9473684210526315
54.7,U16,Logistic_Regression,3,3,0.8606260170286869
54.7,U16,Decision_Tree_NestedCV,3,3,0.9224137931034483
43.74,U16,Logistic_Regression,0,0,0.9135891386341036
43.74,U16,Decision_Tree_NestedCV,0,0,0.9101123595505618
67.71,EURO,Logistic_Regression,3,0,0.3237696129741046
67.71,EURO,Decision_Tree_NestedCV,3,0,0.16176470588235295
88.6,SLO1,Logistic_Regression,0,0,0.9509601540960605
88.6,SLO1,Decision_Tree_NestedCV,0,0,0.9765100671140939
34.9,U16,Logistic_Regression,0,0,0.867860378371186
34.9,U16,Decision_Tree_NestedCV,0,0,0.9101123595505618
54.78,U16,Logistic_Regression,3,3,0.38475837458092016
54.78,U16,Decision_Tree_NestedCV,3,0,0.16176470588235295
43.8,SLO1,Logistic_Regression,3,3,0.6123109335363782
43.8,SLO1,Decision_Tree_NestedCV,3,3,0.8217821782178217
4.84,EURO,Logistic_Regression,3,3,0.7380204719507499
4.84,EURO,Decision_Tree_NestedCV,3,3,1.0
75.37,SLO1,Logistic_Regression,4,3,0.19044438204069103
75.37,SLO1,Decision_Tree_NestedCV,4,0,0.16666666666666666
0.0,NBA,Logistic_Regression,0,0,0.5205759748446661
0.0,NBA,Decision_Tree_NestedCV,0,2,0.3936651583710407
37.45,EURO,Logistic_Regression,4,0,0.4445089556406846
37.45,EURO,Decision_Tree_NestedCV,4,4,0.8333333333333334
10.64,NBA,Logistic_Regression,0,0,0.9155918472306833
10.64,NBA,Decision_Tree_NestedCV,0,0,0.9765100671140939
84.77,U16,Logistic_Regression,0,0,0.9209576555128793
84.77,U16,Decision_Tree_NestedCV,0,0,0.9101123595505618
32.45,SLO1,Logistic_Regression,0,0,0.9360404666276271
32.45,SLO1,Decision_Tree_NestedCV,0,0,0.9765100671140939
34.26,EURO,Logistic_Regression,4,4,0.3418534186434429
34.26,EURO,Decision_Tree_NestedCV,4,4,0.5121951219512195
89.73,NBA,Logistic_Regression,0,0,0.9255758039578986
89.73,NBA,Decision_Tree_NestedCV,0,0,0.9765100671140939
68.93,EURO,Logistic_Regression,3,3,0.3767633140202024
68.93,EURO,Decision_Tree_NestedCV,3,3,0.46534653465346537
0.0,EURO,Logistic_Regression,0,0,0.9458049943023332
0.0,EURO,Decision_Tree_NestedCV,0,0,0.9765100671140939
81.25,SLO1,Logistic_Regression,0,0,0.9562472708574837
81.25,SLO1,Decision_Tree_NestedCV,0,0,0.9765100671140939
20.99,U16,Logistic_Regression,4,3,0.34490440844391784
20.99,U16,Decision_Tree_NestedCV,4,3,0.2345679012345679
34.25,NBA,Logistic_Regression,0,0,0.9320666091501111
34.25,NBA,Decision_Tree_NestedCV,0,0,0.9765100671140939
10.88,NBA,Logistic_Regression,0,0,0.6885354404250426
10.88,NBA,Decision_Tree_NestedCV,0,0,0.7904761904761904
29.91,U14,Logistic_Regression,0,0,0.8685148755930707
29.91,U14,Decision_Tree_NestedCV,0,0,0.8909090909090909
19.89,SLO1,Logistic_Regression,2,5,0.20286865197727058
19.89,SLO1,Decision_Tree_NestedCV,2,3,0.2558139534883721
49.37,NBA,Logistic_Regression,0,0,0.9240850147123366
49.37,NBA,Decision_Tree_NestedCV,0,0,0.9765100671140939
62.56,EURO,Logistic_Regression,3,3,0.767199512605086
62.56,EURO,Decision_Tree_NestedCV,3,3,0.819672131147541
19.23,NBA,Logistic_Regression,0,0,0.9442832256209254
19.23,NBA,Decision_Tree_NestedCV,0,0,0.9765100671140939
66.03,SLO1,Logistic_Regression,0,3,0.1450133632134699
66.03,SLO1,Decision_Tree_NestedCV,0,0,0.38095238095238093
9.55,U16,Logistic_Regression,3,3,0.3618950753319355
9.55,U16,Decision_Tree_NestedCV,3,3,0.7840909090909091
68.3,EURO,Logistic_Regression,3,3,0.8470299352588386
68.3,EURO,Decision_Tree_NestedCV,3,3,0.9224137931034483
21.9,U14,Logistic_Regression,0,0,0.9090333800033055
21.9,U14,Decision_Tree_NestedCV,0,0,0.7709923664122137
2.75,U14,Logistic_Regression,2,0,0.12544392938942583
2.75,U14,Decision_Tree_NestedCV,2,0,0.17307692307692307
2.05,U14,Logistic_Regression,0,0,0.9118232658243448
2.05,U14,Decision_Tree_NestedCV,0,0,0.7709923664122137
6.73,EURO,Logistic_Regression,0,0,0.8909078993805244
6.73,EURO,Decision_Tree_NestedCV,0,0,0.9765100671140939
0.41,EURO,Logistic_Regression,0,0,0.9442245376707731
0.41,EURO,Decision_Tree_NestedCV,0,0,0.9765100671140939
85.21,EURO,Logistic_Regression,3,3,0.7532592288388594
85.21,EURO,Decision_Tree_NestedCV,3,3,0.5679012345679012
25.73,SLO1,Logistic_Regression,0,0,0.9556415931203809
25.73,SLO1,Decision_Tree_NestedCV,0,0,0.9765100671140939
10.08,U14,Logistic_Regression,0,0,0.8898411815227543
10.08,U14,Decision_Tree_NestedCV,0,0,0.7709923664122137
48.61,EURO,Logistic_Regression,0,0,0.8692395082869813
48.61,EURO,Decision_Tree_NestedCV,0,0,0.9765100671140939
67.02,SLO1,Logistic_Regression,3,3,0.913364559505979
67.02,SLO1,Decision_Tree_NestedCV,3,3,0.819672131147541
61.65,EURO,Logistic_Regression,0,0,0.9324364406763559
61.65,EURO,Decision_Tree_NestedCV,0,0,0.9765100671140939
23.59,NBA,Logistic_Regression,0,0,0.9372707941204683
23.59,NBA,Decision_Tree_NestedCV,0,0,0.9765100671140939
88.35,EURO,Logistic_Regression,0,0,0.9433043745759279
88.35,EURO,Decision_Tree_NestedCV,0,0,0.9765100671140939
64.48,U14,Logistic_Regression,3,3,0.8268716827526085
64.48,U14,Decision_Tree_NestedCV,3,3,0.9224137931034483
7.81,SLO1,Logistic_Regression,3,3,0.7272675921005152
7.81,SLO1,Decision_Tree_NestedCV,3,3,0.8217821782178217
33.22,EURO,Logistic_Regression,0,0,0.9313591098282216
33.22,EURO,Decision_Tree_NestedCV,0,0,0.9765100671140939
38.65,EURO,Logistic_Regression,0,0,0.9507478653890793
38.65,EURO,Decision_Tree_NestedCV,0,0,0.9765100671140939
30.52,U14,Logistic_Regression,3,3,0.6469782683454587
30.52,U14,Decision_Tree_NestedCV,3,3,0.46534653465346537
6.06,SLO1,Logistic_Regression,2,2,0.45605782343273865
6.06,SLO1,Decision_Tree_NestedCV,2,3,0.2558139534883721
26.59,NBA,Logistic_Regression,0,0,0.9442512249245733
26.59,NBA,Decision_Tree_NestedCV,0,0,0.9765100671140939
51.67,U16,Logistic_Regression,4,0,0.05950254540169112
51.67,U16,Decision_Tree_NestedCV,4,0,0.0898876404494382
2.91,NBA,Logistic_Regression,0,0,0.34844954598793926
2.91,NBA,Decision_Tree_NestedCV,0,2,0.20261437908496732
41.49,SLO1,Logistic_Regression,1,2,0.08804455782652458
41.49,SLO1,Decision_Tree_NestedCV,1,2,0.0718954248366013
24.74,SLO1,Logistic_Regression,3,3,0.6108211695354575
24.74,SLO1,Decision_Tree_NestedCV,3,3,0.8217821782178217
89.4,EURO,Logistic_Regression,0,0,0.86520942069189
89.4,EURO,Decision_Tree_NestedCV,0,0,0.9765100671140939
50.76,U16,Logistic_Regression,3,3,0.8097528141109277
50.76,U16,Decision_Tree_NestedCV,3,3,0.819672131147541
2.5,SLO1,Logistic_Regression,0,0,0.9552623848002673
2.5,SLO1,Decision_Tree_NestedCV,0,0,0.9765100671140939
14.18,U14,Logistic_Regression,2,0,0.08582283667858698
14.18,U14,Decision_Tree_NestedCV,2,3,0.07673267326732673
65.65,NBA,Logistic_Regression,0,0,0.4788337396964265
65.65,NBA,Decision_Tree_NestedCV,0,2,0.3936651583710407
48.67,U16,Logistic_Regression,0,3,0.04776134985550384
48.67,U16,Decision_Tree_NestedCV,0,3,0.04310344827586207
65.12,U16,Logistic_Regression,4,0,0.07374279914578437
65.12,U16,Decision_Tree_NestedCV,4,0,0.0898876404494382
22.74,NBA,Logistic_Regression,0,0,0.8835245706992892
22.74,NBA,Decision_Tree_NestedCV,0,0,0.9765100671140939
46.61,SLO1,Logistic_Regression,0,2,0.32738774038529395
46.61,SLO1,Decision_Tree_NestedCV,0,2,0.20261437908496732
59.07,U14,Logistic_Regression,3,3,0.7489720672433109
59.07,U14,Decision_Tree_NestedCV,3,3,0.8478260869565217
31.97,NBA,Logistic_Regression,1,0,0.24097820490026559
31.97,NBA,Decision_Tree_NestedCV,1,2,0.0718954248366013
81.43,EURO,Logistic_Regression,1,3,0.08683854444716661
81.43,EURO,Decision_Tree_NestedCV,1,3,0.12128712871287128
81.69,SLO1,Logistic_Regression,0,0,0.9561822126568235
81.69,SLO1,Decision_Tree_NestedCV,0,0,0.9765100671140939
26.81,SLO1,Logistic_Regression,2,0,0.37368182081922297
26.81,SLO1,Decision_Tree_NestedCV,2,4,0.0
13.68,NBA,Logistic_Regression,3,4,0.4744947572147116
13.68,NBA,Decision_Tree_NestedCV,3,4,0.0
25.38,U16,Logistic_Regression,4,0,0.05923259377339571
25.38,U16,Decision_Tree_NestedCV,4,0,0.0898876404494382
45.76,U14,Logistic_Regression,3,3,0.5912487268982419
45.76,U14,Decision_Tree_NestedCV,3,3,0.46534653465346537
49.02,U16,Logistic_Regression,4,0,0.07222632813856315
49.02,U16,Decision_Tree_NestedCV,4,0,0.0898876404494382
57.29,U16,Logistic_Regression,3,3,0.919451187417419
57.29,U16,Decision_Tree_NestedCV,3,3,0.9224137931034483
62.74,NBA,Logistic_Regression,0,0,0.7859307650661878
62.74,NBA,Decision_Tree_NestedCV,0,0,0.7904761904761904
13.57,U14,Logistic_Regression,0,0,0.8901653324480653
13.57,U14,Decision_Tree_NestedCV,0,0,0.7709923664122137
46.58,NBA,Logistic_Regression,0,0,0.9540848971406339
46.58,NBA,Decision_Tree_NestedCV,0,0,0.9765100671140939
62.39,NBA,Logistic_Regression,4,0,0.054916555270674634
62.39,NBA,Decision_Tree_NestedCV,4,0,0.012304250559284116
62.71,NBA,Logistic_Regression,3,3,0.4746777910808637
62.71,NBA,Decision_Tree_NestedCV,3,3,0.46534653465346537
22.74,NBA,Logistic_Regression,0,0,0.9506171579470943
22.74,NBA,Decision_Tree_NestedCV,0,0,0.9765100671140939
63.95,EURO,Logistic_Regression,0,0,0.9471308813372212
63.95,EURO,Decision_Tree_NestedCV,0,0,0.9765100671140939
87.01,EURO,Logistic_Regression,0,0,0.9428108652852484
87.01,EURO,Decision_Tree_NestedCV,0,0,0.9765100671140939
27.81,U14,Logistic_Regression,4,0,0.08913512942176534
27.81,U14,Decision_Tree_NestedCV,4,0,0.07692307692307693
22.15,NBA,Logistic_Regression,0,2,0.2550278763936677
22.15,NBA,Decision_Tree_NestedCV,0,2,0.20261437908496732
27.95,U16,Logistic_Regression,1,3,0.034389532246517744
27.95,U16,Decision_Tree_NestedCV,1,3,0.011363636363636364
53.57,U14,Logistic_Regression,3,3,0.6580929951950683
53.57,U14,Decision_Tree_NestedCV,3,3,0.5679012345679012
42.97,SLO1,Logistic_Regression,0,3,0.21840156917942172
42.97,SLO1,Decision_Tree_NestedCV,0,0,0.38095238095238093
45.23,EURO,Logistic_Regression,0,0,0.9443902831912733
45.23,EURO,Decision_Tree_NestedCV,0,0,0.9765100671140939
50.68,EURO,Logistic_Regression,3,0,3.6232406173339064e-05
50.68,EURO,Decision_Tree_NestedCV,3,0,0.0022371364653243847
27.54,SLO1,Logistic_Regression,0,0,0.9609424945154829
27.54,SLO1,Decision_Tree_NestedCV,0,0,0.9765100671140939
73.32,SLO1,Logistic_Regression,2,0,0.24435177848055312
73.32,SLO1,Decision_Tree_NestedCV,2,0,0.2426470588235294
49.65,U14,Logistic_Regression,0,0,0.9102552694889331
49.65,U14,Decision_Tree_NestedCV,0,0,0.7709923664122137
8.61,NBA,Logistic_Regression,0,0,0.9334248740284491
8.61,NBA,Decision_Tree_NestedCV,0,0,0.9765100671140939
53.16,EURO,Logistic_Regression,0,0,0.952923018318624
53.16,EURO,Decision_Tree_NestedCV,0,0,0.9765100671140939
77.5,EURO,Logistic_Regression,3,3,0.7908187739198044
77.5,EURO,Decision_Tree_NestedCV,3,3,0.819672131147541
45.68,SLO1,Logistic_Regression,0,0,0.7483379831470235
45.68,SLO1,Decision_Tree_NestedCV,0,0,0.7904761904761904
46.51,SLO1,Logistic_Regression,0,0,0.4934817948392101
46.51,SLO1,Decision_Tree_NestedCV,0,3,0.0
26.86,EURO,Logistic_Regression,2,2,0.412716453349948
26.86,EURO,Decision_Tree_NestedCV,2,3,0.07673267326732673
6.37,EURO,Logistic_Regression,0,0,0.9314103898332003
6.37,EURO,Decision_Tree_NestedCV,0,0,0.9765100671140939
64.53,NBA,Logistic_Regression,0,0,0.9442255662813568
64.53,NBA,Decision_Tree_NestedCV,0,0,0.9765100671140939
6.32,NBA,Logistic_Regression,0,0,0.835324956727386
6.32,NBA,Decision_Tree_NestedCV,0,0,0.9765100671140939
9.74,NBA,Logistic_Regression,0,0,0.9520321966630435
9.74,NBA,Decision_Tree_NestedCV,0,0,0.9765100671140939
63.2,EURO,Logistic_Regression,0,0,0.9261759331759888
63.2,EURO,Decision_Tree_NestedCV,0,0,0.9765100671140939
9.04,SLO1,Logistic_Regression,0,2,0.1779467020740836
9.04,SLO1,Decision_Tree_NestedCV,0,3,0.13953488372093023
55.84,U14,Logistic_Regression,4,3,0.15247171582939031
55.84,U14,Decision_Tree_NestedCV,4,3,0.034482758620689655
20.99,EURO,Logistic_Regression,3,2,0.13863499853740857
20.99,EURO,Decision_Tree_NestedCV,3,2,0.19607843137254902
82.46,SLO1,Logistic_Regression,0,0,0.8359940452711657
82.46,SLO1,Decision_Tree_NestedCV,0,0,0.9765100671140939
17.33,U14,Logistic_Regression,0,3,0.38507697993401624
17.33,U14,Decision_Tree_NestedCV,0,3,0.21287128712871287
38.98,EURO,Logistic_Regression,0,0,0.9510765074092812
38.98,EURO,Decision_Tree_NestedCV,0,0,0.9765100671140939
80.68,SLO1,Logistic_Regression,0,0,0.8255384143959432
80.68,SLO1,Decision_Tree_NestedCV,0,0,0.9765100671140939
58.33,U14,Logistic_Regression,3,3,0.7339821293144905
58.33,U14,Decision_Tree_NestedCV,3,3,0.9224137931034483
60.27,EURO,Logistic_Regression,2,0,0.26113781171621997
60.27,EURO,Decision_Tree_NestedCV,2,2,0.4796380090497738
81.66,EURO,Logistic_Regression,3,3,0.8279560962027137
81.66,EURO,Decision_Tree_NestedCV,3,3,0.9224137931034483
50.76,EURO,Logistic_Regression,2,2,0.3670464230000458
50.76,EURO,Decision_Tree_NestedCV,2,3,0.07673267326732673
1.38,SLO1,Logistic_Regression,0,0,0.8617094330724073
1.38,SLO1,Decision_Tree_NestedCV,0,0,0.9765100671140939
34.35,NBA,Logistic_Regression,0,0,0.9514844627929971
34.35,NBA,Decision_Tree_NestedCV,0,0,0.9765100671140939
36.62,U16,Logistic_Regression,0,0,0.9367108969400255
36.62,U16,Decision_Tree_NestedCV,0,0,0.9101123595505618
51.88,EURO,Logistic_Regression,0,0,0.9508698040108862
51.88,EURO,Decision_Tree_NestedCV,0,0,0.9765100671140939
64.37,U16,Logistic_Regression,0,0,0.9231096073252576
64.37,U16,Decision_Tree_NestedCV,0,0,0.9101123595505618
18.02,EURO,Logistic_Regression,0,0,0.9011545820756305
18.02,EURO,Decision_Tree_NestedCV,0,0,0.9765100671140939
28.35,SLO1,Logistic_Regression,3,3,0.8413562345984658
28.35,SLO1,Decision_Tree_NestedCV,3,3,0.6046511627906976
6.4,SLO1,Logistic_Regression,3,3,0.7127823551359307
6.4,SLO1,Decision_Tree_NestedCV,3,3,0.8217821782178217
65.5,EURO,Logistic_Regression,0,0,0.8195943753646736
65.5,EURO,Decision_Tree_NestedCV,0,0,0.9765100671140939
0.84,SLO1,Logistic_Regression,0,0,0.9540733968486661
0.84,SLO1,Decision_Tree_NestedCV,0,0,0.9765100671140939
55.84,SLO1,Logistic_Regression,0,3,0.12361255531907729
55.84,SLO1,Decision_Tree_NestedCV,0,0,0.38095238095238093
46.14,SLO1,Logistic_Regression,0,0,0.9610845859248253
46.14,SLO1,Decision_Tree_NestedCV,0,0,0.9765100671140939
2.48,EURO,Logistic_Regression,0,0,0.8474946173462624
2.48,EURO,Decision_Tree_NestedCV,0,0,0.9765100671140939
64.77,U14,Logistic_Regression,3,3,0.805742422893468
64.77,U14,Decision_Tree_NestedCV,3,3,0.9224137931034483
64.14,U14,Logistic_Regression,4,3,0.2411765503901871
64.14,U14,Decision_Tree_NestedCV,4,3,0.08196721311475409
88.4,EURO,Logistic_Regression,5,3,0.08791534444709995
88.4,EURO,Decision_Tree_NestedCV,5,3,0.08415841584158416
67.37,NBA,Logistic_Regression,0,0,0.9267784681103741
67.37,NBA,Decision_Tree_NestedCV,0,0,0.9765100671140939
56.62,NBA,Logistic_Regression,4,3,0.014954182497510179
56.62,NBA,Decision_Tree_NestedCV,4,3,0.039603960396039604
32.2,NBA,Logistic_Regression,3,3,0.34439521275850393
32.2,NBA,Decision_Tree_NestedCV,3,3,0.46534653465346537
13.31,U14,Logistic_Regression,0,0,0.8844133423895508
13.31,U14,Decision_Tree_NestedCV,0,0,0.7709923664122137
26.81,NBA,Logistic_Regression,4,3,0.2808633924446854
26.81,NBA,Decision_Tree_NestedCV,4,4,0.5121951219512195
85.69,EURO,Logistic_Regression,5,3,0.07349643960654485
85.69,EURO,Decision_Tree_NestedCV,5,3,0.08415841584158416
2.52,U14,Logistic_Regression,0,0,0.8309474504428678
2.52,U14,Decision_Tree_NestedCV,0,0,0.96875
12.81,SLO1,Logistic_Regression,2,3,0.1534963815779447
12.81,SLO1,Decision_Tree_NestedCV,2,3,0.2558139534883721
88.99,EURO,Logistic_Regression,0,0,0.9418661295138698
88.99,EURO,Decision_Tree_NestedCV,0,0,0.9765100671140939
33.83,SLO1,Logistic_Regression,0,0,0.9598771961770107
33.83,SLO1,Decision_Tree_NestedCV,0,0,0.9765100671140939
78.0,EURO,Logistic_Regression,3,3,0.8458666022448694
78.0,EURO,Decision_Tree_NestedCV,3,3,0.9224137931034483
58.61,U14,Logistic_Regression,2,0,0.06551248437552087
58.61,U14,Decision_Tree_NestedCV,2,0,0.17307692307692307
32.7,SLO1,Logistic_Regression,0,0,0.8816797671364898
32.7,SLO1,Decision_Tree_NestedCV,0,0,0.9765100671140939
38.58,SLO1,Logistic_Regression,0,0,0.9561236586669697
38.58,SLO1,Decision_Tree_NestedCV,0,0,0.9765100671140939
22.36,SLO1,Logistic_Regression,0,0,0.9560975040877471
22.36,SLO1,Decision_Tree_NestedCV,0,0,0.9765100671140939
59.02,SLO1,Logistic_Regression,1,3,0.13686130854971357
59.02,SLO1,Decision_Tree_NestedCV,1,0,0.058823529411764705
48.19,EURO,Logistic_Regression,0,0,0.9517307894100111
48.19,EURO,Decision_Tree_NestedCV,0,0,0.9765100671140939
0.0,SLO1,Logistic_Regression,0,0,0.47848288027961455
0.0,SLO1,Decision_Tree_NestedCV,0,2,0.3936651583710407
30.66,SLO1,Logistic_Regression,3,3,0.3117144197084778
30.66,SLO1,Decision_Tree_NestedCV,3,3,0.3023255813953488
75.28,EURO,Logistic_Regression,3,0,0.3212544488413524
75.28,EURO,Decision_Tree_NestedCV,3,0,0.16176470588235295
37.05,NBA,Logistic_Regression,0,0,0.7962627379733097
37.05,NBA,Decision_Tree_NestedCV,0,0,0.5
49.49,SLO1,Logistic_Regression,0,0,0.5015286043901043
49.49,SLO1,Decision_Tree_NestedCV,0,0,0.8181818181818182
64.48,U16,Logistic_Regression,3,3,0.632279890335839
64.48,U16,Decision_Tree_NestedCV,3,3,0.7840909090909091
0.0,NBA,Logistic_Regression,0,0,0.9364262011878325
0.0,NBA,Decision_Tree_NestedCV,0,0,0.9765100671140939
60.95,EURO,Logistic_Regression,0,0,0.9447329806384103
60.95,EURO,Decision_Tree_NestedCV,0,0,0.9765100671140939
12.76,NBA,Logistic_Regression,0,0,0.942525164106206
12.76,NBA,Decision_Tree_NestedCV,0,0,0.9765100671140939
60.7,U16,Logistic_Regression,0,0,0.6238114678328466
60.7,U16,Decision_Tree_NestedCV,0,2,0.3936651583710407
55.89,NBA,Logistic_Regression,4,0,0.06207693096342049
55.89,NBA,Decision_Tree_NestedCV,4,0,0.14285714285714285
53.76,EURO,Logistic_Regression,0,0,0.9433472396309942
53.76,EURO,Decision_Tree_NestedCV,0,0,0.9765100671140939
0.0,EURO,Logistic_Regression,0,0,0.7749796386645044
0.0,EURO,Decision_Tree_NestedCV,0,0,0.9765100671140939
23.42,SLO1,Logistic_Regression,0,0,0.9543648781326372
23.42,SLO1,Decision_Tree_NestedCV,0,0,0.9765100671140939
80.9,SLO1,Logistic_Regression,4,0,0.35583506731131254
80.9,SLO1,Decision_Tree_NestedCV,4,4,0.7777777777777778
1.86,NBA,Logistic_Regression,4,3,0.33603237478798037
1.86,NBA,Decision_Tree_NestedCV,4,4,0.5121951219512195
1.28,SLO1,Logistic_Regression,0,0,0.9533034404174463
1.28,SLO1,Decision_Tree_NestedCV,0,0,0.9765100671140939
28.12,EURO,Logistic_Regression,0,0,0.9464018672387248
28.12,EURO,Decision_Tree_NestedCV,0,0,0.9765100671140939
4.4,SLO1,Logistic_Regression,0,0,0.5574016203003496
4.4,SLO1,Decision_Tree_NestedCV,0,0,0.7904761904761904
66.03,SLO1,Logistic_Regression,0,3,0.1450133632134699
66.03,SLO1,Decision_Tree_NestedCV,0,0,0.38095238095238093
21.77,NBA,Logistic_Regression,2,0,0.16478590550250424
21.77,NBA,Decision_Tree_NestedCV,2,0,0.1619047619047619
58.09,EURO,Logistic_Regression,0,0,0.9278026663874362
58.09,EURO,Decision_Tree_NestedCV,0,0,0.9765100671140939
49.81,EURO,Logistic_Regression,0,0,0.9243634421484205
49.81,EURO,Decision_Tree_NestedCV,0,0,0.9765100671140939
14.81,NBA,Logistic_Regression,4,3,0.20174745317853957
14.81,NBA,Decision_Tree_NestedCV,4,0,0.3225806451612903
4.46,EURO,Logistic_Regression,1,1,0.3157372901132561
4.46,EURO,Decision_Tree_NestedCV,1,3,0.12128712871287128
33.16,NBA,Logistic_Regression,0,0,0.9531068969990647
33.16,NBA,Decision_Tree_NestedCV,0,0,0.9765100671140939
54.61,SLO1,Logistic_Regression,0,0,0.9618493124595229
54.61,SLO1,Decision_Tree_NestedCV,0,0,0.9765100671140939
5.73,SLO1,Logistic_Regression,0,2,0.3049735012579752
5.73,SLO1,Decision_Tree_NestedCV,0,2,0.3936651583710407
22.62,SLO1,Logistic_Regression,0,0,0.492499935568034
22.62,SLO1,Decision_Tree_NestedCV,0,0,1.0
21.89,NBA,Logistic_Regression,0,0,0.9443979628172283
21.89,NBA,Decision_Tree_NestedCV,0,0,0.9765100671140939
11.34,NBA,Logistic_Regression,0,0,0.938083788527724
11.34,NBA,Decision_Tree_NestedCV,0,0,0.9765100671140939
25.6,NBA,Logistic_Regression,0,0,0.9103513133622462
25.6,NBA,Decision_Tree_NestedCV,0,0,0.9765100671140939
57.68,EURO,Logistic_Regression,0,0,0.94407194960221
57.68,EURO,Decision_Tree_NestedCV,0,0,0.9765100671140939
29.35,EURO,Logistic_Regression,0,0,0.9492215113309266
29.35,EURO,Decision_Tree_NestedCV,0,0,0.9765100671140939
87.6,NBA,Logistic_Regression,0,0,0.9428761795189323
87.6,NBA,Decision_Tree_NestedCV,0,0,0.9765100671140939
46.32,EURO,Logistic_Regression,0,0,0.8012537720348447
46.32,EURO,Decision_Tree_NestedCV,0,0,0.5
61.43,SLO1,Logistic_Regression,3,3,0.8331847330353024
61.43,SLO1,Decision_Tree_NestedCV,3,3,0.8217821782178217
56.84,EURO,Logistic_Regression,3,3,0.7653139847293929
56.84,EURO,Decision_Tree_NestedCV,3,3,0.5679012345679012
36.3,EURO,Logistic_Regression,0,0,0.9270449032175679
36.3,EURO,Decision_Tree_NestedCV,0,0,0.9765100671140939
66.03,U14,Logistic_Regression,0,3,0.20747071364479838
66.03,U14,Decision_Tree_NestedCV,0,3,0.21287128712871287
89.05,SLO1,Logistic_Regression,0,0,0.9444270103680943
89.05,SLO1,Decision_Tree_NestedCV,0,0,0.9765100671140939
33.03,EURO,Logistic_Regression,0,0,0.9515905923216595
33.03,EURO,Decision_Tree_NestedCV,0,0,0.9765100671140939
54.01,EURO,Logistic_Regression,0,0,0.9438298716972477
54.01,EURO,Decision_Tree_NestedCV,0,0,0.9765100671140939
88.78,SLO1,Logistic_Regression,0,0,0.9563993501820248
88.78,SLO1,Decision_Tree_NestedCV,0,0,0.9765100671140939
50.81,EURO,Logistic_Regression,4,4,0.48567966981985977
50.81,EURO,Decision_Tree_NestedCV,4,4,0.9473684210526315
38.79,U14,Logistic_Regression,0,0,0.889806486456394
38.79,U14,Decision_Tree_NestedCV,0,0,0.7709923664122137
41.31,SLO1,Logistic_Regression,0,0,0.7443989027013399
41.31,SLO1,Decision_Tree_NestedCV,0,0,0.7904761904761904
51.08,SLO1,Logistic_Regression,0,0,0.9556280356275881
51.08,SLO1,Decision_Tree_NestedCV,0,0,0.9765100671140939
57.01,U14,Logistic_Regression,3,3,0.7064121073607135
57.01,U14,Decision_Tree_NestedCV,3,3,0.9224137931034483
85.71,NBA,Logistic_Regression,0,0,0.935501509044969
85.71,NBA,Decision_Tree_NestedCV,0,0,0.9765100671140939
13.54,SLO1,Logistic_Regression,0,0,0.6260904051772275
13.54,SLO1,Decision_Tree_NestedCV,0,4,0.1111111111111111
71.21,SLO1,Logistic_Regression,0,0,0.9090759816296253
71.21,SLO1,Decision_Tree_NestedCV,0,0,0.9765100671140939
45.58,U16,Logistic_Regression,3,3,0.5245297539216867
45.58,U16,Decision_Tree_NestedCV,3,3,0.7840909090909091
87.9,EURO,Logistic_Regression,0,0,0.9428423388107473
87.9,EURO,Decision_Tree_NestedCV,0,0,0.9765100671140939
3.38,NBA,Logistic_Regression,2,0,0.24188812872250567
3.38,NBA,Decision_Tree_NestedCV,2,2,0.4796380090497738
87.9,SLO1,Logistic_Regression,0,0,0.9615350770540754
87.9,SLO1,Decision_Tree_NestedCV,0,0,0.9765100671140939
25.38,U16,Logistic_Regression,0,0,0.9367469935972855
25.38,U16,Decision_Tree_NestedCV,0,0,0.9101123595505618
1.74,EURO,Logistic_Regression,4,4,0.6513484708228079
1.74,EURO,Decision_Tree_NestedCV,4,4,1.0
76.68,NBA,Logistic_Regression,0,0,0.9436957721012675
76.68,NBA,Decision_Tree_NestedCV,0,0,0.9765100671140939
55.7,U16,Logistic_Regression,1,3,0.025629773818082187
55.7,U16,Decision_Tree_NestedCV,1,3,0.011363636363636364
62.28,EURO,Logistic_Regression,0,3,0.22858912162907805
62.28,EURO,Decision_Tree_NestedCV,0,3,0.21287128712871287
68.52,EURO,Logistic_Regression,4,4,0.8461966093562556
68.52,EURO,Decision_Tree_NestedCV,4,4,0.9473684210526315
87.99,NBA,Logistic_Regression,0,0,0.9331930867485949
87.99,NBA,Decision_Tree_NestedCV,0,0,0.9765100671140939
50.18,SLO1,Logistic_Regression,0,0,0.9587152314447691
50.18,SLO1,Decision_Tree_NestedCV,0,0,0.9765100671140939
61.04,SLO1,Logistic_Regression,0,0,0.8992859803351648
61.04,SLO1,Decision_Tree_NestedCV,0,0,0.9765100671140939
59.07,U14,Logistic_Regression,3,3,0.7627965442950222
59.07,U14,Decision_Tree_NestedCV,3,3,0.9224137931034483
3.19,EURO,Logistic_Regression,2,0,0.3922505032812875
3.19,EURO,Decision_Tree_NestedCV,2,2,0.4796380090497738
10.7,U14,Logistic_Regression,0,0,0.8437578607303812
10.7,U14,Decision_Tree_NestedCV,0,0,0.8909090909090909
80.91,U14,Logistic_Regression,3,3,0.8767751806254074
80.91,U14,Decision_Tree_NestedCV,3,3,0.9224137931034483
62.44,U14,Logistic_Regression,3,3,0.7614631301892303
62.44,U14,Decision_Tree_NestedCV,3,3,0.8478260869565217
32.37,EURO,Logistic_Regression,0,0,0.9112211711213549
32.37,EURO,Decision_Tree_NestedCV,0,0,0.9765100671140939
68.93,EURO,Logistic_Regression,3,3,0.7906413533575997
68.93,EURO,Decision_Tree_NestedCV,3,3,0.819672131147541
17.48,NBA,Logistic_Regression,2,3,0.1243609189791887
17.48,NBA,Decision_Tree_NestedCV,2,3,0.07673267326732673
89.14,EURO,Logistic_Regression,2,0,0.23945368960539384
89.14,EURO,Decision_Tree_NestedCV,2,2,0.4796380090497738
84.02,NBA,Logistic_Regression,0,0,0.8485919832109078
84.02,NBA,Decision_Tree_NestedCV,0,0,0.9765100671140939
18.93,U14,Logistic_Regression,0,0,0.8902495838322337
18.93,U14,Decision_Tree_NestedCV,0,0,0.7709923664122137
37.8,NBA,Logistic_Regression,4,4,0.9469239694650233
37.8,NBA,Decision_Tree_NestedCV,4,4,0.8333333333333334
49.2,EURO,Logistic_Regression,0,0,0.9429446810152939
49.2,EURO,Decision_Tree_NestedCV,0,0,0.9765100671140939
47.79,NBA,Logistic_Regression,0,0,0.9224409277198524
47.79,NBA,Decision_Tree_NestedCV,0,0,0.9765100671140939
45.7,SLO1,Logistic_Regression,0,0,0.7894533007858939
45.7,SLO1,Decision_Tree_NestedCV,0,0,0.7904761904761904
8.33,EURO,Logistic_Regression,0,0,0.9194670252869662
8.33,EURO,Decision_Tree_NestedCV,0,0,0.9765100671140939
14.59,EURO,Logistic_Regression,0,0,0.9506736687280865
14.59,EURO,Decision_Tree_NestedCV,0,0,0.9765100671140939
63.3,NBA,Logistic_Regression,2,0,0.14079567626285275
63.3,NBA,Decision_Tree_NestedCV,2,2,0.4796380090497738
27.22,EURO,Logistic_Regression,2,0,0.25520287793197655
27.22,EURO,Decision_Tree_NestedCV,2,0,0.2857142857142857
65.31,NBA,Logistic_Regression,0,0,0.9164519804591611
65.31,NBA,Decision_Tree_NestedCV,0,0,0.9765100671140939
20.1,SLO1,Logistic_Regression,0,0,0.9589536454695533
20.1,SLO1,Decision_Tree_NestedCV,0,0,0.9765100671140939
88.34,SLO1,Logistic_Regression,0,0,0.9615601509161585
88.34,SLO1,Decision_Tree_NestedCV,0,0,0.9765100671140939
32.14,SLO1,Logistic_Regression,0,0,0.9586435837284708
32.14,SLO1,Decision_Tree_NestedCV,0,0,0.9765100671140939
75.89,EURO,Logistic_Regression,1,3,0.06310041532420206
75.89,EURO,Decision_Tree_NestedCV,1,3,0.12128712871287128
47.37,SLO1,Logistic_Regression,0,0,0.9604791802096251
47.37,SLO1,Decision_Tree_NestedCV,0,0,0.9765100671140939
48.74,NBA,Logistic_Regression,0,0,0.9443046254998277
48.74,NBA,Decision_Tree_NestedCV,0,0,0.9765100671140939
46.22,NBA,Logistic_Regression,3,3,0.805725968474579
46.22,NBA,Decision_Tree_NestedCV,3,3,0.819672131147541
52.4,NBA,Logistic_Regression,3,3,0.7957151113531581
52.4,NBA,Decision_Tree_NestedCV,3,3,0.5679012345679012
89.22,EURO,Logistic_Regression,0,0,0.9423417242008206
89.22,EURO,Decision_Tree_NestedCV,0,0,0.9765100671140939
40.4,NBA,Logistic_Regression,3,0,0.30942579864423314
40.4,NBA,Decision_Tree_NestedCV,3,2,0.19607843137254902
65.9,EURO,Logistic_Regression,0,0,0.9442938089169755
65.9,EURO,Decision_Tree_NestedCV,0,0,0.9765100671140939
30.61,EURO,Logistic_Regression,0,0,0.9470095531077011
30.61,EURO,Decision_Tree_NestedCV,0,0,0.9765100671140939
2.42,NBA,Logistic_Regression,2,2,0.3075601398387473
2.42,NBA,Decision_Tree_NestedCV,2,2,0.4117647058823529
2.16,SLO1,Logistic_Regression,0,0,0.5152263783582388
2.16,SLO1,Decision_Tree_NestedCV,0,3,0.0
36.52,EURO,Logistic_Regression,0,2,0.15075875999158164
36.52,EURO,Decision_Tree_NestedCV,0,3,0.21287128712871287
59.02,EURO,Logistic_Regression,2,0,0.24729329297424135
59.02,EURO,Decision_Tree_NestedCV,2,0,0.2426470588235294
4.39,NBA,Logistic_Regression,0,4,0.39078194724056864
4.39,NBA,Decision_Tree_NestedCV,0,4,0.02631578947368421
71.58,SLO1,Logistic_Regression,0,0,0.961820866512712
71.58,SLO1,Decision_Tree_NestedCV,0,0,0.9765100671140939
77.03,U14,Logistic_Regression,2,3,0.03420637530866083
77.03,U14,Decision_Tree_NestedCV,2,3,0.07673267326732673
45.48,U14,Logistic_Regression,0,0,0.8521446467125053
45.48,U14,Decision_Tree_NestedCV,0,0,0.8909090909090909
59.98,NBA,Logistic_Regression,0,0,0.4491260781233145
59.98,NBA,Decision_Tree_NestedCV,0,2,0.3936651583710407
2.73,SLO1,Logistic_Regression,3,0,0.25129833315187133
2.73,SLO1,Decision_Tree_NestedCV,3,3,0.8217821782178217
55.08,SLO1,Logistic_Regression,3,3,0.6557666107182702
55.08,SLO1,Decision_Tree_NestedCV,3,3,0.8217821782178217
84.51,SLO1,Logistic_Regression,0,0,0.939644589936002
84.51,SLO1,Decision_Tree_NestedCV,0,0,0.9765100671140939
82.27,EURO,Logistic_Regression,0,0,0.7356495483237807
82.27,EURO,Decision_Tree_NestedCV,0,2,0.3936651583710407
44.04,U14,Logistic_Regression,0,0,0.5845551656137816
44.04,U14,Decision_Tree_NestedCV,0,0,0.7307692307692307
64.85,SLO1,Logistic_Regression,0,0,0.6170727753267664
64.85,SLO1,Decision_Tree_NestedCV,0,0,0.47619047619047616
44.11,SLO1,Logistic_Regression,0,0,0.9204577743457211
44.11,SLO1,Decision_Tree_NestedCV,0,0,0.9765100671140939
85.73,EURO,Logistic_Regression,0,0,0.5009612301772945
85.73,EURO,Decision_Tree_NestedCV,0,2,0.3936651583710407
13.66,U16,Logistic_Regression,0,0,0.8669133813649533
13.66,U16,Decision_Tree_NestedCV,0,0,0.9101123595505618
78.31,SLO1,Logistic_Regression,0,0,0.957110277259442
78.31,SLO1,Decision_Tree_NestedCV,0,0,0.9765100671140939
33.27,NBA,Logistic_Regression,0,0,0.9451746647392626
33.27,NBA,Decision_Tree_NestedCV,0,0,0.9765100671140939
29.39,SLO1,Logistic_Regression,0,0,0.949199427678504
29.39,SLO1,Decision_Tree_NestedCV,0,0,0.9765100671140939
82.29,EURO,Logistic_Regression,3,3,0.847810485064744
82.29,EURO,Decision_Tree_NestedCV,3,3,0.8478260869565217
62.56,U14,Logistic_Regression,3,3,0.6543373525605533
62.56,U14,Decision_Tree_NestedCV,3,3,0.819672131147541
50.52,SLO1,Logistic_Regression,3,3,0.7976455331928525
50.52,SLO1,Decision_Tree_NestedCV,3,3,0.8217821782178217
40.86,U16,Logistic_Regression,4,3,0.020383885245425348
40.86,U16,Decision_Tree_NestedCV,4,3,0.03409090909090909
77.03,EURO,Logistic_Regression,3,3,0.8490882258316981
77.03,EURO,Decision_Tree_NestedCV,3,3,0.8478260869565217
44.96,U14,Logistic_Regression,0,0,0.8679779650460538
44.96,U14,Decision_Tree_NestedCV,0,0,0.8909090909090909
36.34,SLO1,Logistic_Regression,2,0,0.4158463152668078
36.34,SLO1,Decision_Tree_NestedCV,2,2,0.4796380090497738
35.62,EURO,Logistic_Regression,0,0,0.9599166510983075
35.62,EURO,Decision_Tree_NestedCV,0,0,0.9765100671140939
49.49,U14,Logistic_Regression,3,0,0.3970940246695771
49.49,U14,Decision_Tree_NestedCV,3,3,0.46534653465346537
55.84,U14,Logistic_Regression,3,3,0.7222220965619622
55.84,U14,Decision_Tree_NestedCV,3,3,0.8478260869565217
23.24,SLO1,Logistic_Regression,3,0,0.3841283943845597
23.24,SLO1,Decision_Tree_NestedCV,3,3,0.8217821782178217
64.84,U16,Logistic_Regression,0,3,0.11318057593845161
64.84,U16,Decision_Tree_NestedCV,0,3,0.19753086419753085
37.49,U16,Logistic_Regression,0,0,0.4619209465130231
37.49,U16,Decision_Tree_NestedCV,0,2,0.20261437908496732
36.52,SLO1,Logistic_Regression,5,2,0.1245190072565362
36.52,SLO1,Decision_Tree_NestedCV,5,0,0.09523809523809523
65.66,U16,Logistic_Regression,0,3,0.051119385799503446
65.66,U16,Decision_Tree_NestedCV,0,3,0.09836065573770492
12.25,U14,Logistic_Regression,0,3,0.3455689095202716
12.25,U14,Decision_Tree_NestedCV,0,3,0.21287128712871287
68.3,EURO,Logistic_Regression,3,3,0.8470299352588386
68.3,EURO,Decision_Tree_NestedCV,3,3,0.9224137931034483
22.85,U14,Logistic_Regression,4,0,0.0890669727156314
22.85,U14,Decision_Tree_NestedCV,4,0,0.22900763358778625
32.05,U14,Logistic_Regression,0,0,0.9128810232737721
32.05,U14,Decision_Tree_NestedCV,0,0,0.7709923664122137
75.13,NBA,Logistic_Regression,0,0,0.8868294979743899
75.13,NBA,Decision_Tree_NestedCV,0,0,0.9765100671140939
88.15,EURO,Logistic_Regression,0,0,0.9514814929006222
88.15,EURO,Decision_Tree_NestedCV,0,0,0.9765100671140939
88.3,EURO,Logistic_Regression,0,0,0.9107739286311549
88.3,EURO,Decision_Tree_NestedCV,0,0,0.9765100671140939
84.81,EURO,Logistic_Regression,0,0,0.9504892642928507
84.81,EURO,Decision_Tree_NestedCV,0,0,0.9765100671140939
62.31,EURO,Logistic_Regression,0,0,0.6084078867743844
62.31,EURO,Decision_Tree_NestedCV,0,0,0.47619047619047616
64.44,EURO,Logistic_Regression,3,4,0.45418528584456486
64.44,EURO,Decision_Tree_NestedCV,3,4,0.0
8.38,NBA,Logistic_Regression,1,1,0.38294068159407185
8.38,NBA,Decision_Tree_NestedCV,1,3,0.12128712871287128
61.13,SLO1,Logistic_Regression,0,0,0.8292118925717767
61.13,SLO1,Decision_Tree_NestedCV,0,0,0.9765100671140939
66.54,U14,Logistic_Regression,4,3,0.24791510282393345
66.54,U14,Decision_Tree_NestedCV,4,3,0.15217391304347827
76.38,EURO,Logistic_Regression,0,0,0.4755511728924562
76.38,EURO,Decision_Tree_NestedCV,0,0,0.4264705882352941
83.27,EURO,Logistic_Regression,0,0,0.8383425136762287
83.27,EURO,Decision_Tree_NestedCV,0,0,0.9765100671140939
43.17,EURO,Logistic_Regression,0,0,0.9394714068772657
43.17,EURO,Decision_Tree_NestedCV,0,0,0.9765100671140939
57.29,U14,Logistic_Regression,3,3,0.8076278220692925
57.29,U14,Decision_Tree_NestedCV,3,3,0.8478260869565217
82.13,U16,Logistic_Regression,0,0,0.9427761516938296
82.13,U16,Decision_Tree_NestedCV,0,0,0.9101123595505618
51.15,EURO,Logistic_Regression,0,0,0.9389737803523932
51.15,EURO,Decision_Tree_NestedCV,0,0,0.9765100671140939
14.43,NBA,Logistic_Regression,0,0,0.842361629780065
14.43,NBA,Decision_Tree_NestedCV,0,0,0.9765100671140939
9.55,U14,Logistic_Regression,2,0,0.11963284257092682
9.55,U14,Decision_Tree_NestedCV,2,3,0.07673267326732673
64.77,U14,Logistic_Regression,3,3,0.805742422893468
64.77,U14,Decision_Tree_NestedCV,3,3,0.9224137931034483
75.24,U14,Logistic_Regression,2,0,0.025048303747688575
75.24,U14,Decision_Tree_NestedCV,2,0,0.0
45.58,U14,Logistic_Regression,3,3,0.7917649600775734
45.58,U14,Decision_Tree_NestedCV,3,3,0.9224137931034483
24.08,U14,Logistic_Regression,0,4,0.3250678528323185
24.08,U14,Decision_Tree_NestedCV,0,4,0.0
61.55,EURO,Logistic_Regression,0,0,0.9327290819158459
61.55,EURO,Decision_Tree_NestedCV,0,0,0.9765100671140939
71.04,NBA,Logistic_Regression,0,0,0.9520281161213069
71.04,NBA,Decision_Tree_NestedCV,0,0,0.9765100671140939
26.91,NBA,Logistic_Regression,2,0,0.22021660651193173
26.91,NBA,Decision_Tree_NestedCV,2,2,0.4117647058823529
46.78,U14,Logistic_Regression,0,0,0.8892311943744502
46.78,U14,Decision_Tree_NestedCV,0,0,0.7709923664122137
54.79,EURO,Logistic_Regression,0,0,0.9466394887243652
54.79,EURO,Decision_Tree_NestedCV,0,0,0.9765100671140939
0.84,EURO,Logistic_Regression,0,0,0.9418411409177735
0.84,EURO,Decision_Tree_NestedCV,0,0,0.9765100671140939
84.32,EURO,Logistic_Regression,2,0,0.17109826702067926
84.32,EURO,Decision_Tree_NestedCV,2,2,0.4796380090497738
64.77,EURO,Logistic_Regression,4,3,0.012807964063505895
64.77,EURO,Decision_Tree_NestedCV,4,3,0.039603960396039604
51.36,EURO,Logistic_Regression,3,3,0.7911541641251872
51.36,EURO,Decision_Tree_NestedCV,3,3,0.9224137931034483
9.91,U16,Logistic_Regression,0,0,0.9322912064757972
9.91,U16,Decision_Tree_NestedCV,0,0,0.9101123595505618
23.68,SLO1,Logistic_Regression,0,0,0.9563678544566626
23.68,SLO1,Decision_Tree_NestedCV,0,0,0.9765100671140939
3.86,U14,Logistic_Regression,2,0,0.11508297202612496
3.86,U14,Decision_Tree_NestedCV,2,4,0.0
45.87,EURO,Logistic_Regression,4,0,0.2081655320875847
45.87,EURO,Decision_Tree_NestedCV,4,0,0.14285714285714285
71.77,U14,Logistic_Regression,0,0,0.6876966577869503
71.77,U14,Decision_Tree_NestedCV,0,0,1.0
5.18,U14,Logistic_Regression,0,0,0.8465091868478417
5.18,U14,Decision_Tree_NestedCV,0,0,0.8909090909090909
17.02,U14,Logistic_Regression,3,3,0.5100900686346033
17.02,U14,Decision_Tree_NestedCV,3,3,0.46534653465346537
80.02,NBA,Logistic_Regression,0,0,0.9427668514997748
80.02,NBA,Decision_Tree_NestedCV,0,0,0.9765100671140939
59.97,U14,Logistic_Regression,3,3,0.7463607626739855
59.97,U14,Decision_Tree_NestedCV,3,3,0.9224137931034483
22.27,SLO1,Logistic_Regression,0,0,0.9250980878062446
22.27,SLO1,Decision_Tree_NestedCV,0,0,0.9765100671140939
46.96,NBA,Logistic_Regression,0,0,0.9523065891954378
46.96,NBA,Decision_Tree_NestedCV,0,0,0.9765100671140939
21.42,U14,Logistic_Regression,4,3,0.40625403948836847
21.42,U14,Decision_Tree_NestedCV,4,3,0.2345679012345679
58.73,SLO1,Logistic_Regression,3,3,0.4785253850728955
58.73,SLO1,Decision_Tree_NestedCV,3,3,0.8217821782178217
37.2,NBA,Logistic_Regression,4,3,0.020605068228639754
37.2,NBA,Decision_Tree_NestedCV,4,3,0.039603960396039604
36.46,EURO,Logistic_Regression,0,0,0.9454888788722845
36.46,EURO,Decision_Tree_NestedCV,0,0,0.9765100671140939
57.45,NBA,Logistic_Regression,3,3,0.4586416365112945
57.45,NBA,Decision_Tree_NestedCV,3,3,0.46534653465346537
38.46,NBA,Logistic_Regression,4,3,0.19762891900293536
38.46,NBA,Decision_Tree_NestedCV,4,3,0.2345679012345679
55.7,SLO1,Logistic_Regression,0,3,0.1364344653003097
55.7,SLO1,Decision_Tree_NestedCV,0,0,0.38095238095238093
38.43,NBA,Logistic_Regression,3,3,0.5524712978385528
38.43,NBA,Decision_Tree_NestedCV,3,4,0.0
70.56,EURO,Logistic_Regression,4,4,0.6955664296561959
70.56,EURO,Decision_Tree_NestedCV,4,4,1.0
54.19,NBA,Logistic_Regression,3,3,0.8808614746118106
54.19,NBA,Decision_Tree_NestedCV,3,3,0.9224137931034483
50.52,SLO1,Logistic_Regression,3,3,0.7296311175233622
50.52,SLO1,Decision_Tree_NestedCV,3,3,0.8217821782178217
87.06,SLO1,Logistic_Regression,0,0,0.9264903769636834
87.06,SLO1,Decision_Tree_NestedCV,0,0,0.9765100671140939
26.26,U14,Logistic_Regression,0,0,0.8924211666666015
26.26,U14,Decision_Tree_NestedCV,0,0,0.7709923664122137
29.26,NBA,Logistic_Regression,0,0,0.9224239254901988
29.26,NBA,Decision_Tree_NestedCV,0,0,0.9765100671140939
43.72,U14,Logistic_Regression,4,0,0.08940250511226645
43.72,U14,Decision_Tree_NestedCV,4,0,0.22900763358778625
5.08,U14,Logistic_Regression,4,4,0.6321218958333412
5.08,U14,Decision_Tree_NestedCV,4,4,0.5121951219512195
69.14,EURO,Logistic_Regression,0,0,0.910900308167813
69.14,EURO,Decision_Tree_NestedCV,0,0,0.9765100671140939
68.3,EURO,Logistic_Regression,0,3,0.23366441006806413
68.3,EURO,Decision_Tree_NestedCV,0,3,0.21287128712871287
62.74,NBA,Logistic_Regression,0,0,0.9343932825208451
62.74,NBA,Decision_Tree_NestedCV,0,0,0.9765100671140939
73.46,EURO,Logistic_Regression,2,0,0.2528885996369642
73.46,EURO,Decision_Tree_NestedCV,2,2,0.4796380090497738
74.16,EURO,Logistic_Regression,3,0,0.16253179012129587
74.16,EURO,Decision_Tree_NestedCV,3,2,0.06334841628959276
21.5,EURO,Logistic_Regression,0,0,0.9415152227010068
21.5,EURO,Decision_Tree_NestedCV,0,0,0.9765100671140939
83.72,NBA,Logistic_Regression,1,3,0.09603270183440543
83.72,NBA,Decision_Tree_NestedCV,1,3,0.12128712871287128
75.83,NBA,Logistic_Regression,0,0,0.9528172573334611
75.83,NBA,Decision_Tree_NestedCV,0,0,0.9765100671140939
24.77,NBA,Logistic_Regression,2,0,0.22416796984216456
24.77,NBA,Decision_Tree_NestedCV,2,2,0.4117647058823529
65.66,SLO1,Logistic_Regression,0,3,0.23376530960825992
65.66,SLO1,Decision_Tree_NestedCV,0,0,0.38095238095238093
68.11,NBA,Logistic_Regression,0,0,0.9428859822816804
68.11,NBA,Decision_Tree_NestedCV,0,0,0.9765100671140939
61.43,SLO1,Logistic_Regression,3,4,0.38789639222221733
61.43,SLO1,Decision_Tree_NestedCV,3,3,0.8217821782178217
75.89,EURO,Logistic_Regression,1,3,0.21540926467914398
75.89,EURO,Decision_Tree_NestedCV,1,3,0.12128712871287128
23.0,U16,Logistic_Regression,0,0,0.914333121451143
23.0,U16,Decision_Tree_NestedCV,0,0,0.9101123595505618
86.54,SLO1,Logistic_Regression,0,0,0.9558858843901501
86.54,SLO1,Decision_Tree_NestedCV,0,0,0.9765100671140939
47.17,SLO1,Logistic_Regression,3,3,0.46983094052013896
47.17,SLO1,Decision_Tree_NestedCV,3,3,0.8217821782178217
30.51,EURO,Logistic_Regression,0,0,0.9532148399418626
30.51,EURO,Decision_Tree_NestedCV,0,0,0.9765100671140939
70.78,U14,Logistic_Regression,3,0,0.007124689637979658
70.78,U14,Decision_Tree_NestedCV,3,0,0.0
41.93,EURO,Logistic_Regression,0,0,0.9499415225016895
41.93,EURO,Decision_Tree_NestedCV,0,0,0.9765100671140939
0.0,NBA,Logistic_Regression,0,3,0.30028959848383835
0.0,NBA,Decision_Tree_NestedCV,0,4,0.32926829268292684
44.47,NBA,Logistic_Regression,0,0,0.9249741910524452
44.47,NBA,Decision_Tree_NestedCV,0,0,0.9765100671140939
89.66,NBA,Logistic_Regression,0,0,0.9263778941666606
89.66,NBA,Decision_Tree_NestedCV,0,0,0.9765100671140939
10.69,NBA,Logistic_Regression,4,0,0.05022245590462293
10.69,NBA,Decision_Tree_NestedCV,4,0,0.14285714285714285
85.17,SLO1,Logistic_Regression,0,0,0.9605491906534915
85.17,SLO1,Decision_Tree_NestedCV,0,0,0.9765100671140939
6.54,U16,Logistic_Regression,0,0,0.9258165441573292
6.54,U16,Decision_Tree_NestedCV,0,0,0.9101123595505618
66.58,NBA,Logistic_Regression,0,3,0.11978851984704816
66.58,NBA,Decision_Tree_NestedCV,0,3,0.19753086419753085
26.49,SLO1,Logistic_Regression,0,0,0.9564417266127982
26.49,SLO1,Decision_Tree_NestedCV,0,0,0.9765100671140939
2.87,U14,Logistic_Regression,0,0,0.5859286520158916
2.87,U14,Decision_Tree_NestedCV,0,0,1.0
2.4,SLO1,Logistic_Regression,1,2,0.08113329116614396
2.4,SLO1,Decision_Tree_NestedCV,1,2,0.0718954248366013
84.33,SLO1,Logistic_Regression,0,0,0.9559591296265375
84.33,SLO1,Decision_Tree_NestedCV,0,0,0.9765100671140939
0.42,EURO,Logistic_Regression,0,0,0.9485909992279813
0.42,EURO,Decision_Tree_NestedCV,0,0,0.9765100671140939
46.4,SLO1,Logistic_Regression,0,0,0.9628601870425706
46.4,SLO1,Decision_Tree_NestedCV,0,0,0.9765100671140939
40.97,U16,Logistic_Regression,3,3,0.8104975763300639
40.97,U16,Decision_Tree_NestedCV,3,3,0.5679012345679012
10.62,NBA,Logistic_Regression,0,0,0.9519418675221087
10.62,NBA,Decision_Tree_NestedCV,0,0,0.9830815709969789
33.59,NBA,Logistic_Regression,3,3,0.3070604982108146
33.59,NBA,Decision_Tree_NestedCV,3,3,0.4547738693467337
1.74,SLO1,Logistic_Regression,4,0,0.09644519706194582
1.74,SLO1,Decision_Tree_NestedCV,4,0,0.14678899082568808
30.67,EURO,Logistic_Regression,0,0,0.9519012420410448
30.67,EURO,Decision_Tree_NestedCV,0,0,0.9830815709969789
60.04,U14,Logistic_Regression,0,3,0.36183723082481045
60.04,U14,Decision_Tree_NestedCV,0,3,0.2236180904522613
33.47,U14,Logistic_Regression,0,0,0.885334853400043
33.47,U14,Decision_Tree_NestedCV,0,0,0.8985507246376812
85.21,EURO,Logistic_Regression,0,0,0.674453242591633
85.21,EURO,Decision_Tree_NestedCV,0,2,0.3474320241691843
64.98,SLO1,Logistic_Regression,0,3,0.33765033982844184
64.98,SLO1,Decision_Tree_NestedCV,0,0,0.31451612903225806
21.32,SLO1,Logistic_Regression,0,0,0.9320276765843318
21.32,SLO1,Decision_Tree_NestedCV,0,0,0.9830815709969789
53.98,U14,Logistic_Regression,4,0,0.08314822276854937
53.98,U14,Decision_Tree_NestedCV,4,0,0.21487603305785125
25.09,NBA,Logistic_Regression,0,0,0.9197634704367267
25.09,NBA,Decision_Tree_NestedCV,0,0,0.9830815709969789
8.21,NBA,Logistic_Regression,0,0,0.9393612409811046
8.21,NBA,Decision_Tree_NestedCV,0,0,0.9830815709969789
54.64,NBA,Logistic_Regression,0,0,0.946582143572383
54.64,NBA,Decision_Tree_NestedCV,0,0,0.9830815709969789
38.06,EURO,Logistic_Regression,0,0,0.9417580032636587
38.06,EURO,Decision_Tree_NestedCV,0,0,0.9830815709969789
74.55,EURO,Logistic_Regression,4,3,0.08900433129635588
74.55,EURO,Decision_Tree_NestedCV,4,3,0.04797047970479705
51.36,U14,Logistic_Regression,0,3,0.072193576677784
51.36,U14,Decision_Tree_NestedCV,0,3,0.03690036900369004
39.23,EURO,Logistic_Regression,1,2,0.2061331763412645
39.23,EURO,Decision_Tree_NestedCV,1,3,0.11809045226130653
44.63,EURO,Logistic_Regression,0,0,0.9475968599689029
44.63,EURO,Decision_Tree_NestedCV,0,0,0.9830815709969789
81.27,EURO,Logistic_Regression,2,3,0.15594038973935195
81.27,EURO,Decision_Tree_NestedCV,2,3,0.08793969849246232
3.21,SLO1,Logistic_Regression,0,2,0.23277164669039196
3.21,SLO1,Decision_Tree_NestedCV,0,3,0.10869565217391304
8.87,EURO,Logistic_Regression,0,2,0.18324240269622138
8.87,EURO,Decision_Tree_NestedCV,0,3,0.2236180904522613
28.48,NBA,Logistic_Regression,0,0,0.9250480976939888
28.48,NBA,Decision_Tree_NestedCV,0,0,0.9830815709969789
43.12,SLO1,Logistic_Regression,0,0,0.9677052868114574
43.12,SLO1,Decision_Tree_NestedCV,0,0,0.9830815709969789
47.44,SLO1,Logistic_Regression,3,3,0.505893040939996
47.44,SLO1,Decision_Tree_NestedCV,3,3,0.8316831683168316
74.31,EURO,Logistic_Regression,3,3,0.7503961746842975
74.31,EURO,Decision_Tree_NestedCV,3,3,0.915129151291513
0.0,NBA,Logistic_Regression,2,0,0.23447316082924213
0.0,NBA,Decision_Tree_NestedCV,2,2,0.486404833836858
30.54,U14,Logistic_Regression,4,0,0.09575356515591232
30.54,U14,Decision_Tree_NestedCV,4,0,0.21487603305785125
30.52,SLO1,Logistic_Regression,0,2,0.09096984950270288
30.52,SLO1,Decision_Tree_NestedCV,0,3,0.10869565217391304
88.1,EURO,Logistic_Regression,2,0,0.19681690794079212
88.1,EURO,Decision_Tree_NestedCV,2,0,0.2535211267605634
59.22,NBA,Logistic_Regression,3,3,0.341831763990382
59.22,NBA,Decision_Tree_NestedCV,3,3,0.4547738693467337
0.37,SLO1,Logistic_Regression,4,0,0.06829796679280957
0.37,SLO1,Decision_Tree_NestedCV,4,0,0.009667673716012085
36.94,EURO,Logistic_Regression,4,4,0.37630962967670145
36.94,EURO,Decision_Tree_NestedCV,4,4,0.5263157894736842
40.75,U16,Logistic_Regression,0,0,0.9190117331221239
40.75,U16,Decision_Tree_NestedCV,0,0,0.8994413407821229
59.17,U14,Logistic_Regression,3,3,0.5943604054120649
59.17,U14,Decision_Tree_NestedCV,3,3,0.4547738693467337
22.75,EURO,Logistic_Regression,0,0,0.942615651029385
22.75,EURO,Decision_Tree_NestedCV,0,0,0.9830815709969789
29.62,EURO,Logistic_Regression,0,3,0.06233613140508311
29.62,EURO,Decision_Tree_NestedCV,0,3,0.0
54.19,NBA,Logistic_Regression,5,3,0.059421381513267084
54.19,NBA,Decision_Tree_NestedCV,5,3,0.0678391959798995
17.45,SLO1,Logistic_Regression,0,0,0.9670175781258532
17.45,SLO1,Decision_Tree_NestedCV,0,0,0.9830815709969789
19.26,NBA,Logistic_Regression,0,0,0.7078321396549215
19.26,NBA,Decision_Tree_NestedCV,0,2,0.3474320241691843
55.13,EURO,Logistic_Regression,4,0,0.39920243022824914
55.13,EURO,Decision_Tree_NestedCV,4,4,0.9387755102040817
30.64,EURO,Logistic_Regression,0,0,0.7570116406272391
30.64,EURO,Decision_Tree_NestedCV,0,0,0.9117647058823529
1.12,SLO1,Logistic_Regression,0,0,0.9209305653371105
1.12,SLO1,Decision_Tree_NestedCV,0,0,0.9830815709969789
53.57,U14,Logistic_Regression,0,0,0.5859071068420834
53.57,U14,Decision_Tree_NestedCV,0,4,0.0
85.78,EURO,Logistic_Regression,0,0,0.9212523530888251
85.78,EURO,Decision_Tree_NestedCV,0,0,0.9830815709969789
19.37,NBA,Logistic_Regression,0,0,0.9481560046432533
19.37,NBA,Decision_Tree_NestedCV,0,0,0.9830815709969789
64.77,EURO,Logistic_Regression,5,3,0.0999663581288209
64.77,EURO,Decision_Tree_NestedCV,5,3,0.0678391959798995
15.28,SLO1,Logistic_Regression,0,0,0.9675394427807816
15.28,SLO1,Decision_Tree_NestedCV,0,0,0.9830815709969789
23.2,SLO1,Logistic_Regression,2,0,0.17980066913807724
23.2,SLO1,Decision_Tree_NestedCV,2,0,0.05
62.92,EURO,Logistic_Regression,4,3,0.2815362440793882
62.92,EURO,Decision_Tree_NestedCV,4,4,0.5263157894736842
35.16,NBA,Logistic_Regression,3,3,0.8519439245092659
35.16,NBA,Decision_Tree_NestedCV,3,3,0.8378378378378378
0.43,SLO1,Logistic_Regression,0,0,0.964033865405755
0.43,SLO1,Decision_Tree_NestedCV,0,0,0.9830815709969789
77.03,EURO,Logistic_Regression,1,3,0.06943674218258877
77.03,EURO,Decision_Tree_NestedCV,1,3,0.11809045226130653
54.17,NBA,Logistic_Regression,4,0,0.03259305933300231
54.17,NBA,Decision_Tree_NestedCV,4,0,0.08870967741935484
84.71,EURO,Logistic_Regression,3,3,0.42025063363053927
84.71,EURO,Decision_Tree_NestedCV,3,3,0.4547738693467337
44.12,NBA,Logistic_Regression,0,0,0.9326017349872942
44.12,NBA,Decision_Tree_NestedCV,0,0,0.9830815709969789
64.79,EURO,Logistic_Regression,0,0,0.9125782692118384
64.79,EURO,Decision_Tree_NestedCV,0,0,0.9830815709969789
44.82,NBA,Logistic_Regression,0,0,0.948017585583322
44.82,NBA,Decision_Tree_NestedCV,0,0,0.9830815709969789
56.66,EURO,Logistic_Regression,0,0,0.9333091928420781
56.66,EURO,Decision_Tree_NestedCV,0,0,0.9830815709969789
14.99,SLO1,Logistic_Regression,0,0,0.9670371631976797
14.99,SLO1,Decision_Tree_NestedCV,0,0,0.9830815709969789
18.83,EURO,Logistic_Regression,5,2,0.13426082778705078
18.83,EURO,Decision_Tree_NestedCV,5,3,0.0678391959798995
49.24,NBA,Logistic_Regression,0,0,0.9556798002257687
49.24,NBA,Decision_Tree_NestedCV,0,0,0.9830815709969789
56.03,EURO,Logistic_Regression,0,0,0.9554542363278018
56.03,EURO,Decision_Tree_NestedCV,0,0,0.9830815709969789
39.71,SLO1,Logistic_Regression,2,0,0.25146955041504915
39.71,SLO1,Decision_Tree_NestedCV,2,2,0.486404833836858
1.19,NBA,Logistic_Regression,0,0,0.6581251717573086
1.19,NBA,Decision_Tree_NestedCV,0,2,0.3474320241691843
72.12,SLO1,Logistic_Regression,0,0,0.9657311332666385
72.12,SLO1,Decision_Tree_NestedCV,0,0,0.9830815709969789
43.36,EURO,Logistic_Regression,4,3,0.1889878253687838
43.36,EURO,Decision_Tree_NestedCV,4,3,0.2602739726027397
79.88,NBA,Logistic_Regression,3,3,0.50535663580138
79.88,NBA,Decision_Tree_NestedCV,3,3,0.4547738693467337
40.39,EURO,Logistic_Regression,0,0,0.951688927987379
40.39,EURO,Decision_Tree_NestedCV,0,0,0.9830815709969789
4.55,NBA,Logistic_Regression,4,1,0.008916450269774046
4.55,NBA,Decision_Tree_NestedCV,4,3,0.04773869346733668
49.06,SLO1,Logistic_Regression,3,3,0.48584209203853645
49.06,SLO1,Decision_Tree_NestedCV,3,3,0.8316831683168316
61.09,SLO1,Logistic_Regression,0,0,0.9213659104401843
61.09,SLO1,Decision_Tree_NestedCV,0,0,0.9830815709969789
49.18,EURO,Logistic_Regression,0,2,0.25934251527068547
49.18,EURO,Decision_Tree_NestedCV,0,0,0.31451612903225806
0.42,SLO1,Logistic_Regression,0,0,0.9659300019201184
0.42,SLO1,Decision_Tree_NestedCV,0,0,0.9830815709969789
68.21,EURO,Logistic_Regression,3,3,0.7125624255089105
68.21,EURO,Decision_Tree_NestedCV,3,3,0.5205479452054794
59.02,U16,Logistic_Regression,4,3,0.030950914117803232
59.02,U16,Decision_Tree_NestedCV,4,0,0.08870967741935484
0.85,EURO,Logistic_Regression,0,0,0.9487823250040311
0.85,EURO,Decision_Tree_NestedCV,0,0,0.9830815709969789
47.52,SLO1,Logistic_Regression,0,0,0.9728655762901346
47.52,SLO1,Decision_Tree_NestedCV,0,0,0.9830815709969789
3.37,EURO,Logistic_Regression,2,2,0.5258596933326041
3.37,EURO,Decision_Tree_NestedCV,2,2,0.486404833836858
11.44,U14,Logistic_Regression,2,0,0.17784881156090035
11.44,U14,Decision_Tree_NestedCV,2,3,0.08793969849246232
12.79,NBA,Logistic_Regression,1,3,0.20781774922226326
12.79,NBA,Decision_Tree_NestedCV,1,3,0.11809045226130653
33.85,EURO,Logistic_Regression,0,0,0.9528067150492507
33.85,EURO,Decision_Tree_NestedCV,0,0,0.9830815709969789
59.74,SLO1,Logistic_Regression,0,0,0.9654537956230844
59.74,SLO1,Decision_Tree_NestedCV,0,0,0.9830815709969789
45.51,SLO1,Logistic_Regression,3,2,0.27424219547113815
45.51,SLO1,Decision_Tree_NestedCV,3,0,0.07407407407407407
57.29,U16,Logistic_Regression,2,3,0.11454345684545633
57.29,U16,Decision_Tree_NestedCV,2,3,0.07777777777777778
58.66,NBA,Logistic_Regression,3,3,0.4136011626121192
58.66,NBA,Decision_Tree_NestedCV,3,3,0.4547738693467337
87.37,SLO1,Logistic_Regression,0,0,0.9628529949878186
87.37,SLO1,Decision_Tree_NestedCV,0,0,0.9830815709969789
89.81,EURO,Logistic_Regression,0,0,0.8758423374771166
89.81,EURO,Decision_Tree_NestedCV,0,0,0.9117647058823529
0.84,SLO1,Logistic_Regression,0,0,0.965349539751282
0.84,SLO1,Decision_Tree_NestedCV,0,0,0.9830815709969789
34.67,EURO,Logistic_Regression,0,0,0.9521241156747827
34.67,EURO,Decision_Tree_NestedCV,0,0,0.9830815709969789
31.57,NBA,Logistic_Regression,0,0,0.7686170798122856
31.57,NBA,Decision_Tree_NestedCV,0,0,0.7464788732394366
2.3,SLO1,Logistic_Regression,2,2,0.46740400612374244
2.3,SLO1,Decision_Tree_NestedCV,2,2,0.486404833836858
0.0,SLO1,Logistic_Regression,4,0,0.06330788408255966
0.0,SLO1,Decision_Tree_NestedCV,4,0,0.009667673716012085
83.1,NBA,Logistic_Regression,0,0,0.9511223218235021
83.1,NBA,Decision_Tree_NestedCV,0,0,0.9830815709969789
61.77,U16,Logistic_Regression,3,3,0.4841403502195802
61.77,U16,Decision_Tree_NestedCV,3,0,0.07339449541284404
70.21,EURO,Logistic_Regression,0,0,0.9470304018141682
70.21,EURO,Decision_Tree_NestedCV,0,0,0.9830815709969789
44.95,U16,Logistic_Regression,0,0,0.9084846901533219
44.95,U16,Decision_Tree_NestedCV,0,0,0.8994413407821229
24.8,SLO1,Logistic_Regression,3,0,0.30128798406797064
24.8,SLO1,Decision_Tree_NestedCV,3,3,0.8316831683168316
66.54,U14,Logistic_Regression,3,3,0.7734127772388372
66.54,U14,Decision_Tree_NestedCV,3,3,0.915129151291513
30.0,U14,Logistic_Regression,4,0,0.10067111374313022
30.0,U14,Decision_Tree_NestedCV,4,0,0.21487603305785125
0.38,SLO1,Logistic_Regression,0,0,0.971871519115206
0.38,SLO1,Decision_Tree_NestedCV,0,0,0.9830815709969789
45.49,SLO1,Logistic_Regression,0,0,0.9722665764679154
45.49,SLO1,Decision_Tree_NestedCV,0,0,0.9830815709969789
11.44,U14,Logistic_Regression,0,0,0.9022607834949798
11.44,U14,Decision_Tree_NestedCV,0,0,0.7851239669421488
9.7,EURO,Logistic_Regression,0,0,0.9190129108916354
9.7,EURO,Decision_Tree_NestedCV,0,0,0.9830815709969789
48.67,SLO1,Logistic_Regression,0,0,0.9710292475345648
48.67,SLO1,Decision_Tree_NestedCV,0,0,0.9830815709969789
20.67,SLO1,Logistic_Regression,4,0,0.3056299339666185
20.67,SLO1,Decision_Tree_NestedCV,4,0,0.3333333333333333
27.22,SLO1,Logistic_Regression,2,0,0.236189450005284
27.22,SLO1,Decision_Tree_NestedCV,2,0,0.26605504587155965
33.59,NBA,Logistic_Regression,0,3,0.06155890177467644
33.59,NBA,Decision_Tree_NestedCV,0,3,0.0
71.75,U14,Logistic_Regression,0,0,0.7433421848840438
71.75,U14,Decision_Tree_NestedCV,0,0,0.7936507936507936
14.86,SLO1,Logistic_Regression,0,0,0.5240499422582332
14.86,SLO1,Decision_Tree_NestedCV,0,0,0.47706422018348627
12.79,NBA,Logistic_Regression,0,0,0.3168951871835949
12.79,NBA,Decision_Tree_NestedCV,0,3,0.2236180904522613
66.16,EURO,Logistic_Regression,2,0,0.3032235801142508
66.16,EURO,Decision_Tree_NestedCV,2,2,0.486404833836858
4.46,U14,Logistic_Regression,3,3,0.6807571132552832
4.46,U14,Decision_Tree_NestedCV,3,3,1.0
6.27,U16,Logistic_Regression,0,0,0.9333907148327523
6.27,U16,Decision_Tree_NestedCV,0,0,0.8994413407821229
45.09,SLO1,Logistic_Regression,2,0,0.268646003364412
45.09,SLO1,Decision_Tree_NestedCV,2,2,0.486404833836858
24.05,U16,Logistic_Regression,0,3,0.1656247807866937
24.05,U16,Decision_Tree_NestedCV,0,4,0.32894736842105265
62.14,NBA,Logistic_Regression,0,0,0.8828747059321039
62.14,NBA,Decision_Tree_NestedCV,0,0,0.9117647058823529
57.86,SLO1,Logistic_Regression,3,3,0.36688629696174346
57.86,SLO1,Decision_Tree_NestedCV,3,2,0.08157099697885196
11.85,NBA,Logistic_Regression,3,3,0.24635436851336975
11.85,NBA,Decision_Tree_NestedCV,3,3,0.4547738693467337
52.5,EURO,Logistic_Regression,0,0,0.9554862581235968
52.5,EURO,Decision_Tree_NestedCV,0,0,0.9830815709969789
50.48,EURO,Logistic_Regression,0,0,0.7230465152049775
50.48,EURO,Decision_Tree_NestedCV,0,0,0.7464788732394366
80.73,NBA,Logistic_Regression,2,0,0.13254117466782128
80.73,NBA,Decision_Tree_NestedCV,2,2,0.486404833836858
37.83,EURO,Logistic_Regression,0,0,0.9570164571264613
37.83,EURO,Decision_Tree_NestedCV,0,0,0.9830815709969789
74.85,EURO,Logistic_Regression,0,0,0.9465064072870748
74.85,EURO,Decision_Tree_NestedCV,0,0,0.9830815709969789
71.22,U14,Logistic_Regression,0,3,0.09922578453334412
71.22,U14,Decision_Tree_NestedCV,0,3,0.03690036900369004
32.58,NBA,Logistic_Regression,0,0,0.9400932823680697
32.58,NBA,Decision_Tree_NestedCV,0,0,0.9830815709969789
75.35,U14,Logistic_Regression,4,0,0.10546901183717941
75.35,U14,Decision_Tree_NestedCV,4,0,0.10144927536231885
60.41,NBA,Logistic_Regression,0,0,0.5738943828614271
60.41,NBA,Decision_Tree_NestedCV,0,0,0.825
59.97,U14,Logistic_Regression,0,0,0.5089362220510893
59.97,U14,Decision_Tree_NestedCV,0,0,0.825
75.89,SLO1,Logistic_Regression,2,3,0.07695280908708665
75.89,SLO1,Decision_Tree_NestedCV,2,0,0.3333333333333333
33.83,U14,Logistic_Regression,0,0,0.9194716280391645
33.83,U14,Decision_Tree_NestedCV,0,0,0.7851239669421488
60.82,NBA,Logistic_Regression,5,3,0.07078008600258333
60.82,NBA,Decision_Tree_NestedCV,5,3,0.0678391959798995
7.81,U14,Logistic_Regression,0,0,0.9197766816017579
7.81,U14,Decision_Tree_NestedCV,0,0,0.7851239669421488
83.01,NBA,Logistic_Regression,0,0,0.9172658885955884
83.01,NBA,Decision_Tree_NestedCV,0,0,0.9830815709969789
69.65,SLO1,Logistic_Regression,0,0,0.9651936617646804
69.65,SLO1,Decision_Tree_NestedCV,0,0,0.9830815709969789
85.87,NBA,Logistic_Regression,0,0,0.943688374891348
85.87,NBA,Decision_Tree_NestedCV,0,0,0.9830815709969789
49.01,EURO,Logistic_Regression,0,0,0.928868248367307
49.01,EURO,Decision_Tree_NestedCV,0,0,0.9830815709969789
61.67,SLO1,Logistic_Regression,3,0,0.1938489186167801
61.67,SLO1,Decision_Tree_NestedCV,3,0,0.0
42.29,EURO,Logistic_Regression,5,2,0.08941835094212758
42.29,EURO,Decision_Tree_NestedCV,5,3,0.0678391959798995
41.88,EURO,Logistic_Regression,0,0,0.9465516604803893
41.88,EURO,Decision_Tree_NestedCV,0,0,0.9830815709969789
65.81,SLO1,Logistic_Regression,3,0,0.21673478747179217
65.81,SLO1,Decision_Tree_NestedCV,3,0,0.07339449541284404
31.09,U14,Logistic_Regression,0,0,0.8786246225251
31.09,U14,Decision_Tree_NestedCV,0,0,0.7851239669421488
16.93,EURO,Logistic_Regression,0,0,0.9429576598936049
16.93,EURO,Decision_Tree_NestedCV,0,0,0.9830815709969789
2.68,NBA,Logistic_Regression,0,0,0.9322014163343995
2.68,NBA,Decision_Tree_NestedCV,0,0,0.9830815709969789
51.55,EURO,Logistic_Regression,0,0,0.9476704580362892
51.55,EURO,Decision_Tree_NestedCV,0,0,0.9830815709969789
76.24,U16,Logistic_Regression,0,0,0.9205062577442663
76.24,U16,Decision_Tree_NestedCV,0,0,0.8994413407821229
65.66,U16,Logistic_Regression,0,0,0.5209204420769089
65.66,U16,Decision_Tree_NestedCV,0,0,0.825
31.88,SLO1,Logistic_Regression,0,0,0.968858597798605
31.88,SLO1,Decision_Tree_NestedCV,0,0,0.9830815709969789
12.91,NBA,Logistic_Regression,4,0,0.16052115331932504
12.91,NBA,Decision_Tree_NestedCV,4,2,0.0513595166163142
64.84,SLO1,Logistic_Regression,3,3,0.7340061795213585
64.84,SLO1,Decision_Tree_NestedCV,3,3,0.8316831683168316
11.27,SLO1,Logistic_Regression,0,0,0.9673916530212432
11.27,SLO1,Decision_Tree_NestedCV,0,0,0.9830815709969789
17.58,SLO1,Logistic_Regression,0,0,0.9686994316224257
17.58,SLO1,Decision_Tree_NestedCV,0,0,0.9830815709969789
5.93,SLO1,Logistic_Regression,3,2,0.1004194942649257
5.93,SLO1,Decision_Tree_NestedCV,3,2,0.08157099697885196
10.11,NBA,Logistic_Regression,3,0,0.0776172891665384
10.11,NBA,Decision_Tree_NestedCV,3,4,0.0
72.93,EURO,Logistic_Regression,2,3,0.250430582117247
72.93,EURO,Decision_Tree_NestedCV,2,3,0.08793969849246232
40.95,U16,Logistic_Regression,0,0,0.9292401199003453
40.95,U16,Decision_Tree_NestedCV,0,0,0.8994413407821229
30.42,NBA,Logistic_Regression,3,3,0.8056110747408929
30.42,NBA,Decision_Tree_NestedCV,3,3,0.6388888888888888
14.78,U14,Logistic_Regression,0,0,0.863565064811141
14.78,U14,Decision_Tree_NestedCV,0,0,0.8985507246376812
32.14,U14,Logistic_Regression,4,0,0.3748904959112462
32.14,U14,Decision_Tree_NestedCV,4,0,0.06349206349206349
60.75,EURO,Logistic_Regression,0,0,0.9531375436469753
60.75,EURO,Decision_Tree_NestedCV,0,0,0.9830815709969789
24.58,U16,Logistic_Regression,3,3,0.5785719791112865
24.58,U16,Decision_Tree_NestedCV,3,3,0.5205479452054794
7.94,U14,Logistic_Regression,0,0,0.8686454940929745
7.94,U14,Decision_Tree_NestedCV,0,0,0.8985507246376812
43.74,SLO1,Logistic_Regression,2,0,0.21226542305442256
43.74,SLO1,Decision_Tree_NestedCV,2,2,0.486404833836858
63.8,SLO1,Logistic_Regression,0,0,0.4000339346387606
63.8,SLO1,Decision_Tree_NestedCV,0,0,0.47706422018348627
46.86,U14,Logistic_Regression,0,0,0.9042869736948235
46.86,U14,Decision_Tree_NestedCV,0,0,0.7851239669421488
87.2,NBA,Logistic_Regression,0,0,0.9207296527932559
87.2,NBA,Decision_Tree_NestedCV,0,0,0.9830815709969789
64.48,U16,Logistic_Regression,3,3,0.6404295454257849
64.48,U16,Decision_Tree_NestedCV,3,3,0.7666666666666667
69.0,NBA,Logistic_Regression,1,3,0.340740827514699
69.0,NBA,Decision_Tree_NestedCV,1,3,0.11809045226130653
55.84,U16,Logistic_Regression,3,3,0.5959863919683323
55.84,U16,Decision_Tree_NestedCV,3,3,0.7666666666666667
83.21,NBA,Logistic_Regression,0,0,0.9436850755965546
83.21,NBA,Decision_Tree_NestedCV,0,0,0.9830815709969789
66.03,U14,Logistic_Regression,3,3,0.5466865162084159
66.03,U14,Decision_Tree_NestedCV,3,3,0.4547738693467337
49.6,U14,Logistic_Regression,0,0,0.9155339986917304
49.6,U14,Decision_Tree_NestedCV,0,0,0.7851239669421488
12.79,NBA,Logistic_Regression,4,0,0.13901806907390757
12.79,NBA,Decision_Tree_NestedCV,4,0,0.3
48.3,EURO,Logistic_Regression,3,3,0.7077220989820412
48.3,EURO,Decision_Tree_NestedCV,3,3,0.915129151291513
37.08,SLO1,Logistic_Regression,4,2,0.009515708260914548
37.08,SLO1,Decision_Tree_NestedCV,4,2,0.0513595166163142
88.55,EURO,Logistic_Regression,0,0,0.9501258252617054
88.55,EURO,Decision_Tree_NestedCV,0,0,0.9830815709969789
0.0,SLO1,Logistic_Regression,5,2,0.04186720542315105
0.0,SLO1,Decision_Tree_NestedCV,5,2,0.006042296072507553
62.56,EURO,Logistic_Regression,2,3,0.22076320516191777
62.56,EURO,Decision_Tree_NestedCV,2,3,0.08793969849246232
41.42,SLO1,Logistic_Regression,0,0,0.9698254543764554
41.42,SLO1,Decision_Tree_NestedCV,0,0,0.9830815709969789
4.63,NBA,Logistic_Regression,0,0,0.9034473465154349
4.63,NBA,Decision_Tree_NestedCV,0,0,0.9830815709969789
0.85,EURO,Logistic_Regression,0,0,0.9534406987200496
0.85,EURO,Decision_Tree_NestedCV,0,0,0.9830815709969789
12.62,NBA,Logistic_Regression,0,0,0.9491871184003965
12.62,NBA,Decision_Tree_NestedCV,0,0,0.9830815709969789
32.07,U14,Logistic_Regression,0,0,0.8982786105863311
32.07,U14,Decision_Tree_NestedCV,0,0,0.7851239669421488
20.58,NBA,Logistic_Regression,1,0,0.09601247516537771
20.58,NBA,Decision_Tree_NestedCV,1,0,0.10483870967741936
45.46,SLO1,Logistic_Regression,3,3,0.8667815671810708
45.46,SLO1,Decision_Tree_NestedCV,3,3,0.915129151291513
1.06,EURO,Logistic_Regression,0,0,0.6971309339644969
1.06,EURO,Decision_Tree_NestedCV,0,0,0.825
21.11,EURO,Logistic_Regression,0,0,0.9043857150837644
21.11,EURO,Decision_Tree_NestedCV,0,0,0.9830815709969789
18.69,NBA,Logistic_Regression,0,0,0.8243083201902097
18.69,NBA,Decision_Tree_NestedCV,0,0,0.9117647058823529
16.06,NBA,Logistic_Regression,0,0,0.9490764782054103
16.06,NBA,Decision_Tree_NestedCV,0,0,0.9830815709969789
88.3,EURO,Logistic_Regression,0,0,0.9428476249929211
88.3,EURO,Decision_Tree_NestedCV,0,0,0.9830815709969789
28.86,SLO1,Logistic_Regression,0,0,0.9681013881965939
28.86,SLO1,Decision_Tree_NestedCV,0,0,0.9830815709969789
67.17,EURO,Logistic_Regression,0,0,0.9419435609287055
67.17,EURO,Decision_Tree_NestedCV,0,0,0.9830815709969789
43.68,SLO1,Logistic_Regression,3,3,0.7144108178707963
43.68,SLO1,Decision_Tree_NestedCV,3,3,0.8316831683168316
9.82,EURO,Logistic_Regression,2,0,0.3643850088167074
9.82,EURO,Decision_Tree_NestedCV,2,0,0.26605504587155965
65.66,SLO1,Logistic_Regression,3,0,0.14008507640421738
65.66,SLO1,Decision_Tree_NestedCV,3,2,0.08157099697885196
59.78,U14,Logistic_Regression,4,3,0.31057115934514457
59.78,U14,Decision_Tree_NestedCV,4,3,0.2602739726027397
9.82,NBA,Logistic_Regression,4,1,0.008520036779022673
9.82,NBA,Decision_Tree_NestedCV,4,3,0.04773869346733668
47.75,U16,Logistic_Regression,0,3,0.047805386795944003
47.75,U16,Decision_Tree_NestedCV,0,3,0.03690036900369004
58.67,EURO,Logistic_Regression,0,0,0.9358022992566409
58.67,EURO,Decision_Tree_NestedCV,0,0,0.9830815709969789
71.93,EURO,Logistic_Regression,0,0,0.8413954075856308
71.93,EURO,Decision_Tree_NestedCV,0,0,0.9117647058823529
10.99,EURO,Logistic_Regression,0,2,0.415804857289412
10.99,EURO,Decision_Tree_NestedCV,0,2,0.3474320241691843
10.16,EURO,Logistic_Regression,0,0,0.9509491042710851
10.16,EURO,Decision_Tree_NestedCV,0,0,0.9830815709969789
39.65,NBA,Logistic_Regression,2,0,0.0998405427703606
39.65,NBA,Decision_Tree_NestedCV,2,0,0.26605504587155965
3.83,U14,Logistic_Regression,4,0,0.09552321102225962
3.83,U14,Decision_Tree_NestedCV,4,0,0.21487603305785125
84.89,U16,Logistic_Regression,0,0,0.9262267529883417
84.89,U16,Decision_Tree_NestedCV,0,0,0.8994413407821229
53.32,SLO1,Logistic_Regression,3,3,0.5286302556146498
53.32,SLO1,Decision_Tree_NestedCV,3,3,0.8316831683168316
85.78,NBA,Logistic_Regression,0,0,0.9508030773368271
85.78,NBA,Decision_Tree_NestedCV,0,0,0.9830815709969789
23.74,SLO1,Logistic_Regression,0,0,0.9371822768335346
23.74,SLO1,Decision_Tree_NestedCV,0,0,0.9830815709969789
87.49,EURO,Logistic_Regression,0,0,0.9518739838576014
87.49,EURO,Decision_Tree_NestedCV,0,0,0.9830815709969789
50.74,SLO1,Logistic_Regression,0,0,0.9652932050997226
50.74,SLO1,Decision_Tree_NestedCV,0,0,0.9830815709969789
4.31,U14,Logistic_Regression,0,4,0.2987824125475845
4.31,U14,Decision_Tree_NestedCV,0,0,1.0
27.18,SLO1,Logistic_Regression,2,2,0.2968851994517449
27.18,SLO1,Decision_Tree_NestedCV,2,3,0.2826086956521739
74.52,SLO1,Logistic_Regression,0,0,0.954448708919168
74.52,SLO1,Decision_Tree_NestedCV,0,0,0.9830815709969789
48.91,SLO1,Logistic_Regression,2,0,0.3254753714968407
48.91,SLO1,Decision_Tree_NestedCV,2,0,0.2661290322580645
22.33,NBA,Logistic_Regression,4,0,0.059001003285361626
22.33,NBA,Decision_Tree_NestedCV,4,0,0.009667673716012085
78.4,SLO1,Logistic_Regression,0,0,0.9688900092791094
78.4,SLO1,Decision_Tree_NestedCV,0,0,0.9830815709969789
29.62,EURO,Logistic_Regression,3,3,0.8268892628289155
29.62,EURO,Decision_Tree_NestedCV,3,3,0.5
13.48,EURO,Logistic_Regression,3,2,0.19100808704320804
13.48,EURO,Decision_Tree_NestedCV,3,0,0.18548387096774194
44.32,NBA,Logistic_Regression,0,0,0.7879886396286362
44.32,NBA,Decision_Tree_NestedCV,0,0,0.825
75.89,EURO,Logistic_Regression,0,2,0.33773568587350666
75.89,EURO,Decision_Tree_NestedCV,0,4,0.0
84.11,U16,Logistic_Regression,0,0,0.8982720301334439
84.11,U16,Decision_Tree_NestedCV,0,0,0.8994413407821229
45.87,NBA,Logistic_Regression,0,0,0.9394252430298271
45.87,NBA,Decision_Tree_NestedCV,0,0,0.9830815709969789
36.39,U14,Logistic_Regression,3,3,0.6116935284142424
36.39,U14,Decision_Tree_NestedCV,3,3,0.4547738693467337
35.8,U14,Logistic_Regression,0,0,0.9008213712132342
35.8,U14,Decision_Tree_NestedCV,0,0,0.7851239669421488
9.04,NBA,Logistic_Regression,3,1,0.275918235481969
9.04,NBA,Decision_Tree_NestedCV,3,3,0.4547738693467337
47.18,SLO1,Logistic_Regression,0,2,0.25919238230417185
47.18,SLO1,Decision_Tree_NestedCV,0,0,0.31451612903225806
76.21,SLO1,Logistic_Regression,0,0,0.9688985836843987
76.21,SLO1,Decision_Tree_NestedCV,0,0,0.9830815709969789
62.28,U16,Logistic_Regression,3,3,0.8897806726988284
62.28,U16,Decision_Tree_NestedCV,3,3,0.915129151291513
13.89,SLO1,Logistic_Regression,0,0,0.9671666904049223
13.89,SLO1,Decision_Tree_NestedCV,0,0,0.9830815709969789
27.65,NBA,Logistic_Regression,0,0,0.9341154399251065
27.65,NBA,Decision_Tree_NestedCV,0,0,0.9830815709969789
79.13,NBA,Logistic_Regression,1,3,0.06945085389074775
79.13,NBA,Decision_Tree_NestedCV,1,3,0.11809045226130653
32.2,NBA,Logistic_Regression,4,0,0.1375073533234255
32.2,NBA,Decision_Tree_NestedCV,4,0,0.3
45.39,EURO,Logistic_Regression,0,0,0.9067517012195981
45.39,EURO,Decision_Tree_NestedCV,0,0,0.9830815709969789
50.08,SLO1,Logistic_Regression,0,0,0.9657598950196618
50.08,SLO1,Decision_Tree_NestedCV,0,0,0.9830815709969789
35.25,NBA,Logistic_Regression,0,0,0.9481271730707636
35.25,NBA,Decision_Tree_NestedCV,0,0,0.9830815709969789
87.7,SLO1,Logistic_Regression,0,0,0.9358768129633819
87.7,SLO1,Decision_Tree_NestedCV,0,0,0.9830815709969789
28.13,U16,Logistic_Regression,3,3,0.39428671711899504
28.13,U16,Decision_Tree_NestedCV,3,3,0.7666666666666667
74.55,EURO,Logistic_Regression,3,3,0.8168836863776824
74.55,EURO,Decision_Tree_NestedCV,3,3,0.915129151291513
7.89,NBA,Logistic_Regression,0,0,0.9497358701595205
7.89,NBA,Decision_Tree_NestedCV,0,0,0.9830815709969789
8.29,NBA,Logistic_Regression,0,0,0.9442149020457193
8.29,NBA,Decision_Tree_NestedCV,0,0,0.9830815709969789
43.09,NBA,Logistic_Regression,0,0,0.9153323108062584
43.09,NBA,Decision_Tree_NestedCV,0,0,0.9830815709969789
50.17,EURO,Logistic_Regression,0,0,0.8989985767429662
50.17,EURO,Decision_Tree_NestedCV,0,0,0.9830815709969789
0.0,SLO1,Logistic_Regression,3,0,0.03953985362954884
0.0,SLO1,Decision_Tree_NestedCV,3,0,0.0
57.64,U14,Logistic_Regression,4,0,0.08411885863846215
57.64,U14,Decision_Tree_NestedCV,4,4,1.0
63.3,NBA,Logistic_Regression,3,0,0.2091018620773298
63.3,NBA,Decision_Tree_NestedCV,3,2,0.08157099697885196
42.56,SLO1,Logistic_Regression,3,3,0.5809793539602802
42.56,SLO1,Decision_Tree_NestedCV,3,3,0.8316831683168316
19.28,U14,Logistic_Regression,0,3,0.1858240055570944
19.28,U14,Decision_Tree_NestedCV,0,0,0.41935483870967744
89.74,NBA,Logistic_Regression,0,0,0.9630692368805722
89.74,NBA,Decision_Tree_NestedCV,0,0,0.9830815709969789
6.47,NBA,Logistic_Regression,2,0,0.23944475228862389
6.47,NBA,Decision_Tree_NestedCV,2,0,0.3
46.07,SLO1,Logistic_Regression,0,3,0.13715382124709827
46.07,SLO1,Decision_Tree_NestedCV,0,0,0.4074074074074074
24.41,SLO1,Logistic_Regression,0,0,0.9694796859083554
24.41,SLO1,Decision_Tree_NestedCV,0,0,0.9830815709969789
32.06,NBA,Logistic_Regression,0,0,0.9529407630407802
32.06,NBA,Decision_Tree_NestedCV,0,0,0.9830815709969789
20.89,SLO1,Logistic_Regression,4,0,0.3123622751286442
20.89,SLO1,Decision_Tree_NestedCV,4,0,0.3333333333333333
32.69,SLO1,Logistic_Regression,0,0,0.9774017637191781
32.69,SLO1,Decision_Tree_NestedCV,0,0,0.9830815709969789
64.9,U16,Logistic_Regression,0,0,0.8786803449665721
64.9,U16,Decision_Tree_NestedCV,0,0,0.8994413407821229
48.55,U16,Logistic_Regression,0,0,0.9174811284890814
48.55,U16,Decision_Tree_NestedCV,0,0,0.8994413407821229
0.94,NBA,Logistic_Regression,4,0,0.06533662357934063
0.94,NBA,Decision_Tree_NestedCV,4,0,0.025
28.03,EURO,Logistic_Regression,0,0,0.9468336263805102
28.03,EURO,Decision_Tree_NestedCV,0,0,0.9830815709969789
68.12,SLO1,Logistic_Regression,0,0,0.9571313148565994
68.12,SLO1,Decision_Tree_NestedCV,0,0,0.9830815709969789
5.9,EURO,Logistic_Regression,4,0,0.4415922998902
5.9,EURO,Decision_Tree_NestedCV,4,4,0.9387755102040817
46.07,U14,Logistic_Regression,3,3,0.7295873151423181
46.07,U14,Decision_Tree_NestedCV,3,3,0.4547738693467337
0.57,NBA,Logistic_Regression,0,0,0.9272388121692096
0.57,NBA,Decision_Tree_NestedCV,0,0,0.9830815709969789
44.2,NBA,Logistic_Regression,4,4,0.3577339697245099
44.2,NBA,Decision_Tree_NestedCV,4,4,0.5263157894736842
1.64,SLO1,Logistic_Regression,2,2,0.49584892258790925
1.64,SLO1,Decision_Tree_NestedCV,2,2,0.486404833836858
26.58,NBA,Logistic_Regression,0,0,0.9560140273414965
26.58,NBA,Decision_Tree_NestedCV,0,0,0.9830815709969789
88.02,NBA,Logistic_Regression,0,0,0.950653677964313
88.02,NBA,Decision_Tree_NestedCV,0,0,0.9830815709969789
85.78,NBA,Logistic_Regression,0,0,0.9424286933492949
85.78,NBA,Decision_Tree_NestedCV,0,0,0.9830815709969789
85.17,SLO1,Logistic_Regression,0,0,0.9667499007029544
85.17,SLO1,Decision_Tree_NestedCV,0,0,0.9830815709969789
76.88,U16,Logistic_Regression,0,0,0.7660094449938668
76.88,U16,Decision_Tree_NestedCV,0,0,0.825
62.74,NBA,Logistic_Regression,0,0,0.7923799505276755
62.74,NBA,Decision_Tree_NestedCV,0,0,0.825
10.27,SLO1,Logistic_Regression,0,0,0.9650653207926466
10.27,SLO1,Decision_Tree_NestedCV,0,0,0.9830815709969789
23.55,NBA,Logistic_Regression,2,0,0.00485715590862226
23.55,NBA,Decision_Tree_NestedCV,2,0,0.004229607250755287
46.33,NBA,Logistic_Regression,0,0,0.9470308927530625
46.33,NBA,Decision_Tree_NestedCV,0,0,0.9830815709969789
23.63,NBA,Logistic_Regression,0,0,0.7331844730701645
23.63,NBA,Decision_Tree_NestedCV,0,0,0.7464788732394366
1.92,SLO1,Logistic_Regression,3,3,0.4990528424305973
1.92,SLO1,Decision_Tree_NestedCV,3,3,0.8316831683168316
81.43,SLO1,Logistic_Regression,0,0,0.924509689593299
81.43,SLO1,Decision_Tree_NestedCV,0,0,0.9830815709969789
14.1,SLO1,Logistic_Regression,0,0,0.9660417620688498
14.1,SLO1,Decision_Tree_NestedCV,0,0,0.9830815709969789
78.17,EURO,Logistic_Regression,0,0,0.9407898537834821
78.17,EURO,Decision_Tree_NestedCV,0,0,0.9830815709969789
40.49,NBA,Logistic_Regression,1,3,0.22748897124421313
40.49,NBA,Decision_Tree_NestedCV,1,3,0.11809045226130653
66.64,SLO1,Logistic_Regression,0,0,0.5141284444260658
66.64,SLO1,Decision_Tree_NestedCV,0,2,0.3474320241691843
66.84,SLO1,Logistic_Regression,3,3,0.5637681027751817
66.84,SLO1,Decision_Tree_NestedCV,3,3,0.8316831683168316
48.17,NBA,Logistic_Regression,0,0,0.953785244674109
48.17,NBA,Decision_Tree_NestedCV,0,0,0.9830815709969789
60.98,NBA,Logistic_Regression,1,0,0.1773417060217699
60.98,NBA,Decision_Tree_NestedCV,1,0,0.10483870967741936
83.57,SLO1,Logistic_Regression,4,0,0.038050489962301356
83.57,SLO1,Decision_Tree_NestedCV,4,0,0.009667673716012085
39.79,U14,Logistic_Regression,3,3,0.659917334458758
39.79,U14,Decision_Tree_NestedCV,3,3,0.8490566037735849
37.47,EURO,Logistic_Regression,0,0,0.9602152396907581
37.47,EURO,Decision_Tree_NestedCV,0,0,0.9830815709969789
61.29,EURO,Logistic_Regression,0,0,0.9466116935158864
61.29,EURO,Decision_Tree_NestedCV,0,0,0.9830815709969789
45.76,EURO,Logistic_Regression,3,2,0.21091620444939937
45.76,EURO,Decision_Tree_NestedCV,3,3,0.4547738693467337
54.79,NBA,Logistic_Regression,0,0,0.9321505716524249
54.79,NBA,Decision_Tree_NestedCV,0,0,0.9830815709969789
1.31,U14,Logistic_Regression,0,0,0.7238430364728494
1.31,U14,Decision_Tree_NestedCV,0,0,0.8985507246376812
24.8,U16,Logistic_Regression,0,0,0.9201546786909525
24.8,U16,Decision_Tree_NestedCV,0,0,0.8994413407821229
9.84,EURO,Logistic_Regression,0,0,0.8944714109435582
9.84,EURO,Decision_Tree_NestedCV,0,0,0.9830815709969789
43.93,U16,Logistic_Regression,3,3,0.44085223687766256
43.93,U16,Decision_Tree_NestedCV,3,4,0.14473684210526316
32.43,NBA,Logistic_Regression,0,0,0.9270349150052671
32.43,NBA,Decision_Tree_NestedCV,0,0,0.9830815709969789
76.59,NBA,Logistic_Regression,3,3,0.5038639896849052
76.59,NBA,Decision_Tree_NestedCV,3,3,0.4547738693467337
59.1,NBA,Logistic_Regression,0,0,0.361370578709602
59.1,NBA,Decision_Tree_NestedCV,0,2,0.3474320241691843
72.69,SLO1,Logistic_Regression,0,0,0.9646900871917209
72.69,SLO1,Decision_Tree_NestedCV,0,0,0.9830815709969789
69.83,EURO,Logistic_Regression,0,3,0.23093270122844706
69.83,EURO,Decision_Tree_NestedCV,0,3,0.2236180904522613
32.47,NBA,Logistic_Regression,0,0,0.941037078126769
32.47,NBA,Decision_Tree_NestedCV,0,0,0.9830815709969789
31.67,SLO1,Logistic_Regression,0,0,0.9693148273178691
31.67,SLO1,Decision_Tree_NestedCV,0,0,0.9830815709969789
22.15,NBA,Logistic_Regression,0,0,0.3755608196348311
22.15,NBA,Decision_Tree_NestedCV,0,0,0.31451612903225806
53.76,EURO,Logistic_Regression,3,3,0.359175596814932
53.76,EURO,Decision_Tree_NestedCV,3,3,0.4547738693467337
66.29,U14,Logistic_Regression,0,0,0.9111041502938317
66.29,U14,Decision_Tree_NestedCV,0,4,0.47058823529411764
0.0,EURO,Logistic_Regression,5,2,0.16982774912326268
0.0,EURO,Decision_Tree_NestedCV,5,3,0.0678391959798995
43.82,NBA,Logistic_Regression,0,0,0.8605099078453006
43.82,NBA,Decision_Tree_NestedCV,0,0,0.9117647058823529
62.37,U16,Logistic_Regression,0,0,0.6369988483494323
62.37,U16,Decision_Tree_NestedCV,0,2,0.3474320241691843
30.31,U16,Logistic_Regression,0,0,0.9190684693609011
30.31,U16,Decision_Tree_NestedCV,0,0,0.8994413407821229
1.69,U14,Logistic_Regression,0,0,0.6172868340669007
1.69,U14,Decision_Tree_NestedCV,0,2,0.25
43.12,SLO1,Logistic_Regression,0,0,0.9481186835249653
43.12,SLO1,Decision_Tree_NestedCV,0,0,0.9830815709969789
25.09,U14,Logistic_Regression,0,0,0.6525001337524367
25.09,U14,Decision_Tree_NestedCV,0,0,1.0
35.95,SLO1,Logistic_Regression,0,0,0.9663290455602985
35.95,SLO1,Decision_Tree_NestedCV,0,0,0.9830815709969789
75.58,U16,Logistic_Regression,0,0,0.926720916596995
75.58,U16,Decision_Tree_NestedCV,0,0,0.8994413407821229
11.33,EURO,Logistic_Regression,0,0,0.4655280932746303
11.33,EURO,Decision_Tree_NestedCV,0,2,0.3474320241691843
47.19,NBA,Logistic_Regression,0,0,0.94790853733483
47.19,NBA,Decision_Tree_NestedCV,0,0,0.9830815709969789
53.92,SLO1,Logistic_Regression,3,3,0.5298208239926158
53.92,SLO1,Decision_Tree_NestedCV,3,3,0.8316831683168316
69.83,U14,Logistic_Regression,0,3,0.2957690353673455
69.83,U14,Decision_Tree_NestedCV,0,3,0.2236180904522613
78.31,SLO1,Logistic_Regression,0,0,0.9684788735291417
78.31,SLO1,Decision_Tree_NestedCV,0,0,0.9830815709969789
52.57,SLO1,Logistic_Regression,3,2,0.20715750585099985
52.57,SLO1,Decision_Tree_NestedCV,3,2,0.08157099697885196
45.14,EURO,Logistic_Regression,4,3,0.33348819542964914
45.14,EURO,Decision_Tree_NestedCV,4,4,0.5263157894736842
40.26,EURO,Logistic_Regression,0,0,0.9497533070057083
40.26,EURO,Decision_Tree_NestedCV,0,0,0.9830815709969789
58.69,NBA,Logistic_Regression,3,3,0.768037324474043
58.69,NBA,Decision_Tree_NestedCV,3,3,0.8378378378378378
80.59,NBA,Logistic_Regression,0,0,0.9206149841133475
80.59,NBA,Decision_Tree_NestedCV,0,0,0.9830815709969789
12.62,SLO1,Logistic_Regression,0,0,0.922529674757262
12.62,SLO1,Decision_Tree_NestedCV,0,0,0.9830815709969789
78.68,SLO1,Logistic_Regression,3,0,0.08237959698492724
78.68,SLO1,Decision_Tree_NestedCV,3,2,0.0
35.56,SLO1,Logistic_Regression,0,0,0.6411673048060235
35.56,SLO1,Decision_Tree_NestedCV,0,0,0.7464788732394366
70.5,U14,Logistic_Regression,0,0,0.6093604815055933
70.5,U14,Decision_Tree_NestedCV,0,0,0.7936507936507936
25.64,EURO,Logistic_Regression,0,0,0.9549814339013948
25.64,EURO,Decision_Tree_NestedCV,0,0,0.9830815709969789
49.18,U14,Logistic_Regression,0,0,0.5909749720322455
49.18,U14,Decision_Tree_NestedCV,0,0,0.7936507936507936
34.78,EURO,Logistic_Regression,0,0,0.953088370145729
34.78,EURO,Decision_Tree_NestedCV,0,0,0.9830815709969789
11.52,SLO1,Logistic_Regression,0,0,0.9649221489388594
11.52,SLO1,Decision_Tree_NestedCV,0,0,0.9830815709969789
58.51,SLO1,Logistic_Regression,0,3,0.27707812161563283
58.51,SLO1,Decision_Tree_NestedCV,0,0,0.4074074074074074
89.17,EURO,Logistic_Regression,0,0,0.903018519632927
89.17,EURO,Decision_Tree_NestedCV,0,0,0.9830815709969789
22.03,SLO1,Logistic_Regression,2,2,0.3911110487520309
22.03,SLO1,Decision_Tree_NestedCV,2,3,0.2826086956521739
70.14,U14,Logistic_Regression,3,3,0.6690126673713154
70.14,U14,Decision_Tree_NestedCV,3,3,0.8490566037735849
28.03,EURO,Logistic_Regression,0,0,0.9468336263805102
28.03,EURO,Decision_Tree_NestedCV,0,0,0.9830815709969789
53.81,EURO,Logistic_Regression,4,4,0.6820302385586987
53.81,EURO,Decision_Tree_NestedCV,4,4,0.85
40.84,U16,Logistic_Regression,4,0,0.06401552960266867
40.84,U16,Decision_Tree_NestedCV,4,0,0.1005586592178771
49.58,NBA,Logistic_Regression,3,3,0.3617811122092471
49.58,NBA,Decision_Tree_NestedCV,3,3,0.4547738693467337
57.56,SLO1,Logistic_Regression,2,3,0.29440174777104644
57.56,SLO1,Decision_Tree_NestedCV,2,0,0.2661290322580645
75.48,NBA,Logistic_Regression,0,0,0.9458937534293084
75.48,NBA,Decision_Tree_NestedCV,0,0,0.9830815709969789
19.81,NBA,Logistic_Regression,0,0,0.9518669145902852
19.81,NBA,Decision_Tree_NestedCV,0,0,0.9830815709969789
73.83,EURO,Logistic_Regression,2,3,0.2871077879548684
73.83,EURO,Decision_Tree_NestedCV,2,3,0.08793969849246232
23.45,NBA,Logistic_Regression,0,0,0.9047540367567092
23.45,NBA,Decision_Tree_NestedCV,0,0,0.9830815709969789
35.76,U14,Logistic_Regression,0,0,0.8977033384135102
35.76,U14,Decision_Tree_NestedCV,0,0,0.7851239669421488
53.68,U14,Logistic_Regression,0,4,0.21841172214828714
53.68,U14,Decision_Tree_NestedCV,0,4,0.32894736842105265
2.31,NBA,Logistic_Regression,0,0,0.8749289489276618
2.31,NBA,Decision_Tree_NestedCV,0,0,0.9117647058823529
4.78,NBA,Logistic_Regression,2,0,0.3234188309149652
4.78,NBA,Decision_Tree_NestedCV,2,2,0.486404833836858
36.74,NBA,Logistic_Regression,0,0,0.7123909902653518
36.74,NBA,Decision_Tree_NestedCV,0,2,0.3474320241691843
24.8,U14,Logistic_Regression,0,0,0.9160820888314067
24.8,U14,Decision_Tree_NestedCV,0,0,0.7851239669421488
36.8,NBA,Logistic_Regression,2,0,0.1123813923575897
36.8,NBA,Decision_Tree_NestedCV,2,0,0.26605504587155965
82.84,EURO,Logistic_Regression,3,3,0.8430696465403337
82.84,EURO,Decision_Tree_NestedCV,3,3,0.8490566037735849
42.43,SLO1,Logistic_Regression,0,0,0.9362223996679292
42.43,SLO1,Decision_Tree_NestedCV,0,0,0.9830815709969789
75.24,EURO,Logistic_Regression,2,0,0.1617818128583414
75.24,EURO,Decision_Tree_NestedCV,2,0,0.26605504587155965
42.97,U14,Logistic_Regression,3,3,0.7021441466429597
42.97,U14,Decision_Tree_NestedCV,3,3,0.915129151291513
47.28,EURO,Logistic_Regression,0,0,0.7181810003708784
47.28,EURO,Decision_Tree_NestedCV,0,0,0.7464788732394366
76.74,EURO,Logistic_Regression,3,3,0.3308933235862565
76.74,EURO,Decision_Tree_NestedCV,3,3,0.4547738693467337
2.3,SLO1,Logistic_Regression,2,2,0.46740400612374244
2.3,SLO1,Decision_Tree_NestedCV,2,2,0.486404833836858
8.54,EURO,Logistic_Regression,0,0,0.9653391035999684
8.54,EURO,Decision_Tree_NestedCV,0,0,0.9830815709969789
37.97,U14,Logistic_Regression,3,3,0.6472887591477716
37.97,U14,Decision_Tree_NestedCV,3,3,0.915129151291513
35.54,EURO,Logistic_Regression,3,3,0.7877946543601978
35.54,EURO,Decision_Tree_NestedCV,3,3,0.8490566037735849
69.61,SLO1,Logistic_Regression,2,0,0.22458082344158437
69.61,SLO1,Decision_Tree_NestedCV,2,0,0.2535211267605634
73.3,NBA,Logistic_Regression,0,0,0.8083291371261287
73.3,NBA,Decision_Tree_NestedCV,0,0,0.7464788732394366
89.67,EURO,Logistic_Regression,0,0,0.9607587365112146
89.67,EURO,Decision_Tree_NestedCV,0,0,0.9830815709969789
21.57,SLO1,Logistic_Regression,0,0,0.9596599578633757
21.57,SLO1,Decision_Tree_NestedCV,0,0,0.9830815709969789
56.73,SLO1,Logistic_Regression,2,0,0.3001259733672197
56.73,SLO1,Decision_Tree_NestedCV,2,0,0.2661290322580645
57.01,U16,Logistic_Regression,0,3,0.05211599362156751
57.01,U16,Decision_Tree_NestedCV,0,3,0.03690036900369004
66.54,U14,Logistic_Regression,4,0,0.4121289107674307
66.54,U14,Decision_Tree_NestedCV,4,0,0.15
49.7,EURO,Logistic_Regression,3,2,0.22436354090769348
49.7,EURO,Decision_Tree_NestedCV,3,3,0.4547738693467337
8.28,U14,Logistic_Regression,4,0,0.44098997599561196
8.28,U14,Decision_Tree_NestedCV,4,0,0.0
52.99,U16,Logistic_Regression,3,3,0.8773479167182543
52.99,U16,Decision_Tree_NestedCV,3,3,0.915129151291513
43.36,NBA,Logistic_Regression,3,3,0.8050520072539575
43.36,NBA,Decision_Tree_NestedCV,3,3,0.8378378378378378
16.92,NBA,Logistic_Regression,0,0,0.951912553502932
16.92,NBA,Decision_Tree_NestedCV,0,0,0.9830815709969789
15.72,U16,Logistic_Regression,0,0,0.9325745217660806
15.72,U16,Decision_Tree_NestedCV,0,0,0.8994413407821229
71.22,EURO,Logistic_Regression,3,2,0.26263469697936903
71.22,EURO,Decision_Tree_NestedCV,3,3,0.4547738693467337
52.99,SLO1,Logistic_Regression,5,2,0.0662528926815006
52.99,SLO1,Decision_Tree_NestedCV,5,0,0.09876543209876543
86.62,EURO,Logistic_Regression,0,0,0.9455049761321178
86.62,EURO,Decision_Tree_NestedCV,0,0,0.9830815709969789
46.4,SLO1,Logistic_Regression,0,0,0.9678801263519989
46.4,SLO1,Decision_Tree_NestedCV,0,0,0.9830815709969789
36.88,SLO1,Logistic_Regression,4,0,0.02708272373154372
36.88,SLO1,Decision_Tree_NestedCV,4,0,0.009667673716012085
74.31,EURO,Logistic_Regression,3,3,0.7503961746842975
74.31,EURO,Decision_Tree_NestedCV,3,3,0.915129151291513
30.74,U16,Logistic_Regression,3,0,0.3085427134516922
30.74,U16,Decision_Tree_NestedCV,3,2,0.08157099697885196
61.77,EURO,Logistic_Regression,3,0,0.1969405939423138
61.77,EURO,Decision_Tree_NestedCV,3,2,0.08157099697885196
50.52,EURO,Logistic_Regression,4,0,0.168093556809317
50.52,EURO,Decision_Tree_NestedCV,4,0,0.08870967741935484
42.25,SLO1,Logistic_Regression,0,0,0.966700688893444
42.25,SLO1,Decision_Tree_NestedCV,0,0,0.9830815709969789
43.73,EURO,Logistic_Regression,0,0,0.9529042821816107
43.73,EURO,Decision_Tree_NestedCV,0,0,0.9830815709969789
73.55,EURO,Logistic_Regression,0,4,0.33203374239498584
73.55,EURO,Decision_Tree_NestedCV,0,4,0.32894736842105265
69.07,EURO,Logistic_Regression,2,2,0.3553839442575307
69.07,EURO,Decision_Tree_NestedCV,2,2,0.486404833836858
62.28,EURO,Logistic_Regression,3,2,0.26066435620743333
62.28,EURO,Decision_Tree_NestedCV,3,3,0.4547738693467337
77.76,SLO1,Logistic_Regression,4,3,0.090150107009435
77.76,SLO1,Decision_Tree_NestedCV,4,0,0.16666666666666666
58.78,EURO,Logistic_Regression,0,0,0.9465349733234572
58.78,EURO,Decision_Tree_NestedCV,0,0,0.9830815709969789
79.05,EURO,Logistic_Regression,0,0,0.9281868410698373
79.05,EURO,Decision_Tree_NestedCV,0,0,0.9830815709969789
21.69,NBA,Logistic_Regression,0,0,0.9233749427578304
21.69,NBA,Decision_Tree_NestedCV,0,0,0.9830815709969789
3.61,U16,Logistic_Regression,0,3,0.07960034332885095
3.61,U16,Decision_Tree_NestedCV,0,3,0.0
79.07,NBA,Logistic_Regression,0,0,0.9432828812614338
79.07,NBA,Decision_Tree_NestedCV,0,0,0.9830815709969789
4.92,NBA,Logistic_Regression,0,0,0.6028559495754304
4.92,NBA,Decision_Tree_NestedCV,0,0,0.47706422018348627
44.65,U16,Logistic_Regression,0,0,0.9247631525744621
44.65,U16,Decision_Tree_NestedCV,0,0,0.8994413407821229
1.92,U16,Logistic_Regression,0,3,0.2292529348724481
1.92,U16,Decision_Tree_NestedCV,0,4,0.32894736842105265
30.35,SLO1,Logistic_Regression,0,0,0.9701692390523516
30.35,SLO1,Decision_Tree_NestedCV,0,0,0.9830815709969789
40.88,NBA,Logistic_Regression,0,0,0.9540611855611875
40.88,NBA,Decision_Tree_NestedCV,0,0,0.9830815709969789
8.41,NBA,Logistic_Regression,4,4,0.6094745729243024
8.41,NBA,Decision_Tree_NestedCV,4,4,0.85
63.42,NBA,Logistic_Regression,5,3,0.02805639190356637
63.42,NBA,Decision_Tree_NestedCV,5,3,0.0678391959798995
89.76,EURO,Logistic_Regression,0,0,0.7930815480199174
89.76,EURO,Decision_Tree_NestedCV,0,0,0.7464788732394366
1.64,EURO,Logistic_Regression,0,0,0.9495175009057656
1.64,EURO,Decision_Tree_NestedCV,0,0,0.9830815709969789
34.79,NBA,Logistic_Regression,0,0,0.9359749244356159
34.79,NBA,Decision_Tree_NestedCV,0,0,0.9830815709969789
31.93,U14,Logistic_Regression,0,0,0.9033063108871527
31.93,U14,Decision_Tree_NestedCV,0,0,0.7851239669421488
52.32,NBA,Logistic_Regression,0,0,0.9383574361600352
52.32,NBA,Decision_Tree_NestedCV,0,0,0.9830815709969789
43.32,NBA,Logistic_Regression,0,0,0.947241348193642
43.32,NBA,Decision_Tree_NestedCV,0,0,0.9830815709969789
84.11,SLO1,Logistic_Regression,0,0,0.9373704987603435
84.11,SLO1,Decision_Tree_NestedCV,0,0,0.9830815709969789
47.61,SLO1,Logistic_Regression,0,0,0.9475813714064302
47.61,SLO1,Decision_Tree_NestedCV,0,0,0.9830815709969789
34.69,SLO1,Logistic_Regression,3,3,0.9027848118581163
34.69,SLO1,Decision_Tree_NestedCV,3,3,0.915129151291513
88.8,EURO,Logistic_Regression,0,0,0.9296417047604951
88.8,EURO,Decision_Tree_NestedCV,0,0,0.9830815709969789
73.61,SLO1,Logistic_Regression,0,0,0.9690536518096844
73.61,SLO1,Decision_Tree_NestedCV,0,0,0.9830815709969789
12.35,SLO1,Logistic_Regression,0,0,0.9658795474430854
12.35,SLO1,Decision_Tree_NestedCV,0,0,0.9830815709969789
28.28,NBA,Logistic_Regression,0,0,0.7843495960036005
28.28,NBA,Decision_Tree_NestedCV,0,0,0.7464788732394366
57.86,EURO,Logistic_Regression,3,3,0.735475454781724
57.86,EURO,Decision_Tree_NestedCV,3,3,0.915129151291513
61.43,EURO,Logistic_Regression,2,3,0.20453315830104554
61.43,EURO,Decision_Tree_NestedCV,2,0,0.2661290322580645
47.34,SLO1,Logistic_Regression,3,3,0.35847574557281997
47.34,SLO1,Decision_Tree_NestedCV,3,0,0.07407407407407407
4.97,NBA,Logistic_Regression,0,0,0.695932702452467
4.97,NBA,Decision_Tree_NestedCV,0,2,0.3474320241691843
21.95,SLO1,Logistic_Regression,0,0,0.9702827022591076
21.95,SLO1,Decision_Tree_NestedCV,0,0,0.9830815709969789
1.67,EURO,Logistic_Regression,0,0,0.948373745107534
1.67,EURO,Decision_Tree_NestedCV,0,0,0.9830815709969789
89.81,NBA,Logistic_Regression,0,0,0.9416296362252459
89.81,NBA,Decision_Tree_NestedCV,0,0,0.9830815709969789
72.86,U14,Logistic_Regression,2,0,0.07824703944842645
72.86,U14,Decision_Tree_NestedCV,2,0,0.12698412698412698
38.52,U16,Logistic_Regression,3,3,0.5445631378434669
38.52,U16,Decision_Tree_NestedCV,3,3,0.7666666666666667
71.86,NBA,Logistic_Regression,3,0,0.2645199824323444
71.86,NBA,Decision_Tree_NestedCV,3,2,0.08157099697885196
14.6,NBA,Logistic_Regression,0,0,0.9303907580268928
14.6,NBA,Decision_Tree_NestedCV,0,0,0.9830815709969789
16.14,NBA,Logistic_Regression,0,0,0.9310918480044809
16.14,NBA,Decision_Tree_NestedCV,0,0,0.9830815709969789
51.86,NBA,Logistic_Regression,3,3,0.37467738616565227
51.86,NBA,Decision_Tree_NestedCV,3,0,0.18548387096774194
38.8,U16,Logistic_Regression,4,3,0.335750281561564
38.8,U16,Decision_Tree_NestedCV,4,4,0.5263157894736842
64.48,EURO,Logistic_Regression,1,3,0.08255022612855273
64.48,EURO,Decision_Tree_NestedCV,1,3,0.11809045226130653
58.57,U16,Logistic_Regression,0,0,0.9310978167488202
58.57,U16,Decision_Tree_NestedCV,0,0,0.8994413407821229
4.69,NBA,Logistic_Regression,0,0,0.9361079430750873
4.69,NBA,Decision_Tree_NestedCV,0,0,0.9830815709969789
74.58,NBA,Logistic_Regression,0,0,0.9453927775780273
74.58,NBA,Decision_Tree_NestedCV,0,0,0.9830815709969789
73.32,EURO,Logistic_Regression,0,0,0.4379956883632647
73.32,EURO,Decision_Tree_NestedCV,0,0,0.47706422018348627
28.04,NBA,Logistic_Regression,0,0,0.9498653137082562
28.04,NBA,Decision_Tree_NestedCV,0,0,0.9830815709969789
4.65,NBA,Logistic_Regression,0,0,0.9334272883686362
4.65,NBA,Decision_Tree_NestedCV,0,0,0.9830815709969789
35.41,U16,Logistic_Regression,0,0,0.9222934664141589
35.41,U16,Decision_Tree_NestedCV,0,0,0.8994413407821229
23.47,SLO1,Logistic_Regression,0,0,0.9656129457347485
23.47,SLO1,Decision_Tree_NestedCV,0,0,0.9830815709969789
29.91,EURO,Logistic_Regression,2,0,0.39092395450890255
29.91,EURO,Decision_Tree_NestedCV,2,2,0.486404833836858
77.52,NBA,Logistic_Regression,0,0,0.9350329341001687
77.52,NBA,Decision_Tree_NestedCV,0,0,0.9830815709969789
77.03,U14,Logistic_Regression,3,3,0.8643731741002104
77.03,U14,Decision_Tree_NestedCV,3,3,0.915129151291513
10.99,SLO1,Logistic_Regression,3,2,0.103640356272598
10.99,SLO1,Decision_Tree_NestedCV,3,2,0.08157099697885196
10.86,SLO1,Logistic_Regression,0,0,0.940110998799606
10.86,SLO1,Decision_Tree_NestedCV,0,0,0.9830815709969789
42.82,SLO1,Logistic_Regression,0,0,0.9540589776940699
42.82,SLO1,Decision_Tree_NestedCV,0,0,0.9830815709969789
8.92,SLO1,Logistic_Regression,0,0,0.9439873914555909
8.92,SLO1,Decision_Tree_NestedCV,0,0,0.9830815709969789
8.87,EURO,Logistic_Regression,1,2,0.2124991192936059
8.87,EURO,Decision_Tree_NestedCV,1,3,0.11809045226130653
16.42,SLO1,Logistic_Regression,4,2,0.047943251273369826
16.42,SLO1,Decision_Tree_NestedCV,4,4,1.0
6.67,EURO,Logistic_Regression,0,0,0.960469788336699
6.67,EURO,Decision_Tree_NestedCV,0,0,0.9830815709969789
51.99,U14,Logistic_Regression,0,0,0.8986651897186562
51.99,U14,Decision_Tree_NestedCV,0,0,0.7851239669421488
66.26,U14,Logistic_Regression,0,0,0.5252247167034277
66.26,U14,Decision_Tree_NestedCV,0,0,0.7936507936507936
64.61,SLO1,Logistic_Regression,0,0,0.3889880745227474
64.61,SLO1,Decision_Tree_NestedCV,0,2,0.3474320241691843
18.71,EURO,Logistic_Regression,0,3,0.09595430970525518
18.71,EURO,Decision_Tree_NestedCV,0,3,0.0
27.12,SLO1,Logistic_Regression,0,0,0.8718766672677324
27.12,SLO1,Decision_Tree_NestedCV,0,0,0.9830815709969789
12.88,SLO1,Logistic_Regression,3,3,0.7093479639428569
12.88,SLO1,Decision_Tree_NestedCV,3,3,0.8316831683168316
41.7,SLO1,Logistic_Regression,2,0,0.27613796687786113
41.7,SLO1,Decision_Tree_NestedCV,2,0,0.2661290322580645
82.19,SLO1,Logistic_Regression,0,0,0.9605880687368789
82.19,SLO1,Decision_Tree_NestedCV,0,0,0.9830815709969789
86.76,EURO,Logistic_Regression,0,0,0.9443377305790709
86.76,EURO,Decision_Tree_NestedCV,0,0,0.9830815709969789
0.79,SLO1,Logistic_Regression,0,0,0.9692391085703438
0.79,SLO1,Decision_Tree_NestedCV,0,0,0.9830815709969789
58.78,EURO,Logistic_Regression,0,0,0.9518814521273056
58.78,EURO,Decision_Tree_NestedCV,0,0,0.9830815709969789
59.22,EURO,Logistic_Regression,0,0,0.9474084138004543
59.22,EURO,Decision_Tree_NestedCV,0,0,0.9830815709969789
45.79,NBA,Logistic_Regression,3,0,0.2727893054400862
45.79,NBA,Decision_Tree_NestedCV,3,0,0.18548387096774194
89.03,EURO,Logistic_Regression,0,0,0.8648460038726441
89.03,EURO,Decision_Tree_NestedCV,0,0,0.9117647058823529
50.18,NBA,Logistic_Regression,3,3,0.8297781601136398
50.18,NBA,Decision_Tree_NestedCV,3,3,0.8378378378378378
66.87,EURO,Logistic_Regression,0,0,0.9425859465652483
66.87,EURO,Decision_Tree_NestedCV,0,0,0.9830815709969789
80.91,U16,Logistic_Regression,3,3,0.8865063241449994
80.91,U16,Decision_Tree_NestedCV,3,3,0.915129151291513
35.16,U16,Logistic_Regression,0,0,0.9190129433619538
35.16,U16,Decision_Tree_NestedCV,0,0,0.8994413407821229
66.64,NBA,Logistic_Regression,3,3,0.869215009672728
66.64,NBA,Decision_Tree_NestedCV,3,3,0.8378378378378378
79.1,SLO1,Logistic_Regression,1,0,0.03770301274747505
79.1,SLO1,Decision_Tree_NestedCV,1,2,0.027190332326283987
88.8,U14,Logistic_Regression,4,0,0.08489203084259439
88.8,U14,Decision_Tree_NestedCV,4,0,0.10144927536231885
71.17,EURO,Logistic_Regression,3,3,0.428357391580801
71.17,EURO,Decision_Tree_NestedCV,3,3,0.4547738693467337
78.34,EURO,Logistic_Regression,3,3,0.5852930149488991
78.34,EURO,Decision_Tree_NestedCV,3,4,0.14473684210526316
56.71,NBA,Logistic_Regression,0,0,0.9085977212996549
56.71,NBA,Decision_Tree_NestedCV,0,0,0.9830815709969789
75.89,EURO,Logistic_Regression,3,3,0.3133813391029037
75.89,EURO,Decision_Tree_NestedCV,3,3,0.4547738693467337
68.3,EURO,Logistic_Regression,5,2,0.06523374112253925
68.3,EURO,Decision_Tree_NestedCV,5,3,0.0678391959798995
50.76,SLO1,Logistic_Regression,0,3,0.22749816171643128
50.76,SLO1,Decision_Tree_NestedCV,0,0,0.4074074074074074
73.83,SLO1,Logistic_Regression,3,3,0.9255823124585154
73.83,SLO1,Decision_Tree_NestedCV,3,3,0.8490566037735849
67.88,U16,Logistic_Regression,4,0,0.08234188698537205
67.88,U16,Decision_Tree_NestedCV,4,0,0.1005586592178771
59.97,U14,Logistic_Regression,3,3,0.7993276980678896
59.97,U14,Decision_Tree_NestedCV,3,3,0.915129151291513
46.93,NBA,Logistic_Regression,0,0,0.947081669050137
46.93,NBA,Decision_Tree_NestedCV,0,0,0.9830815709969789
77.23,SLO1,Logistic_Regression,0,0,0.8415346555547075
77.23,SLO1,Decision_Tree_NestedCV,0,0,0.825
43.59,NBA,Logistic_Regression,3,3,0.39617171324621614
43.59,NBA,Decision_Tree_NestedCV,3,3,0.4547738693467337
0.0,SLO1,Logistic_Regression,0,3,0.11848016038555417
0.0,SLO1,Decision_Tree_NestedCV,0,3,0.0
57.01,SLO1,Logistic_Regression,0,3,0.20214702515602748
57.01,SLO1,Decision_Tree_NestedCV,0,0,0.4074074074074074
59.07,U14,Logistic_Regression,3,3,0.6831500200834181
59.07,U14,Decision_Tree_NestedCV,3,3,0.915129151291513
40.97,SLO1,Logistic_Regression,0,2,0.2647941897765269
40.97,SLO1,Decision_Tree_NestedCV,0,0,0.4074074074074074
89.22,EURO,Logistic_Regression,0,0,0.9438292460058316
89.22,EURO,Decision_Tree_NestedCV,0,0,0.9830815709969789
21.66,NBA,Logistic_Regression,3,3,0.6636987965693505
21.66,NBA,Decision_Tree_NestedCV,3,3,0.5205479452054794
0.0,NBA,Logistic_Regression,2,0,0.34884449802969253
0.0,NBA,Decision_Tree_NestedCV,2,2,0.486404833836858
41.2,NBA,Logistic_Regression,3,3,0.7294550254442995
41.2,NBA,Decision_Tree_NestedCV,3,3,0.8378378378378378
61.2,SLO1,Logistic_Regression,3,3,0.3142846122597271
61.2,SLO1,Decision_Tree_NestedCV,3,0,0.07407407407407407
0.42,SLO1,Logistic_Regression,0,0,0.9659300019201184
0.42,SLO1,Decision_Tree_NestedCV,0,0,0.9830815709969789
73.37,U16,Logistic_Regression,0,0,0.9270788224836428
73.37,U16,Decision_Tree_NestedCV,0,0,0.8994413407821229
51.21,U16,Logistic_Regression,0,0,0.9037628046485258
51.21,U16,Decision_Tree_NestedCV,0,0,0.8994413407821229
72.28,NBA,Logistic_Regression,0,0,0.8898626642962877
72.28,NBA,Decision_Tree_NestedCV,0,0,0.9117647058823529
40.26,EURO,Logistic_Regression,3,2,0.21840245241773387
40.26,EURO,Decision_Tree_NestedCV,3,3,0.4547738693467337
80.76,EURO,Logistic_Regression,0,3,0.27998830438050276
80.76,EURO,Decision_Tree_NestedCV,0,3,0.2236180904522613
1.85,EURO,Logistic_Regression,0,2,0.3928676832431376
1.85,EURO,Decision_Tree_NestedCV,0,2,0.3474320241691843
29.09,NBA,Logistic_Regression,4,3,0.3303838050230339
29.09,NBA,Decision_Tree_NestedCV,4,4,0.5263157894736842
49.38,EURO,Logistic_Regression,0,0,0.9493679295455745
49.38,EURO,Decision_Tree_NestedCV,0,0,0.9830815709969789
35.31,U14,Logistic_Regression,0,0,0.8964477069783818
35.31,U14,Decision_Tree_NestedCV,0,0,0.7851239669421488
53.59,NBA,Logistic_Regression,2,0,0.002705844893195412
53.59,NBA,Decision_Tree_NestedCV,2,0,0.004229607250755287
69.28,U14,Logistic_Regression,4,0,0.1254637672623065
69.28,U14,Decision_Tree_NestedCV,4,0,0.10144927536231885
34.46,U14,Logistic_Regression,4,0,0.1009853905130073
34.46,U14,Decision_Tree_NestedCV,4,0,0.21487603305785125
60.92,SLO1,Logistic_Regression,0,0,0.8522106494081967
60.92,SLO1,Decision_Tree_NestedCV,0,0,0.9117647058823529
59.07,U14,Logistic_Regression,3,3,0.7109118775675933
59.07,U14,Decision_Tree_NestedCV,3,3,0.915129151291513
29.62,EURO,Logistic_Regression,5,3,0.19284523555363403
29.62,EURO,Decision_Tree_NestedCV,5,3,0.0678391959798995
29.32,U14,Logistic_Regression,0,0,0.9097851246343783
29.32,U14,Decision_Tree_NestedCV,0,0,0.776
30.38,U14,Logistic_Regression,0,0,0.8890392388650518
30.38,U14,Decision_Tree_NestedCV,0,0,0.776
30.14,NBA,Logistic_Regression,0,0,0.9422563728148027
30.14,NBA,Decision_Tree_NestedCV,0,0,0.9753777280358142
32.2,SLO1,Logistic_Regression,0,0,0.9640553771492669
32.2,SLO1,Decision_Tree_NestedCV,0,0,0.9753777280358142
33.59,NBA,Logistic_Regression,3,1,0.2213222736397465
33.59,NBA,Decision_Tree_NestedCV,3,3,0.4338235294117647
54.78,SLO1,Logistic_Regression,4,3,0.0828944168785497
54.78,SLO1,Decision_Tree_NestedCV,4,3,0.014925373134328358
14.68,NBA,Logistic_Regression,0,0,0.4983688759755604
14.68,NBA,Decision_Tree_NestedCV,0,4,0.08620689655172414
57.11,NBA,Logistic_Regression,3,3,0.7156845607606397
57.11,NBA,Decision_Tree_NestedCV,3,4,0.47619047619047616
89.57,EURO,Logistic_Regression,0,0,0.9225136941378589
89.57,EURO,Decision_Tree_NestedCV,0,0,0.9753777280358142
4.57,NBA,Logistic_Regression,0,0,0.7320691255765845
4.57,NBA,Decision_Tree_NestedCV,0,2,0.0
44.62,U14,Logistic_Regression,4,0,0.09815218895344313
44.62,U14,Decision_Tree_NestedCV,4,0,0.224
40.78,U14,Logistic_Regression,0,0,0.9012676943541829
40.78,U14,Decision_Tree_NestedCV,0,0,0.776
51.69,U14,Logistic_Regression,0,0,0.9160728508132174
51.69,U14,Decision_Tree_NestedCV,0,0,0.776
4.14,EURO,Logistic_Regression,3,3,0.6971055589447397
4.14,EURO,Decision_Tree_NestedCV,3,3,0.6
84.39,U14,Logistic_Regression,4,0,0.11450299781644499
84.39,U14,Decision_Tree_NestedCV,4,0,0.4444444444444444
86.87,EURO,Logistic_Regression,0,0,0.8725966519816525
86.87,EURO,Decision_Tree_NestedCV,0,0,0.9753777280358142
59.42,U14,Logistic_Regression,0,4,0.27806900476305624
59.42,U14,Decision_Tree_NestedCV,0,4,0.15
69.18,NBA,Logistic_Regression,0,0,0.8084978748089086
69.18,NBA,Decision_Tree_NestedCV,0,0,0.7571428571428571
33.65,EURO,Logistic_Regression,4,0,0.42505321704340004
33.65,EURO,Decision_Tree_NestedCV,4,4,1.0
74.55,EURO,Logistic_Regression,5,3,0.08411968989212773
74.55,EURO,Decision_Tree_NestedCV,5,3,0.08333333333333333
71.17,EURO,Logistic_Regression,0,3,0.2425603517015422
71.17,EURO,Decision_Tree_NestedCV,0,3,0.21568627450980393
67.24,SLO1,Logistic_Regression,0,0,0.9652947712567724
67.24,SLO1,Decision_Tree_NestedCV,0,0,0.9753777280358142
86.63,SLO1,Logistic_Regression,0,0,0.898735947263746
86.63,SLO1,Decision_Tree_NestedCV,0,0,0.9753777280358142
45.0,U14,Logistic_Regression,0,0,0.8350390088341988
45.0,U14,Decision_Tree_NestedCV,0,0,0.9605263157894737
37.28,SLO1,Logistic_Regression,0,0,0.44752790495636535
37.28,SLO1,Decision_Tree_NestedCV,0,2,0.39330543933054396
44.82,NBA,Logistic_Regression,0,0,0.9417820928631526
44.82,NBA,Decision_Tree_NestedCV,0,0,0.9753777280358142
3.44,NBA,Logistic_Regression,3,3,0.7337315550531494
3.44,NBA,Decision_Tree_NestedCV,3,3,1.0
16.14,U14,Logistic_Regression,4,0,0.3673059949679088
16.14,U14,Decision_Tree_NestedCV,4,0,0.45454545454545453
14.64,EURO,Logistic_Regression,0,0,0.8071502725241719
14.64,EURO,Decision_Tree_NestedCV,0,0,0.9753777280358142
53.02,NBA,Logistic_Regression,1,3,0.23922418171189613
53.02,NBA,Decision_Tree_NestedCV,1,3,0.12254901960784313
45.13,SLO1,Logistic_Regression,3,3,0.4866640050410457
45.13,SLO1,Decision_Tree_NestedCV,3,3,0.9253731343283582
39.78,SLO1,Logistic_Regression,0,0,0.961228531387922
39.78,SLO1,Decision_Tree_NestedCV,0,0,0.9753777280358142
16.75,U14,Logistic_Regression,0,0,0.6166264091510192
16.75,U14,Decision_Tree_NestedCV,0,0,0.8235294117647058
78.81,NBA,Logistic_Regression,0,0,0.952252384615631
78.81,NBA,Decision_Tree_NestedCV,0,0,0.9753777280358142
0.45,SLO1,Logistic_Regression,0,0,0.9502659848073988
0.45,SLO1,Decision_Tree_NestedCV,0,0,0.9753777280358142
62.28,U16,Logistic_Regression,4,0,0.21425577847468757
62.28,U16,Decision_Tree_NestedCV,4,0,0.1282051282051282
25.24,U14,Logistic_Regression,0,0,0.8889578093710766
25.24,U14,Decision_Tree_NestedCV,0,0,0.6666666666666666
86.79,SLO1,Logistic_Regression,0,0,0.9582499998268343
86.79,SLO1,Decision_Tree_NestedCV,0,0,0.9753777280358142
0.0,U14,Logistic_Regression,3,0,0.31685168277791076
0.0,U14,Decision_Tree_NestedCV,3,3,0.4338235294117647
38.8,U16,Logistic_Regression,2,0,0.08525269704923684
38.8,U16,Decision_Tree_NestedCV,2,0,0.27835051546391754
25.64,NBA,Logistic_Regression,0,0,0.9419155427759301
25.64,NBA,Decision_Tree_NestedCV,0,0,0.9753777280358142
41.2,NBA,Logistic_Regression,3,3,0.3115396143090558
41.2,NBA,Decision_Tree_NestedCV,3,3,0.4338235294117647
63.8,EURO,Logistic_Regression,0,0,0.9447310200635324
63.8,EURO,Decision_Tree_NestedCV,0,0,0.9753777280358142
11.03,U16,Logistic_Regression,0,0,0.9342462999197173
11.03,U16,Decision_Tree_NestedCV,0,0,0.8941798941798942
74.17,U16,Logistic_Regression,0,0,0.8463010050192079
74.17,U16,Decision_Tree_NestedCV,0,0,0.8941798941798942
30.82,SLO1,Logistic_Regression,0,0,0.9648177843493644
30.82,SLO1,Decision_Tree_NestedCV,0,0,0.9753777280358142
28.1,NBA,Logistic_Regression,0,0,0.9416668413908196
28.1,NBA,Decision_Tree_NestedCV,0,0,0.9753777280358142
29.51,EURO,Logistic_Regression,0,0,0.9514075629263459
29.51,EURO,Decision_Tree_NestedCV,0,0,0.9753777280358142
14.7,NBA,Logistic_Regression,0,0,0.9322650062190523
14.7,NBA,Decision_Tree_NestedCV,0,0,0.9753777280358142
0.92,EURO,Logistic_Regression,0,0,0.7311000216033956
0.92,EURO,Decision_Tree_NestedCV,0,0,0.7571428571428571
49.21,NBA,Logistic_Regression,0,0,0.9421913600860101
49.21,NBA,Decision_Tree_NestedCV,0,0,0.9753777280358142
63.73,NBA,Logistic_Regression,3,3,0.44189698184566684
63.73,NBA,Decision_Tree_NestedCV,3,3,0.4338235294117647
63.01,SLO1,Logistic_Regression,3,3,0.4432829829234181
63.01,SLO1,Decision_Tree_NestedCV,3,3,0.9253731343283582
89.22,EURO,Logistic_Regression,0,0,0.949500580887312
89.22,EURO,Decision_Tree_NestedCV,0,0,0.9753777280358142
62.28,U14,Logistic_Regression,3,3,0.5987384994766124
62.28,U14,Decision_Tree_NestedCV,3,3,0.4338235294117647
66.26,SLO1,Logistic_Regression,0,0,0.4513831606861255
66.26,SLO1,Decision_Tree_NestedCV,0,2,0.2561576354679803
62.28,U16,Logistic_Regression,3,3,0.8351178494653332
62.28,U16,Decision_Tree_NestedCV,3,3,0.9090909090909091
71.26,EURO,Logistic_Regression,0,2,0.2700357390267997
71.26,EURO,Decision_Tree_NestedCV,0,2,0.2561576354679803
4.13,EURO,Logistic_Regression,0,0,0.8505578969587124
4.13,EURO,Decision_Tree_NestedCV,0,0,0.9753777280358142
70.94,U14,Logistic_Regression,4,0,0.348731309076079
70.94,U14,Decision_Tree_NestedCV,4,0,0.1282051282051282
65.79,NBA,Logistic_Regression,0,0,0.9174065024122539
65.79,NBA,Decision_Tree_NestedCV,0,0,0.9753777280358142
48.5,NBA,Logistic_Regression,0,0,0.939846459631206
48.5,NBA,Decision_Tree_NestedCV,0,0,0.9753777280358142
49.23,U16,Logistic_Regression,0,0,0.6548598121248943
49.23,U16,Decision_Tree_NestedCV,0,0,0.7571428571428571
80.02,U16,Logistic_Regression,3,3,0.9016937578070924
80.02,U16,Decision_Tree_NestedCV,3,3,0.9090909090909091
46.7,EURO,Logistic_Regression,3,0,0.14711536533454878
46.7,EURO,Decision_Tree_NestedCV,3,2,0.1724137931034483
64.98,SLO1,Logistic_Regression,0,2,0.27198963960418654
64.98,SLO1,Decision_Tree_NestedCV,0,2,0.2561576354679803
63.76,EURO,Logistic_Regression,2,0,0.1265857098307152
63.76,EURO,Decision_Tree_NestedCV,2,0,0.27835051546391754
52.92,NBA,Logistic_Regression,0,3,0.22424045136732598
52.92,NBA,Decision_Tree_NestedCV,0,4,0.15
65.46,NBA,Logistic_Regression,0,0,0.48510932725737466
65.46,NBA,Decision_Tree_NestedCV,0,0,0.8461538461538461
13.48,U14,Logistic_Regression,2,0,0.1533613468951996
13.48,U14,Decision_Tree_NestedCV,2,0,0.0784313725490196
59.17,U14,Logistic_Regression,3,3,0.5685335316472586
59.17,U14,Decision_Tree_NestedCV,3,3,0.4338235294117647
80.2,NBA,Logistic_Regression,1,3,0.17738095280401409
80.2,NBA,Decision_Tree_NestedCV,1,2,0.08374384236453201
29.57,NBA,Logistic_Regression,0,0,0.4631354208943281
29.57,NBA,Decision_Tree_NestedCV,0,2,0.2561576354679803
45.23,NBA,Logistic_Regression,4,0,0.06296347690677834
45.23,NBA,Decision_Tree_NestedCV,4,0,0.012870733072188025
72.78,SLO1,Logistic_Regression,0,0,0.9258426057430851
72.78,SLO1,Decision_Tree_NestedCV,0,0,0.9753777280358142
62.44,U16,Logistic_Regression,3,3,0.8241912147701413
62.44,U16,Decision_Tree_NestedCV,3,3,0.9090909090909091
26.53,U14,Logistic_Regression,4,0,0.10046286716289182
26.53,U14,Decision_Tree_NestedCV,4,0,0.039473684210526314
46.38,NBA,Logistic_Regression,1,3,0.1333510874169329
46.38,NBA,Decision_Tree_NestedCV,1,3,0.12254901960784313
48.91,SLO1,Logistic_Regression,0,2,0.26185567815216465
48.91,SLO1,Decision_Tree_NestedCV,0,2,0.2561576354679803
61.07,SLO1,Logistic_Regression,2,0,0.383009196261655
61.07,SLO1,Decision_Tree_NestedCV,2,2,0.47280334728033474
16.96,NBA,Logistic_Regression,0,0,0.9280781955818374
16.96,NBA,Decision_Tree_NestedCV,0,0,0.9753777280358142
61.75,SLO1,Logistic_Regression,0,0,0.8746495350479303
61.75,SLO1,Decision_Tree_NestedCV,0,0,0.9753777280358142
8.11,SLO1,Logistic_Regression,0,0,0.9349399786114341
8.11,SLO1,Decision_Tree_NestedCV,0,0,0.9753777280358142
45.76,U14,Logistic_Regression,3,3,0.8188490216943367
45.76,U14,Decision_Tree_NestedCV,3,3,0.9090909090909091
57.98,NBA,Logistic_Regression,3,3,0.4492301206831804
57.98,NBA,Decision_Tree_NestedCV,3,3,0.4338235294117647
30.27,SLO1,Logistic_Regression,3,2,0.19326606444590233
30.27,SLO1,Decision_Tree_NestedCV,3,2,0.1724137931034483
71.26,EURO,Logistic_Regression,3,3,0.36979287700050595
71.26,EURO,Decision_Tree_NestedCV,3,2,0.1724137931034483
1.09,SLO1,Logistic_Regression,0,0,0.9318877826493315
1.09,SLO1,Decision_Tree_NestedCV,0,0,0.9753777280358142
83.85,EURO,Logistic_Regression,3,3,0.4762497027545664
83.85,EURO,Decision_Tree_NestedCV,3,3,0.4338235294117647
72.34,EURO,Logistic_Regression,0,3,0.15826862224446953
72.34,EURO,Decision_Tree_NestedCV,0,3,0.21568627450980393
85.71,EURO,Logistic_Regression,4,4,0.8959002278900686
85.71,EURO,Decision_Tree_NestedCV,4,4,0.8793103448275862
76.72,SLO1,Logistic_Regression,0,0,0.9618117644008276
76.72,SLO1,Decision_Tree_NestedCV,0,0,0.9753777280358142
7.11,U14,Logistic_Regression,0,0,0.8449620386098056
7.11,U14,Decision_Tree_NestedCV,0,0,0.9605263157894737
48.74,NBA,Logistic_Regression,0,0,0.9408257426069795
48.74,NBA,Decision_Tree_NestedCV,0,0,0.9753777280358142
88.84,NBA,Logistic_Regression,0,0,0.945708028336349
88.84,NBA,Decision_Tree_NestedCV,0,0,0.9753777280358142
41.88,SLO1,Logistic_Regression,0,0,0.9607382618850009
41.88,SLO1,Decision_Tree_NestedCV,0,0,0.9753777280358142
40.26,U16,Logistic_Regression,3,3,0.8443955270998085
40.26,U16,Decision_Tree_NestedCV,3,3,0.9090909090909091
28.9,SLO1,Logistic_Regression,0,0,0.9658214567268323
28.9,SLO1,Decision_Tree_NestedCV,0,0,0.9753777280358142
10.86,SLO1,Logistic_Regression,4,3,0.08829477202418047
10.86,SLO1,Decision_Tree_NestedCV,4,3,0.1
74.45,U16,Logistic_Regression,0,3,0.1102001655413472
74.45,U16,Decision_Tree_NestedCV,0,3,0.35185185185185186
1.08,EURO,Logistic_Regression,0,0,0.9160957461920706
1.08,EURO,Decision_Tree_NestedCV,0,0,0.9753777280358142
63.96,U14,Logistic_Regression,4,0,0.07257048624500088
63.96,U14,Decision_Tree_NestedCV,4,0,0.09803921568627451
72.93,EURO,Logistic_Regression,2,0,0.08889194829637914
72.93,EURO,Decision_Tree_NestedCV,2,0,0.27835051546391754
16.58,EURO,Logistic_Regression,0,0,0.5355831984198627
16.58,EURO,Decision_Tree_NestedCV,0,2,0.39330543933054396
29.68,EURO,Logistic_Regression,0,0,0.9284395490724833
29.68,EURO,Decision_Tree_NestedCV,0,0,0.9753777280358142
22.12,NBA,Logistic_Regression,0,0,0.942857190457191
22.12,NBA,Decision_Tree_NestedCV,0,0,0.9753777280358142
36.61,SLO1,Logistic_Regression,4,2,0.016895613462790768
36.61,SLO1,Decision_Tree_NestedCV,4,2,0.07389162561576355
45.58,U14,Logistic_Regression,3,3,0.4571609819164541
45.58,U14,Decision_Tree_NestedCV,3,3,0.4338235294117647
10.46,EURO,Logistic_Regression,0,0,0.9467493478720118
10.46,EURO,Decision_Tree_NestedCV,0,0,0.9753777280358142
43.46,EURO,Logistic_Regression,4,2,0.026918579630994723
43.46,EURO,Decision_Tree_NestedCV,4,2,0.07389162561576355
58.19,SLO1,Logistic_Regression,0,0,0.642607919593105
58.19,SLO1,Decision_Tree_NestedCV,0,2,0.39330543933054396
63.6,NBA,Logistic_Regression,4,3,0.1269980893943582
63.6,NBA,Decision_Tree_NestedCV,4,3,0.025
57.29,U14,Logistic_Regression,0,3,0.25220816170728
57.29,U14,Decision_Tree_NestedCV,0,3,0.21568627450980393
56.66,EURO,Logistic_Regression,0,0,0.9453171383503297
56.66,EURO,Decision_Tree_NestedCV,0,0,0.9753777280358142
31.55,NBA,Logistic_Regression,0,0,0.8930575410083812
31.55,NBA,Decision_Tree_NestedCV,0,0,0.9753777280358142
43.5,SLO1,Logistic_Regression,0,0,0.968177452498794
43.5,SLO1,Decision_Tree_NestedCV,0,0,0.9753777280358142
85.44,SLO1,Logistic_Regression,0,0,0.9566693471911879
85.44,SLO1,Decision_Tree_NestedCV,0,0,0.9753777280358142
11.14,NBA,Logistic_Regression,0,0,0.9460374155691701
11.14,NBA,Decision_Tree_NestedCV,0,0,0.9753777280358142
19.38,EURO,Logistic_Regression,2,0,0.16925406741700225
19.38,EURO,Decision_Tree_NestedCV,2,0,0.043478260869565216
24.83,U16,Logistic_Regression,0,3,0.05910851127900365
24.83,U16,Decision_Tree_NestedCV,0,3,0.19148936170212766
8.52,U16,Logistic_Regression,0,0,0.7725304094431511
8.52,U16,Decision_Tree_NestedCV,0,0,0.7571428571428571
86.37,EURO,Logistic_Regression,0,0,0.9359097156547063
86.37,EURO,Decision_Tree_NestedCV,0,0,0.9753777280358142
22.57,NBA,Logistic_Regression,2,0,0.18767190507102935
22.57,NBA,Decision_Tree_NestedCV,2,2,0.47280334728033474
26.64,NBA,Logistic_Regression,4,4,0.7100616180577835
26.64,NBA,Decision_Tree_NestedCV,4,4,0.7166666666666667
31.84,U14,Logistic_Regression,0,0,0.9026066493963609
31.84,U14,Decision_Tree_NestedCV,0,0,0.776
11.39,U14,Logistic_Regression,0,0,0.4454976678454648
11.39,U14,Decision_Tree_NestedCV,0,0,0.8235294117647058
30.31,NBA,Logistic_Regression,0,0,0.9090882994612302
30.31,NBA,Decision_Tree_NestedCV,0,0,0.9753777280358142
7.14,NBA,Logistic_Regression,0,0,0.6635026948930806
7.14,NBA,Decision_Tree_NestedCV,0,0,0.5154639175257731
1.62,SLO1,Logistic_Regression,0,0,0.9282985735056077
1.62,SLO1,Decision_Tree_NestedCV,0,0,0.9753777280358142
62.28,U16,Logistic_Regression,3,3,0.8477478109456252
62.28,U16,Decision_Tree_NestedCV,3,3,0.9090909090909091
57.86,NBA,Logistic_Regression,4,3,0.19986931652802417
57.86,NBA,Decision_Tree_NestedCV,4,3,0.2777777777777778
63.77,NBA,Logistic_Regression,0,0,0.9484315662497426
63.77,NBA,Decision_Tree_NestedCV,0,0,0.9753777280358142
0.0,NBA,Logistic_Regression,0,0,0.9407453865801978
0.0,NBA,Decision_Tree_NestedCV,0,0,0.9753777280358142
36.27,NBA,Logistic_Regression,0,0,0.9425113483770484
36.27,NBA,Decision_Tree_NestedCV,0,0,0.9753777280358142
21.82,SLO1,Logistic_Regression,0,0,0.9621105998121797
21.82,SLO1,Decision_Tree_NestedCV,0,0,0.9753777280358142
50.2,U14,Logistic_Regression,0,0,0.48293945496492346
50.2,U14,Decision_Tree_NestedCV,0,0,0.8235294117647058
88.86,NBA,Logistic_Regression,0,0,0.9369090710272062
88.86,NBA,Decision_Tree_NestedCV,0,0,0.9753777280358142
66.2,SLO1,Logistic_Regression,2,0,0.25857693129751147
66.2,SLO1,Decision_Tree_NestedCV,2,2,0.47280334728033474
59.98,NBA,Logistic_Regression,0,0,0.593820184662623
59.98,NBA,Decision_Tree_NestedCV,0,2,0.39330543933054396
86.52,U14,Logistic_Regression,0,0,0.9109557174078197
86.52,U14,Decision_Tree_NestedCV,0,0,0.5555555555555556
87.88,EURO,Logistic_Regression,0,0,0.9490472627110295
87.88,EURO,Decision_Tree_NestedCV,0,0,0.9753777280358142
70.14,U14,Logistic_Regression,0,0,0.5305782835203606
70.14,U14,Decision_Tree_NestedCV,0,0,0.8461538461538461
61.23,SLO1,Logistic_Regression,3,3,0.8169988538435284
61.23,SLO1,Decision_Tree_NestedCV,3,3,0.9253731343283582
50.89,SLO1,Logistic_Regression,0,0,0.3219232795320964
50.89,SLO1,Decision_Tree_NestedCV,0,2,0.2561576354679803
80.75,U16,Logistic_Regression,0,0,0.9175465949010525
80.75,U16,Decision_Tree_NestedCV,0,0,0.8941798941798942
57.01,U16,Logistic_Regression,3,3,0.8759283073102295
57.01,U16,Decision_Tree_NestedCV,3,3,0.9090909090909091
38.85,EURO,Logistic_Regression,0,0,0.9520192824839464
38.85,EURO,Decision_Tree_NestedCV,0,0,0.9753777280358142
48.19,U14,Logistic_Regression,0,0,0.8873291504022652
48.19,U14,Decision_Tree_NestedCV,0,0,0.776
19.13,NBA,Logistic_Regression,2,0,0.15403908098840854
19.13,NBA,Decision_Tree_NestedCV,2,0,0.24285714285714285
32.27,NBA,Logistic_Regression,0,0,0.8972949118665688
32.27,NBA,Decision_Tree_NestedCV,0,0,0.9753777280358142
0.39,EURO,Logistic_Regression,0,0,0.9570868131420335
0.39,EURO,Decision_Tree_NestedCV,0,0,0.9753777280358142
43.83,U14,Logistic_Regression,0,0,0.8521399871226515
43.83,U14,Decision_Tree_NestedCV,0,0,0.9605263157894737
62.28,EURO,Logistic_Regression,3,1,0.2709637119002578
62.28,EURO,Decision_Tree_NestedCV,3,3,0.4338235294117647
23.89,U14,Logistic_Regression,4,0,0.08396697195858024
23.89,U14,Decision_Tree_NestedCV,4,4,1.0
17.12,NBA,Logistic_Regression,0,0,0.9272991393744421
17.12,NBA,Decision_Tree_NestedCV,0,0,0.9753777280358142
40.58,SLO1,Logistic_Regression,4,2,0.012344723794835678
40.58,SLO1,Decision_Tree_NestedCV,4,2,0.07389162561576355
67.95,U14,Logistic_Regression,4,0,0.08410696375051194
67.95,U14,Decision_Tree_NestedCV,4,0,0.4444444444444444
55.84,U14,Logistic_Regression,3,3,0.8236963277320287
55.84,U14,Decision_Tree_NestedCV,3,3,0.9090909090909091
17.98,EURO,Logistic_Regression,0,0,0.9582657125347562
17.98,EURO,Decision_Tree_NestedCV,0,0,0.9753777280358142
67.57,U14,Logistic_Regression,3,3,0.8071839481334768
67.57,U14,Decision_Tree_NestedCV,3,3,0.9090909090909091
43.12,SLO1,Logistic_Regression,0,0,0.9613915358999879
43.12,SLO1,Decision_Tree_NestedCV,0,0,0.9753777280358142
4.71,U14,Logistic_Regression,0,0,0.9201312318963167
4.71,U14,Decision_Tree_NestedCV,0,0,0.776
10.46,U14,Logistic_Regression,0,0,0.9217338494404317
10.46,U14,Decision_Tree_NestedCV,0,0,0.776
0.8,EURO,Logistic_Regression,0,0,0.954781886237638
0.8,EURO,Decision_Tree_NestedCV,0,0,0.9753777280358142
67.14,NBA,Logistic_Regression,3,3,0.4829011383478203
67.14,NBA,Decision_Tree_NestedCV,3,3,0.4338235294117647
85.66,SLO1,Logistic_Regression,0,0,0.9634474428912465
85.66,SLO1,Decision_Tree_NestedCV,0,0,0.9753777280358142
46.38,NBA,Logistic_Regression,3,3,0.3515503433264303
46.38,NBA,Decision_Tree_NestedCV,3,3,0.4338235294117647
13.27,U16,Logistic_Regression,0,0,0.9242393220564885
13.27,U16,Decision_Tree_NestedCV,0,0,0.8941798941798942
57.29,U16,Logistic_Regression,3,3,0.6278126235013767
57.29,U16,Decision_Tree_NestedCV,3,3,0.7790697674418605
27.69,NBA,Logistic_Regression,0,0,0.9412769192616317
27.69,NBA,Decision_Tree_NestedCV,0,0,0.9753777280358142
44.18,NBA,Logistic_Regression,0,0,0.9479320378367608
44.18,NBA,Decision_Tree_NestedCV,0,0,0.9753777280358142
1.17,SLO1,Logistic_Regression,3,0,0.18050432617235365
1.17,SLO1,Decision_Tree_NestedCV,3,3,0.7
37.69,NBA,Logistic_Regression,0,0,0.9505184355627322
37.69,NBA,Decision_Tree_NestedCV,0,0,0.9753777280358142
62.05,EURO,Logistic_Regression,3,2,0.23837730336038407
62.05,EURO,Decision_Tree_NestedCV,3,3,0.4338235294117647
44.93,SLO1,Logistic_Regression,0,0,0.9643550155306699
44.93,SLO1,Decision_Tree_NestedCV,0,0,0.9753777280358142
42.56,U16,Logistic_Regression,3,3,0.8043244388740248
42.56,U16,Decision_Tree_NestedCV,3,3,0.8518518518518519
86.73,SLO1,Logistic_Regression,0,3,0.25186989447290153
86.73,SLO1,Decision_Tree_NestedCV,0,2,0.2561576354679803
60.37,SLO1,Logistic_Regression,3,3,0.8251505183342166
60.37,SLO1,Decision_Tree_NestedCV,3,3,0.9253731343283582
46.72,NBA,Logistic_Regression,0,0,0.9260179038036892
46.72,NBA,Decision_Tree_NestedCV,0,0,0.9753777280358142
7.63,U14,Logistic_Regression,0,0,0.905498807485924
7.63,U14,Decision_Tree_NestedCV,0,0,0.776
62.84,SLO1,Logistic_Regression,0,0,0.9648511940917777
62.84,SLO1,Decision_Tree_NestedCV,0,0,0.9753777280358142
81.12,SLO1,Logistic_Regression,3,3,0.5306204772685047
81.12,SLO1,Decision_Tree_NestedCV,3,0,0.0
3.26,NBA,Logistic_Regression,0,0,0.935274999034051
3.26,NBA,Decision_Tree_NestedCV,0,0,0.9753777280358142
45.58,U14,Logistic_Regression,3,3,0.4571609819164541
45.58,U14,Decision_Tree_NestedCV,3,3,0.4338235294117647
1.15,SLO1,Logistic_Regression,4,4,0.697078412658036
1.15,SLO1,Decision_Tree_NestedCV,4,3,0.1
51.55,NBA,Logistic_Regression,0,0,0.5020068914537986
51.55,NBA,Decision_Tree_NestedCV,0,0,0.8461538461538461
65.38,U14,Logistic_Regression,0,0,0.8880781625596387
65.38,U14,Decision_Tree_NestedCV,0,0,0.9605263157894737
12.3,NBA,Logistic_Regression,0,0,0.9501497576469135
12.3,NBA,Decision_Tree_NestedCV,0,0,0.9753777280358142
20.03,U14,Logistic_Regression,0,0,0.6576181775315826
20.03,U14,Decision_Tree_NestedCV,0,0,0.8235294117647058
14.1,SLO1,Logistic_Regression,0,0,0.9610189549325611
14.1,SLO1,Decision_Tree_NestedCV,0,0,0.9753777280358142
38.65,NBA,Logistic_Regression,0,0,0.9401452886637328
38.65,NBA,Decision_Tree_NestedCV,0,0,0.9753777280358142
29.99,NBA,Logistic_Regression,0,0,0.941686381075411
29.99,NBA,Decision_Tree_NestedCV,0,0,0.9753777280358142
48.67,U14,Logistic_Regression,4,3,0.20320834631347925
48.67,U14,Decision_Tree_NestedCV,4,3,0.045454545454545456
60.79,EURO,Logistic_Regression,0,0,0.95207551004434
60.79,EURO,Decision_Tree_NestedCV,0,0,0.9753777280358142
78.08,SLO1,Logistic_Regression,0,0,0.8809201092311313
78.08,SLO1,Decision_Tree_NestedCV,0,0,0.9753777280358142
45.22,EURO,Logistic_Regression,0,0,0.9471254712737169
45.22,EURO,Decision_Tree_NestedCV,0,0,0.9753777280358142
55.76,NBA,Logistic_Regression,3,3,0.35818773172303997
55.76,NBA,Decision_Tree_NestedCV,3,3,0.4338235294117647
36.37,NBA,Logistic_Regression,3,3,0.7190464836240752
36.37,NBA,Decision_Tree_NestedCV,3,0,0.42857142857142855
0.72,SLO1,Logistic_Regression,0,0,0.8050691638316685
0.72,SLO1,Decision_Tree_NestedCV,0,0,0.9753777280358142
68.16,SLO1,Logistic_Regression,0,0,0.65042302446267
68.16,SLO1,Decision_Tree_NestedCV,0,2,0.39330543933054396
3.17,U14,Logistic_Regression,4,0,0.12305685289238134
3.17,U14,Decision_Tree_NestedCV,4,0,0.039473684210526314
42.56,U14,Logistic_Regression,3,3,0.7726287232253327
42.56,U14,Decision_Tree_NestedCV,3,3,0.9090909090909091
80.98,SLO1,Logistic_Regression,0,0,0.9451269780671043
80.98,SLO1,Decision_Tree_NestedCV,0,0,0.9753777280358142
52.4,NBA,Logistic_Regression,3,3,0.7986724243440307
52.4,NBA,Decision_Tree_NestedCV,3,3,0.37037037037037035
50.16,U14,Logistic_Regression,0,0,0.5988524039410629
50.16,U14,Decision_Tree_NestedCV,0,0,0.8235294117647058
8.38,EURO,Logistic_Regression,2,2,0.4889583597843575
8.38,EURO,Decision_Tree_NestedCV,2,2,0.47280334728033474
0.0,SLO1,Logistic_Regression,2,2,0.4959434922839376
0.0,SLO1,Decision_Tree_NestedCV,2,2,0.47280334728033474
55.7,SLO1,Logistic_Regression,4,3,0.4543113300886929
55.7,SLO1,Decision_Tree_NestedCV,4,3,0.014925373134328358
34.75,SLO1,Logistic_Regression,0,0,0.9681979680761345
34.75,SLO1,Decision_Tree_NestedCV,0,0,0.9753777280358142
42.64,EURO,Logistic_Regression,0,0,0.8902017185408261
42.64,EURO,Decision_Tree_NestedCV,0,0,0.9753777280358142
3.73,SLO1,Logistic_Regression,0,0,0.5231103289912151
3.73,SLO1,Decision_Tree_NestedCV,0,2,0.39330543933054396
36.39,U14,Logistic_Regression,2,3,0.07630455873262408
36.39,U14,Decision_Tree_NestedCV,2,3,0.09313725490196079
52.25,NBA,Logistic_Regression,3,1,0.2793551338570626
52.25,NBA,Decision_Tree_NestedCV,3,3,0.4338235294117647
49.15,EURO,Logistic_Regression,0,0,0.9578931948759372
49.15,EURO,Decision_Tree_NestedCV,0,0,0.9753777280358142
50.67,EURO,Logistic_Regression,2,0,0.2039475120852299
50.67,EURO,Decision_Tree_NestedCV,2,2,0.47280334728033474
25.42,U16,Logistic_Regression,0,3,0.08977198286943582
25.42,U16,Decision_Tree_NestedCV,0,3,0.35185185185185186
86.86,U14,Logistic_Regression,4,0,0.10253098330229604
86.86,U14,Decision_Tree_NestedCV,4,0,0.4444444444444444
0.42,NBA,Logistic_Regression,0,0,0.942537707511907
0.42,NBA,Decision_Tree_NestedCV,0,0,0.9753777280358142
22.97,EURO,Logistic_Regression,0,0,0.9472036404432911
22.97,EURO,Decision_Tree_NestedCV,0,0,0.9753777280358142
80.65,EURO,Logistic_Regression,3,3,0.5648299877053501
80.65,EURO,Decision_Tree_NestedCV,3,3,0.37037037037037035
49.1,NBA,Logistic_Regression,0,3,0.2617808120063375
49.1,NBA,Decision_Tree_NestedCV,0,3,0.21568627450980393
58.75,EURO,Logistic_Regression,4,0,0.37302346264629255
58.75,EURO,Decision_Tree_NestedCV,4,4,0.7166666666666667
45.23,SLO1,Logistic_Regression,3,3,0.6774594148078242
45.23,SLO1,Decision_Tree_NestedCV,3,3,0.9253731343283582
53.58,EURO,Logistic_Regression,0,0,0.9525340556962555
53.58,EURO,Decision_Tree_NestedCV,0,0,0.9753777280358142
58.92,SLO1,Logistic_Regression,0,0,0.9651587552697418
58.92,SLO1,Decision_Tree_NestedCV,0,0,0.9753777280358142
17.02,EURO,Logistic_Regression,4,0,0.1396345162313891
17.02,EURO,Decision_Tree_NestedCV,4,0,0.45454545454545453
42.33,NBA,Logistic_Regression,0,0,0.9282055274580477
42.33,NBA,Decision_Tree_NestedCV,0,0,0.9753777280358142
55.35,U16,Logistic_Regression,3,3,0.6614474345669559
55.35,U16,Decision_Tree_NestedCV,3,4,0.47619047619047616
45.82,EURO,Logistic_Regression,0,0,0.9463626107288123
45.82,EURO,Decision_Tree_NestedCV,0,0,0.9753777280358142
41.31,EURO,Logistic_Regression,0,0,0.9510642081578147
41.31,EURO,Decision_Tree_NestedCV,0,0,0.9753777280358142
75.89,EURO,Logistic_Regression,0,2,0.193119760324962
75.89,EURO,Decision_Tree_NestedCV,0,3,0.21568627450980393
81.7,SLO1,Logistic_Regression,0,0,0.899386861272262
81.7,SLO1,Decision_Tree_NestedCV,0,0,0.9753777280358142
12.46,NBA,Logistic_Regression,3,1,0.16891765121036742
12.46,NBA,Decision_Tree_NestedCV,3,3,0.4338235294117647
50.76,U14,Logistic_Regression,3,3,0.4502563391655709
50.76,U14,Decision_Tree_NestedCV,3,3,0.4338235294117647
68.38,SLO1,Logistic_Regression,0,0,0.959886803450873
68.38,SLO1,Decision_Tree_NestedCV,0,0,0.9753777280358142
5.29,SLO1,Logistic_Regression,3,2,0.15430647107617795
5.29,SLO1,Decision_Tree_NestedCV,3,2,0.2916666666666667
36.49,NBA,Logistic_Regression,0,0,0.8268721271185856
36.49,NBA,Decision_Tree_NestedCV,0,0,0.9753777280358142
41.66,NBA,Logistic_Regression,0,0,0.8727527440347015
41.66,NBA,Decision_Tree_NestedCV,0,0,0.9753777280358142
55.08,SLO1,Logistic_Regression,2,0,0.29204012186234873
55.08,SLO1,Decision_Tree_NestedCV,2,2,0.47280334728033474
25.73,NBA,Logistic_Regression,0,0,0.9264917361465463
25.73,NBA,Decision_Tree_NestedCV,0,0,0.9753777280358142
21.19,SLO1,Logistic_Regression,0,0,0.9635925468902914
21.19,SLO1,Decision_Tree_NestedCV,0,0,0.9753777280358142
64.16,NBA,Logistic_Regression,0,0,0.9327620108000331
64.16,NBA,Decision_Tree_NestedCV,0,0,0.9753777280358142
83.31,EURO,Logistic_Regression,3,3,0.800785790760217
83.31,EURO,Decision_Tree_NestedCV,3,3,0.9090909090909091
31.89,U14,Logistic_Regression,0,0,0.8699313591672457
31.89,U14,Decision_Tree_NestedCV,0,0,0.9605263157894737
7.81,U14,Logistic_Regression,4,0,0.09055893071387712
7.81,U14,Decision_Tree_NestedCV,4,0,0.224
28.13,U14,Logistic_Regression,3,0,0.32043005903270644
28.13,U14,Decision_Tree_NestedCV,3,3,0.4338235294117647
76.27,NBA,Logistic_Regression,0,0,0.4594888306900195
76.27,NBA,Decision_Tree_NestedCV,0,0,0.8461538461538461
88.34,SLO1,Logistic_Regression,0,0,0.9639178315642802
88.34,SLO1,Decision_Tree_NestedCV,0,0,0.9753777280358142
0.0,U16,Logistic_Regression,0,3,0.14975349599756652
0.0,U16,Decision_Tree_NestedCV,0,3,0.35185185185185186
61.47,SLO1,Logistic_Regression,2,0,0.18653136120061328
61.47,SLO1,Decision_Tree_NestedCV,2,0,0.24285714285714285
49.02,SLO1,Logistic_Regression,0,0,0.9668562452914116
49.02,SLO1,Decision_Tree_NestedCV,0,0,0.9753777280358142
88.33,U16,Logistic_Regression,0,0,0.9166137912203444
88.33,U16,Decision_Tree_NestedCV,0,0,0.8941798941798942
42.41,NBA,Logistic_Regression,0,0,0.9406610297783756
42.41,NBA,Decision_Tree_NestedCV,0,0,0.9753777280358142
11.17,SLO1,Logistic_Regression,0,0,0.922571142107524
11.17,SLO1,Decision_Tree_NestedCV,0,0,0.9753777280358142
51.96,NBA,Logistic_Regression,4,3,0.3451914828641019
51.96,NBA,Decision_Tree_NestedCV,4,4,0.7166666666666667
72.56,SLO1,Logistic_Regression,2,3,0.2204804510470772
72.56,SLO1,Decision_Tree_NestedCV,2,0,0.29069767441860467
46.58,NBA,Logistic_Regression,1,1,0.3261485874464008
46.58,NBA,Decision_Tree_NestedCV,1,3,0.12254901960784313
5.53,NBA,Logistic_Regression,2,0,0.3955110533304868
5.53,NBA,Decision_Tree_NestedCV,2,2,0.3793103448275862
71.17,U14,Logistic_Regression,0,0,0.8410157461738151
71.17,U14,Decision_Tree_NestedCV,0,0,0.9605263157894737
62.22,NBA,Logistic_Regression,0,0,0.9392077123242528
62.22,NBA,Decision_Tree_NestedCV,0,0,0.9753777280358142
48.92,EURO,Logistic_Regression,0,0,0.6155494332035116
48.92,EURO,Decision_Tree_NestedCV,0,2,0.39330543933054396
54.23,SLO1,Logistic_Regression,2,2,0.3248228894972957
54.23,SLO1,Decision_Tree_NestedCV,2,0,0.29069767441860467
47.98,U14,Logistic_Regression,0,0,0.8719898909087118
47.98,U14,Decision_Tree_NestedCV,0,0,0.9605263157894737
37.95,NBA,Logistic_Regression,0,0,0.9278234799031454
37.95,NBA,Decision_Tree_NestedCV,0,0,0.9753777280358142
43.36,U14,Logistic_Regression,3,3,0.5609792113862739
43.36,U14,Decision_Tree_NestedCV,3,4,0.47619047619047616
4.51,EURO,Logistic_Regression,0,0,0.954086876932564
4.51,EURO,Decision_Tree_NestedCV,0,0,0.9753777280358142
4.94,NBA,Logistic_Regression,0,0,0.9078719521222675
4.94,NBA,Decision_Tree_NestedCV,0,0,0.9753777280358142
46.35,EURO,Logistic_Regression,0,0,0.9554249719951879
46.35,EURO,Decision_Tree_NestedCV,0,0,0.9753777280358142
85.27,NBA,Logistic_Regression,0,0,0.9295493203064158
85.27,NBA,Decision_Tree_NestedCV,0,0,0.9753777280358142
64.48,U14,Logistic_Regression,3,3,0.8052840387183603
64.48,U14,Decision_Tree_NestedCV,3,3,0.9090909090909091
20.64,EURO,Logistic_Regression,0,0,0.9173267120084642
20.64,EURO,Decision_Tree_NestedCV,0,0,0.9753777280358142
42.91,EURO,Logistic_Regression,0,0,0.9485071192268099
42.91,EURO,Decision_Tree_NestedCV,0,0,0.9753777280358142
52.99,EURO,Logistic_Regression,3,3,0.801814010827816
52.99,EURO,Decision_Tree_NestedCV,3,3,0.9090909090909091
9.13,EURO,Logistic_Regression,2,2,0.5047485204483863
9.13,EURO,Decision_Tree_NestedCV,2,2,0.3793103448275862
80.72,SLO1,Logistic_Regression,0,0,0.9427597585432649
80.72,SLO1,Decision_Tree_NestedCV,0,0,0.9753777280358142
81.77,SLO1,Logistic_Regression,2,0,0.28888700929004674
81.77,SLO1,Decision_Tree_NestedCV,2,2,0.47280334728033474
55.99,EURO,Logistic_Regression,0,0,0.9246050571756941
55.99,EURO,Decision_Tree_NestedCV,0,0,0.9753777280358142
0.0,SLO1,Logistic_Regression,3,3,0.9114694176297744
0.0,SLO1,Decision_Tree_NestedCV,3,3,0.6
44.01,SLO1,Logistic_Regression,3,0,0.17858317645626792
44.01,SLO1,Decision_Tree_NestedCV,3,0,0.05154639175257732
7.16,U14,Logistic_Regression,0,3,0.171631826023273
7.16,U14,Decision_Tree_NestedCV,0,3,0.35185185185185186
39.73,SLO1,Logistic_Regression,0,0,0.9640129306603691
39.73,SLO1,Decision_Tree_NestedCV,0,0,0.9753777280358142
50.76,SLO1,Logistic_Regression,0,2,0.16939020744586958
50.76,SLO1,Decision_Tree_NestedCV,0,0,0.43023255813953487
34.81,U14,Logistic_Regression,0,0,0.929499863464531
34.81,U14,Decision_Tree_NestedCV,0,0,0.776
27.95,EURO,Logistic_Regression,4,4,0.37048891112708937
27.95,EURO,Decision_Tree_NestedCV,4,4,0.7166666666666667
58.58,NBA,Logistic_Regression,0,3,0.12280563044075649
58.58,NBA,Decision_Tree_NestedCV,0,3,0.21568627450980393
74.31,EURO,Logistic_Regression,3,3,0.7226558692970637
74.31,EURO,Decision_Tree_NestedCV,3,3,0.9090909090909091
27.03,EURO,Logistic_Regression,1,2,0.2221671894636671
27.03,EURO,Decision_Tree_NestedCV,1,3,0.12254901960784313
2.23,NBA,Logistic_Regression,0,0,0.5527876995696854
2.23,NBA,Decision_Tree_NestedCV,0,0,0.5154639175257731
2.06,NBA,Logistic_Regression,0,0,0.8887843954397409
2.06,NBA,Decision_Tree_NestedCV,0,0,0.9753777280358142
87.88,U14,Logistic_Regression,4,0,0.10479834486366355
87.88,U14,Decision_Tree_NestedCV,4,0,0.4444444444444444
55.84,EURO,Logistic_Regression,3,3,0.8492843383902227
55.84,EURO,Decision_Tree_NestedCV,3,3,0.9090909090909091
63.18,U14,Logistic_Regression,0,0,0.8853195014001516
63.18,U14,Decision_Tree_NestedCV,0,0,0.9605263157894737
66.8,SLO1,Logistic_Regression,0,0,0.957857210373275
66.8,SLO1,Decision_Tree_NestedCV,0,0,0.9753777280358142
47.05,SLO1,Logistic_Regression,0,0,0.9641332922464574
47.05,SLO1,Decision_Tree_NestedCV,0,0,0.9753777280358142
52.99,SLO1,Logistic_Regression,2,3,0.14046357603508475
52.99,SLO1,Decision_Tree_NestedCV,2,0,0.29069767441860467
42.06,NBA,Logistic_Regression,0,0,0.8975966327305605
42.06,NBA,Decision_Tree_NestedCV,0,0,0.9753777280358142
62.05,SLO1,Logistic_Regression,0,0,0.4362710624810579
62.05,SLO1,Decision_Tree_NestedCV,0,3,0.0
81.93,U16,Logistic_Regression,0,0,0.7976706575024245
81.93,U16,Decision_Tree_NestedCV,0,0,0.7571428571428571
1.59,EURO,Logistic_Regression,2,0,0.4353244202205714
1.59,EURO,Decision_Tree_NestedCV,2,2,0.47280334728033474
36.2,SLO1,Logistic_Regression,2,0,0.3536072308936999
36.2,SLO1,Decision_Tree_NestedCV,2,2,0.3793103448275862
27.09,U14,Logistic_Regression,0,0,0.8692799601619757
27.09,U14,Decision_Tree_NestedCV,0,0,0.9605263157894737
70.08,U14,Logistic_Regression,0,0,0.8003821524337866
70.08,U14,Decision_Tree_NestedCV,0,0,0.9605263157894737
23.62,U14,Logistic_Regression,2,0,0.09555853287407523
23.62,U14,Decision_Tree_NestedCV,2,0,0.0784313725490196
5.63,EURO,Logistic_Regression,0,0,0.8574099920608625
5.63,EURO,Decision_Tree_NestedCV,0,0,0.9753777280358142
80.67,SLO1,Logistic_Regression,0,0,0.9592244415731078
80.67,SLO1,Decision_Tree_NestedCV,0,0,0.9753777280358142
3.36,NBA,Logistic_Regression,2,0,0.17674856691698448
3.36,NBA,Decision_Tree_NestedCV,2,0,0.24285714285714285
8.73,NBA,Logistic_Regression,0,0,0.927373891138931
8.73,NBA,Decision_Tree_NestedCV,0,0,0.9753777280358142
34.62,NBA,Logistic_Regression,0,0,0.9068035540894194
34.62,NBA,Decision_Tree_NestedCV,0,0,0.9753777280358142
60.86,SLO1,Logistic_Regression,3,3,0.6354351390119848
60.86,SLO1,Decision_Tree_NestedCV,3,3,0.9253731343283582
60.12,NBA,Logistic_Regression,0,0,0.9399498031462796
60.12,NBA,Decision_Tree_NestedCV,0,0,0.9753777280358142
42.29,U14,Logistic_Regression,4,3,0.13883030285593995
42.29,U14,Decision_Tree_NestedCV,4,3,0.045454545454545456
51.3,NBA,Logistic_Regression,3,0,0.21988204853239668
51.3,NBA,Decision_Tree_NestedCV,3,2,0.07112970711297072
34.32,EURO,Logistic_Regression,0,0,0.9515699591133328
34.32,EURO,Decision_Tree_NestedCV,0,0,0.9753777280358142
24.16,NBA,Logistic_Regression,0,3,0.15187093514748873
24.16,NBA,Decision_Tree_NestedCV,0,3,0.19148936170212766
79.71,U16,Logistic_Regression,0,0,0.7428289786541915
79.71,U16,Decision_Tree_NestedCV,0,0,0.7571428571428571
87.01,EURO,Logistic_Regression,0,0,0.9426568199585006
87.01,EURO,Decision_Tree_NestedCV,0,0,0.9753777280358142
46.07,SLO1,Logistic_Regression,0,0,0.9644371908184405
46.07,SLO1,Decision_Tree_NestedCV,0,0,0.9753777280358142
19.5,NBA,Logistic_Regression,4,4,0.8234926763871356
19.5,NBA,Decision_Tree_NestedCV,4,4,1.0
72.82,EURO,Logistic_Regression,0,0,0.9437850560599346
72.82,EURO,Decision_Tree_NestedCV,0,0,0.9753777280358142
54.36,EURO,Logistic_Regression,0,0,0.9509339185984734
54.36,EURO,Decision_Tree_NestedCV,0,0,0.9753777280358142
15.35,SLO1,Logistic_Regression,2,2,0.41163793760344775
15.35,SLO1,Decision_Tree_NestedCV,2,2,0.3793103448275862
67.37,NBA,Logistic_Regression,0,0,0.8784032348315156
67.37,NBA,Decision_Tree_NestedCV,0,0,0.9753777280358142
0.0,SLO1,Logistic_Regression,4,3,0.10321884503272591
0.0,SLO1,Decision_Tree_NestedCV,4,3,0.1
60.56,SLO1,Logistic_Regression,0,0,0.8569299293134436
60.56,SLO1,Decision_Tree_NestedCV,0,0,0.9753777280358142
57.08,SLO1,Logistic_Regression,3,0,0.3731244360675413
57.08,SLO1,Decision_Tree_NestedCV,3,0,0.05154639175257732
61.05,NBA,Logistic_Regression,0,0,0.8204161043415495
61.05,NBA,Decision_Tree_NestedCV,0,0,0.7571428571428571
17.1,EURO,Logistic_Regression,0,0,0.9270055565414153
17.1,EURO,Decision_Tree_NestedCV,0,0,0.9753777280358142
59.59,EURO,Logistic_Regression,0,0,0.9515253190477864
59.59,EURO,Decision_Tree_NestedCV,0,0,0.9753777280358142
7.32,SLO1,Logistic_Regression,2,1,0.11714081502225289
7.32,SLO1,Decision_Tree_NestedCV,2,2,0.2916666666666667
32.55,NBA,Logistic_Regression,0,0,0.938677954395189
32.55,NBA,Decision_Tree_NestedCV,0,0,0.9753777280358142
72.62,U16,Logistic_Regression,4,4,0.5346264772925023
72.62,U16,Decision_Tree_NestedCV,4,4,0.8793103448275862
2.49,EURO,Logistic_Regression,2,0,0.2632597682932934
2.49,EURO,Decision_Tree_NestedCV,2,0,0.27835051546391754
36.54,U14,Logistic_Regression,0,0,0.9190249608122906
36.54,U14,Decision_Tree_NestedCV,0,0,0.776
45.7,SLO1,Logistic_Regression,4,0,0.29185892971959976
45.7,SLO1,Decision_Tree_NestedCV,4,4,0.8793103448275862
33.38,EURO,Logistic_Regression,0,0,0.9452116038535694
33.38,EURO,Decision_Tree_NestedCV,0,0,0.9753777280358142
65.3,EURO,Logistic_Regression,0,0,0.9461271606969173
65.3,EURO,Decision_Tree_NestedCV,0,0,0.9753777280358142
66.64,NBA,Logistic_Regression,3,3,0.8837905937051354
66.64,NBA,Decision_Tree_NestedCV,3,3,0.875
7.43,NBA,Logistic_Regression,0,0,0.9516563204790263
7.43,NBA,Decision_Tree_NestedCV,0,0,0.9753777280358142
22.53,U14,Logistic_Regression,4,0,0.09419421469808832
22.53,U14,Decision_Tree_NestedCV,4,0,0.039473684210526314
50.76,SLO1,Logistic_Regression,0,3,0.22831277708796938
50.76,SLO1,Decision_Tree_NestedCV,0,3,0.05970149253731343
23.5,EURO,Logistic_Regression,2,0,0.42020878803284367
23.5,EURO,Decision_Tree_NestedCV,2,2,0.47280334728033474
42.29,U14,Logistic_Regression,3,3,0.7523138123753751
42.29,U14,Decision_Tree_NestedCV,3,3,0.9090909090909091
2.01,NBA,Logistic_Regression,0,0,0.8915930545925576
2.01,NBA,Decision_Tree_NestedCV,0,0,0.9753777280358142
44.64,EURO,Logistic_Regression,0,0,0.9477751333651795
44.64,EURO,Decision_Tree_NestedCV,0,0,0.9753777280358142
57.01,EURO,Logistic_Regression,3,3,0.8292094732149322
57.01,EURO,Decision_Tree_NestedCV,3,3,0.9090909090909091
54.49,U16,Logistic_Regression,0,3,0.13812983070243698
54.49,U16,Decision_Tree_NestedCV,0,3,0.35185185185185186
86.41,EURO,Logistic_Regression,3,3,0.47171531479801254
86.41,EURO,Decision_Tree_NestedCV,3,3,0.4338235294117647
63.96,SLO1,Logistic_Regression,1,3,0.03864266383099984
63.96,SLO1,Decision_Tree_NestedCV,1,0,0.020833333333333332
54.7,U16,Logistic_Regression,3,3,0.8705453049967086
54.7,U16,Decision_Tree_NestedCV,3,3,0.9090909090909091
35.08,SLO1,Logistic_Regression,3,3,0.422437517303411
35.08,SLO1,Decision_Tree_NestedCV,3,3,0.9253731343283582
55.84,U14,Logistic_Regression,3,3,0.7757014976723456
55.84,U14,Decision_Tree_NestedCV,3,3,0.9090909090909091
33.95,NBA,Logistic_Regression,2,0,0.27598015739371345
33.95,NBA,Decision_Tree_NestedCV,2,2,0.47280334728033474
77.51,SLO1,Logistic_Regression,0,0,0.8616231598513139
77.51,SLO1,Decision_Tree_NestedCV,0,0,0.9753777280358142
2.52,EURO,Logistic_Regression,0,0,0.9506285790279396
2.52,EURO,Decision_Tree_NestedCV,0,0,0.9753777280358142
38.52,EURO,Logistic_Regression,3,2,0.23714347455633647
38.52,EURO,Decision_Tree_NestedCV,3,3,0.4338235294117647
22.96,U14,Logistic_Regression,0,0,0.901223842480532
22.96,U14,Decision_Tree_NestedCV,0,0,0.776
12.91,NBA,Logistic_Regression,1,0,0.008793067263541968
12.91,NBA,Decision_Tree_NestedCV,1,0,0.020618556701030927
41.24,U14,Logistic_Regression,4,0,0.09795600578912265
41.24,U14,Decision_Tree_NestedCV,4,0,0.224
39.75,SLO1,Logistic_Regression,3,3,0.7425791705800697
39.75,SLO1,Decision_Tree_NestedCV,3,3,0.9253731343283582
71.22,EURO,Logistic_Regression,3,3,0.7714022055086133
71.22,EURO,Decision_Tree_NestedCV,3,3,0.8518518518518519
72.93,U16,Logistic_Regression,3,3,0.6595418707611627
72.93,U16,Decision_Tree_NestedCV,3,3,0.7790697674418605
14.25,U16,Logistic_Regression,3,3,0.41313321723824076
14.25,U16,Decision_Tree_NestedCV,3,3,0.7790697674418605
0.0,SLO1,Logistic_Regression,0,0,0.921552304463687
0.0,SLO1,Decision_Tree_NestedCV,0,0,0.9753777280358142
8.29,NBA,Logistic_Regression,0,0,0.932476719338393
8.29,NBA,Decision_Tree_NestedCV,0,0,0.9753777280358142
62.94,NBA,Logistic_Regression,0,0,0.9164931565968194
62.94,NBA,Decision_Tree_NestedCV,0,0,0.9753777280358142
45.81,EURO,Logistic_Regression,0,0,0.9526800444607275
45.81,EURO,Decision_Tree_NestedCV,0,0,0.9753777280358142
0.58,SLO1,Logistic_Regression,0,0,0.921761102944181
0.58,SLO1,Decision_Tree_NestedCV,0,0,0.9753777280358142
45.54,EURO,Logistic_Regression,0,0,0.9444483619490724
45.54,EURO,Decision_Tree_NestedCV,0,0,0.9753777280358142
17.48,NBA,Logistic_Regression,4,3,0.08344802388741175
17.48,NBA,Decision_Tree_NestedCV,4,3,0.1702127659574468
43.74,SLO1,Logistic_Regression,3,0,0.21090604192513174
43.74,SLO1,Decision_Tree_NestedCV,3,2,0.1724137931034483
72.56,U16,Logistic_Regression,3,3,0.7082866675631292
72.56,U16,Decision_Tree_NestedCV,3,3,0.7790697674418605
0.0,NBA,Logistic_Regression,1,0,0.07929514271946544
0.0,NBA,Decision_Tree_NestedCV,1,2,0.08374384236453201
62.64,SLO1,Logistic_Regression,0,0,0.9609638045123774
62.64,SLO1,Decision_Tree_NestedCV,0,0,0.9753777280358142
88.77,EURO,Logistic_Regression,0,0,0.9420428530419996
88.77,EURO,Decision_Tree_NestedCV,0,0,0.9753777280358142
27.44,NBA,Logistic_Regression,3,3,0.2915509554124985
27.44,NBA,Decision_Tree_NestedCV,3,3,0.4338235294117647
21.06,U16,Logistic_Regression,1,3,0.048272648692377684
21.06,U16,Decision_Tree_NestedCV,1,3,0.023255813953488372
42.49,SLO1,Logistic_Regression,0,0,0.960753276460009
42.49,SLO1,Decision_Tree_NestedCV,0,0,0.9753777280358142
63.6,SLO1,Logistic_Regression,0,0,0.9665114571322684
63.6,SLO1,Decision_Tree_NestedCV,0,0,0.9753777280358142
57.24,EURO,Logistic_Regression,0,0,0.9333686478826649
57.24,EURO,Decision_Tree_NestedCV,0,0,0.9753777280358142
62.28,EURO,Logistic_Regression,0,3,0.19182074852839837
62.28,EURO,Decision_Tree_NestedCV,0,3,0.21568627450980393
86.01,EURO,Logistic_Regression,0,0,0.9045217672314314
86.01,EURO,Decision_Tree_NestedCV,0,0,0.9753777280358142
59.97,NBA,Logistic_Regression,0,0,0.7975514999855289
59.97,NBA,Decision_Tree_NestedCV,0,0,0.7571428571428571
8.07,NBA,Logistic_Regression,0,0,0.9339643467080442
8.07,NBA,Decision_Tree_NestedCV,0,0,0.9753777280358142
86.6,EURO,Logistic_Regression,0,0,0.9432421114217768
86.6,EURO,Decision_Tree_NestedCV,0,0,0.9753777280358142
11.83,SLO1,Logistic_Regression,3,0,0.240919729061735
11.83,SLO1,Decision_Tree_NestedCV,3,3,0.7
87.99,NBA,Logistic_Regression,0,0,0.9448719931671389
87.99,NBA,Decision_Tree_NestedCV,0,0,0.9753777280358142
53.99,SLO1,Logistic_Regression,3,3,0.4384532721797913
53.99,SLO1,Decision_Tree_NestedCV,3,3,0.9253731343283582
64.1,NBA,Logistic_Regression,0,0,0.9073653853624184
64.1,NBA,Decision_Tree_NestedCV,0,0,0.9753777280358142
88.56,EURO,Logistic_Regression,3,3,0.8450306420595234
88.56,EURO,Decision_Tree_NestedCV,3,3,0.9090909090909091
86.54,SLO1,Logistic_Regression,0,0,0.9595436315814405
86.54,SLO1,Decision_Tree_NestedCV,0,0,0.9753777280358142
48.1,NBA,Logistic_Regression,0,0,0.950181587890389
48.1,NBA,Decision_Tree_NestedCV,0,0,0.9753777280358142
69.03,SLO1,Logistic_Regression,0,0,0.9429140071316611
69.03,SLO1,Decision_Tree_NestedCV,0,0,0.9753777280358142
89.37,NBA,Logistic_Regression,0,0,0.9368838425181263
89.37,NBA,Decision_Tree_NestedCV,0,0,0.9753777280358142
49.7,U14,Logistic_Regression,3,3,0.7629782706203858
49.7,U14,Decision_Tree_NestedCV,3,3,0.9090909090909091
87.81,NBA,Logistic_Regression,0,0,0.9394815730358688
87.81,NBA,Decision_Tree_NestedCV,0,0,0.9753777280358142
57.16,NBA,Logistic_Regression,0,0,0.9394193739869706
57.16,NBA,Decision_Tree_NestedCV,0,0,0.9753777280358142
69.1,NBA,Logistic_Regression,3,3,0.3902519620352458
69.1,NBA,Decision_Tree_NestedCV,3,3,0.4338235294117647
88.79,EURO,Logistic_Regression,0,0,0.9501198338182174
88.79,EURO,Decision_Tree_NestedCV,0,0,0.9753777280358142
23.3,SLO1,Logistic_Regression,0,0,0.9642789033076646
23.3,SLO1,Decision_Tree_NestedCV,0,0,0.9753777280358142
48.67,U16,Logistic_Regression,3,3,0.5346530209197068
48.67,U16,Decision_Tree_NestedCV,3,3,0.7790697674418605
53.02,NBA,Logistic_Regression,1,3,0.23922418171189613
53.02,NBA,Decision_Tree_NestedCV,1,3,0.12254901960784313
57.05,U16,Logistic_Regression,0,0,0.910736748478599
57.05,U16,Decision_Tree_NestedCV,0,0,0.8941798941798942
70.17,NBA,Logistic_Regression,2,3,0.18165924227881208
70.17,NBA,Decision_Tree_NestedCV,2,3,0.09313725490196079
26.68,U14,Logistic_Regression,0,0,0.9038276983148568
26.68,U14,Decision_Tree_NestedCV,0,0,0.776
36.92,SLO1,Logistic_Regression,3,0,0.3111567023287144
36.92,SLO1,Decision_Tree_NestedCV,3,3,0.9253731343283582
49.65,EURO,Logistic_Regression,0,0,0.9469139565241356
49.65,EURO,Decision_Tree_NestedCV,0,0,0.9753777280358142
58.42,NBA,Logistic_Regression,0,0,0.921986242693442
58.42,NBA,Decision_Tree_NestedCV,0,0,0.9753777280358142
61.2,SLO1,Logistic_Regression,3,3,0.3085343621719797
61.2,SLO1,Decision_Tree_NestedCV,3,0,0.09302325581395349
13.99,U14,Logistic_Regression,0,0,0.9030270318432749
13.99,U14,Decision_Tree_NestedCV,0,0,0.776
42.46,NBA,Logistic_Regression,0,0,0.9505997491923168
42.46,NBA,Decision_Tree_NestedCV,0,0,0.9753777280358142
84.48,NBA,Logistic_Regression,0,0,0.9465661192732536
84.48,NBA,Decision_Tree_NestedCV,0,0,0.9753777280358142
69.35,U14,Logistic_Regression,3,3,0.8176336779934372
69.35,U14,Decision_Tree_NestedCV,3,3,0.9090909090909091
61.27,NBA,Logistic_Regression,4,3,0.2748402877280371
61.27,NBA,Decision_Tree_NestedCV,4,0,0.16666666666666666
62.89,EURO,Logistic_Regression,4,3,0.201810047828156
62.89,EURO,Decision_Tree_NestedCV,4,3,0.2777777777777778
33.69,U16,Logistic_Regression,0,4,0.35837861795988923
33.69,U16,Decision_Tree_NestedCV,0,4,0.08620689655172414
73.39,NBA,Logistic_Regression,0,0,0.9383036347428626
73.39,NBA,Decision_Tree_NestedCV,0,0,0.9753777280358142
44.64,EURO,Logistic_Regression,0,0,0.9567423356410879
44.64,EURO,Decision_Tree_NestedCV,0,0,0.9753777280358142
54.64,NBA,Logistic_Regression,3,3,0.8324499660734334
54.64,NBA,Decision_Tree_NestedCV,3,3,0.875
5.12,NBA,Logistic_Regression,0,0,0.9416213846416231
5.12,NBA,Decision_Tree_NestedCV,0,0,0.9753777280358142
18.59,U16,Logistic_Regression,2,3,0.1019411955176877
18.59,U16,Decision_Tree_NestedCV,2,3,0.08139534883720931
28.01,NBA,Logistic_Regression,0,0,0.9144423214362479
28.01,NBA,Decision_Tree_NestedCV,0,0,0.9753777280358142
72.56,U14,Logistic_Regression,3,3,0.6293954778543148
72.56,U14,Decision_Tree_NestedCV,3,3,0.4338235294117647
20.31,EURO,Logistic_Regression,5,2,0.12821800745813675
20.31,EURO,Decision_Tree_NestedCV,5,3,0.08333333333333333
66.65,U16,Logistic_Regression,0,4,0.20548835079552105
66.65,U16,Decision_Tree_NestedCV,0,4,0.15
55.31,EURO,Logistic_Regression,0,0,0.9574962866844435
55.31,EURO,Decision_Tree_NestedCV,0,0,0.9753777280358142
1.28,NBA,Logistic_Regression,0,0,0.8999849228703726
1.28,NBA,Decision_Tree_NestedCV,0,0,0.9753777280358142
48.87,EURO,Logistic_Regression,0,0,0.9449736884665783
48.87,EURO,Decision_Tree_NestedCV,0,0,0.9753777280358142
11.83,EURO,Logistic_Regression,2,2,0.4969776968552519
11.83,EURO,Decision_Tree_NestedCV,2,2,0.3793103448275862
53.76,U16,Logistic_Regression,3,3,0.7970607583920489
53.76,U16,Decision_Tree_NestedCV,3,3,0.8518518518518519
83.66,EURO,Logistic_Regression,2,0,0.2714186163713146
83.66,EURO,Decision_Tree_NestedCV,2,2,0.47280334728033474
30.93,NBA,Logistic_Regression,0,0,0.9500286106831577
30.93,NBA,Decision_Tree_NestedCV,0,0,0.9753777280358142
58.33,U16,Logistic_Regression,3,3,0.8384259907606507
58.33,U16,Decision_Tree_NestedCV,3,3,0.9090909090909091
72.86,EURO,Logistic_Regression,4,3,0.18078186480812067
72.86,EURO,Decision_Tree_NestedCV,4,3,0.2777777777777778
35.28,U16,Logistic_Regression,4,4,0.4461459190650385
35.28,U16,Decision_Tree_NestedCV,4,4,0.7166666666666667
74.07,SLO1,Logistic_Regression,3,4,0.23570154874234683
74.07,SLO1,Decision_Tree_NestedCV,3,4,0.034482758620689655
39.23,NBA,Logistic_Regression,4,0,0.23852278180057096
39.23,NBA,Decision_Tree_NestedCV,4,0,0.13402061855670103
39.89,SLO1,Logistic_Regression,0,0,0.9625180524711984
39.89,SLO1,Decision_Tree_NestedCV,0,0,0.9753777280358142
23.81,EURO,Logistic_Regression,0,0,0.9446523612115866
23.81,EURO,Decision_Tree_NestedCV,0,0,0.9753777280358142
15.02,NBA,Logistic_Regression,4,3,0.23370929387381886
15.02,NBA,Decision_Tree_NestedCV,4,4,0.5238095238095238
8.16,EURO,Logistic_Regression,4,3,0.30643480743646173
8.16,EURO,Decision_Tree_NestedCV,4,3,0.2777777777777778
50.09,NBA,Logistic_Regression,0,0,0.9257250658969135
50.09,NBA,Decision_Tree_NestedCV,0,0,0.9753777280358142
61.43,SLO1,Logistic_Regression,0,0,0.6763010897125004
61.43,SLO1,Decision_Tree_NestedCV,0,2,0.39330543933054396
23.72,EURO,Logistic_Regression,0,0,0.5365916078536304
23.72,EURO,Decision_Tree_NestedCV,0,2,0.39330543933054396
47.95,U14,Logistic_Regression,0,0,0.9295234729092966
47.95,U14,Decision_Tree_NestedCV,0,0,0.776
64.77,EURO,Logistic_Regression,3,3,0.3961484196361134
64.77,EURO,Decision_Tree_NestedCV,3,3,0.4338235294117647
58.85,SLO1,Logistic_Regression,0,0,0.9655293926244846
58.85,SLO1,Decision_Tree_NestedCV,0,0,0.9753777280358142
46.87,NBA,Logistic_Regression,0,0,0.9289520998539857
46.87,NBA,Decision_Tree_NestedCV,0,0,0.9753777280358142
19.37,NBA,Logistic_Regression,0,0,0.9498576513952499
19.37,NBA,Decision_Tree_NestedCV,0,0,0.9753777280358142
62.97,U16,Logistic_Regression,3,0,0.24020752876913815
62.97,U16,Decision_Tree_NestedCV,3,2,0.07112970711297072
17.66,NBA,Logistic_Regression,3,3,0.34311643004833525
17.66,NBA,Decision_Tree_NestedCV,3,3,0.4338235294117647
30.82,U14,Logistic_Regression,4,0,0.07800265895223626
30.82,U14,Decision_Tree_NestedCV,4,0,0.224
28.2,EURO,Logistic_Regression,0,0,0.9456938525061205
28.2,EURO,Decision_Tree_NestedCV,0,0,0.9753777280358142
28.57,SLO1,Logistic_Regression,0,0,0.9642711239752577
28.57,SLO1,Decision_Tree_NestedCV,0,0,0.9753777280358142
36.2,SLO1,Logistic_Regression,0,0,0.9616763054908681
36.2,SLO1,Decision_Tree_NestedCV,0,0,0.9753777280358142
63.03,SLO1,Logistic_Regression,0,0,0.9652306279447848
63.03,SLO1,Decision_Tree_NestedCV,0,0,0.9753777280358142
14.1,EURO,Logistic_Regression,0,0,0.9502615766264787
14.1,EURO,Decision_Tree_NestedCV,0,0,0.9753777280358142
57.98,EURO,Logistic_Regression,0,0,0.9207267891438532
57.98,EURO,Decision_Tree_NestedCV,0,0,0.9753777280358142
29.47,NBA,Logistic_Regression,0,0,0.9184721292897501
29.47,NBA,Decision_Tree_NestedCV,0,0,0.9753777280358142
35.75,SLO1,Logistic_Regression,0,0,0.9690790136782931
35.75,SLO1,Decision_Tree_NestedCV,0,0,0.9753777280358142
66.54,U16,Logistic_Regression,3,3,0.6139791195138926
66.54,U16,Decision_Tree_NestedCV,3,3,0.7790697674418605
46.66,U16,Logistic_Regression,0,0,0.9107333435106791
46.66,U16,Decision_Tree_NestedCV,0,0,0.8941798941798942
34.63,SLO1,Logistic_Regression,0,0,0.9431877694668285
34.63,SLO1,Decision_Tree_NestedCV,0,0,0.9753777280358142
28.65,U16,Logistic_Regression,0,0,0.8776003139536755
28.65,U16,Decision_Tree_NestedCV,0,0,0.8941798941798942
33.54,NBA,Logistic_Regression,3,0,0.29011337353426625
33.54,NBA,Decision_Tree_NestedCV,3,3,0.4338235294117647
68.28,U16,Logistic_Regression,0,0,0.9044742592446428
68.28,U16,Decision_Tree_NestedCV,0,0,0.8941798941798942
79.18,SLO1,Logistic_Regression,0,0,0.6730789938081128
79.18,SLO1,Decision_Tree_NestedCV,0,2,0.39330543933054396
46.11,U16,Logistic_Regression,0,0,0.9016964350124024
46.11,U16,Decision_Tree_NestedCV,0,0,0.8941798941798942
4.64,EURO,Logistic_Regression,0,0,0.9499452643332725
4.64,EURO,Decision_Tree_NestedCV,0,0,0.9753777280358142
52.2,SLO1,Logistic_Regression,3,3,0.7091350825428756
52.2,SLO1,Decision_Tree_NestedCV,3,3,0.9253731343283582
6.07,EURO,Logistic_Regression,0,0,0.5349035237165514
6.07,EURO,Decision_Tree_NestedCV,0,2,0.39330543933054396
35.54,EURO,Logistic_Regression,3,3,0.720204309197824
35.54,EURO,Decision_Tree_NestedCV,3,3,0.9090909090909091
86.43,NBA,Logistic_Regression,0,0,0.9302179825261249
86.43,NBA,Decision_Tree_NestedCV,0,0,0.9753777280358142
25.8,U14,Logistic_Regression,0,0,0.61288128207465
25.8,U14,Decision_Tree_NestedCV,0,0,0.8235294117647058
72.34,EURO,Logistic_Regression,3,3,0.8075028481968184
72.34,EURO,Decision_Tree_NestedCV,3,3,0.8518518518518519
75.79,U16,Logistic_Regression,0,0,0.9023623240032225
75.79,U16,Decision_Tree_NestedCV,0,0,0.8941798941798942
41.89,SLO1,Logistic_Regression,5,3,0.04658036004106694
41.89,SLO1,Decision_Tree_NestedCV,5,0,0.020833333333333332
21.5,U14,Logistic_Regression,0,0,0.9030691170046617
21.5,U14,Decision_Tree_NestedCV,0,0,0.776
18.52,U14,Logistic_Regression,0,0,0.9025004285517548
18.52,U14,Decision_Tree_NestedCV,0,0,0.776
50.76,U16,Logistic_Regression,5,3,0.012086385434472501
50.76,U16,Decision_Tree_NestedCV,5,3,0.011627906976744186
72.49,NBA,Logistic_Regression,0,0,0.48315790209309417
72.49,NBA,Decision_Tree_NestedCV,0,2,0.39330543933054396
11.83,U14,Logistic_Regression,0,0,0.5090513003659566
11.83,U14,Decision_Tree_NestedCV,0,0,0.8235294117647058
32.86,SLO1,Logistic_Regression,0,0,0.96712310172854
32.86,SLO1,Decision_Tree_NestedCV,0,0,0.9753777280358142
14.59,EURO,Logistic_Regression,4,3,0.22548387231107142
14.59,EURO,Decision_Tree_NestedCV,4,3,0.2777777777777778
72.02,NBA,Logistic_Regression,0,0,0.5552966893172481
72.02,NBA,Decision_Tree_NestedCV,0,0,0.375
61.2,SLO1,Logistic_Regression,0,3,0.09200484176425477
61.2,SLO1,Decision_Tree_NestedCV,0,3,0.045454545454545456
88.23,EURO,Logistic_Regression,4,4,0.798858311624513
88.23,EURO,Decision_Tree_NestedCV,4,4,0.8793103448275862
39.3,NBA,Logistic_Regression,0,0,0.9113747416842506
39.3,NBA,Decision_Tree_NestedCV,0,0,0.9753777280358142
15.42,NBA,Logistic_Regression,0,0,0.9361332710700084
15.42,NBA,Decision_Tree_NestedCV,0,0,0.9753777280358142
55.07,EURO,Logistic_Regression,0,0,0.9504033193594331
55.07,EURO,Decision_Tree_NestedCV,0,0,0.9753777280358142
32.11,SLO1,Logistic_Regression,0,0,0.962450054660406
32.11,SLO1,Decision_Tree_NestedCV,0,0,0.9753777280358142
0.61,SLO1,Logistic_Regression,0,0,0.9340946856057848
0.61,SLO1,Decision_Tree_NestedCV,0,0,0.9753777280358142
34.75,SLO1,Logistic_Regression,0,0,0.9309118825988788
34.75,SLO1,Decision_Tree_NestedCV,0,0,0.9753777280358142
13.03,NBA,Logistic_Regression,0,0,0.9224984866608482
13.03,NBA,Decision_Tree_NestedCV,0,0,0.9753777280358142
78.11,EURO,Logistic_Regression,0,0,0.624362155753499
78.11,EURO,Decision_Tree_NestedCV,0,2,0.39330543933054396
64.14,U16,Logistic_Regression,0,3,0.06473512476059799
64.14,U16,Decision_Tree_NestedCV,0,3,0.045454545454545456
64.09,SLO1,Logistic_Regression,4,0,0.14307065753803447
64.09,SLO1,Decision_Tree_NestedCV,4,0,0.13402061855670103
65.54,U14,Logistic_Regression,0,0,0.891645805682418
65.54,U14,Decision_Tree_NestedCV,0,0,0.9605263157894737
64.58,SLO1,Logistic_Regression,0,0,0.9609900219060252
64.58,SLO1,Decision_Tree_NestedCV,0,0,0.9753777280358142
0.0,EURO,Logistic_Regression,0,0,0.9515095442783227
0.0,EURO,Decision_Tree_NestedCV,0,0,0.9753777280358142
36.07,NBA,Logistic_Regression,1,0,0.0851018798649788
36.07,NBA,Decision_Tree_NestedCV,1,2,0.016736401673640166
19.4,EURO,Logistic_Regression,0,0,0.9488550070439837
19.4,EURO,Decision_Tree_NestedCV,0,0,0.9753777280358142
74.31,EURO,Logistic_Regression,3,3,0.7489379615815649
74.31,EURO,Decision_Tree_NestedCV,3,3,0.9090909090909091
67.28,U14,Logistic_Regression,3,3,0.8360370116917796
67.28,U14,Decision_Tree_NestedCV,3,3,0.8864628820960698
82.03,SLO1,Logistic_Regression,0,0,0.951610950949868
82.03,SLO1,Decision_Tree_NestedCV,0,0,0.9753501400560224
20.31,U14,Logistic_Regression,3,3,0.6120798518796365
20.31,U14,Decision_Tree_NestedCV,3,3,0.5
55.92,EURO,Logistic_Regression,3,3,0.8030814808626208
55.92,EURO,Decision_Tree_NestedCV,3,3,0.8392857142857143
16.55,NBA,Logistic_Regression,0,0,0.907429118899696
16.55,NBA,Decision_Tree_NestedCV,0,0,0.9753501400560224
52.48,EURO,Logistic_Regression,0,0,0.946346400648419
52.48,EURO,Decision_Tree_NestedCV,0,0,0.9753501400560224
60.04,SLO1,Logistic_Regression,3,3,0.8707902360313937
60.04,SLO1,Decision_Tree_NestedCV,3,3,0.8558558558558559
52.57,EURO,Logistic_Regression,0,0,0.9587884855181662
52.57,EURO,Decision_Tree_NestedCV,0,0,0.9753501400560224
75.28,EURO,Logistic_Regression,0,3,0.2884294047307605
75.28,EURO,Decision_Tree_NestedCV,0,2,0.34366925064599485
27.07,EURO,Logistic_Regression,0,0,0.9459358653468888
27.07,EURO,Decision_Tree_NestedCV,0,0,0.9753501400560224
80.67,NBA,Logistic_Regression,0,0,0.9382444513379734
80.67,NBA,Decision_Tree_NestedCV,0,0,0.9753501400560224
24.98,U16,Logistic_Regression,0,0,0.9156872138602489
24.98,U16,Decision_Tree_NestedCV,0,0,0.8913043478260869
89.12,EURO,Logistic_Regression,2,0,0.21464123078872827
89.12,EURO,Decision_Tree_NestedCV,2,2,0.43669250645994834
52.87,NBA,Logistic_Regression,0,0,0.7730887626634914
52.87,NBA,Decision_Tree_NestedCV,0,0,0.8080808080808081
9.14,NBA,Logistic_Regression,3,3,0.6743678389179709
9.14,NBA,Decision_Tree_NestedCV,3,0,0.13333333333333333
6.03,U14,Logistic_Regression,4,0,0.09954329599365527
6.03,U14,Decision_Tree_NestedCV,4,0,0.2153846153846154
62.12,EURO,Logistic_Regression,0,0,0.9481470114236511
62.12,EURO,Decision_Tree_NestedCV,0,0,0.9753501400560224
34.07,NBA,Logistic_Regression,0,0,0.945249688518357
34.07,NBA,Decision_Tree_NestedCV,0,0,0.9753501400560224
33.16,U14,Logistic_Regression,0,0,0.557117318615156
33.16,U14,Decision_Tree_NestedCV,0,0,0.6976744186046512
20.62,EURO,Logistic_Regression,0,0,0.9255057592134678
20.62,EURO,Decision_Tree_NestedCV,0,0,0.9753501400560224
50.42,EURO,Logistic_Regression,0,0,0.9520377042830233
50.42,EURO,Decision_Tree_NestedCV,0,0,0.9753501400560224
6.49,U14,Logistic_Regression,0,3,0.27481436910617274
6.49,U14,Decision_Tree_NestedCV,0,3,0.2123456790123457
14.51,EURO,Logistic_Regression,0,0,0.5527519435806937
14.51,EURO,Decision_Tree_NestedCV,0,0,0.4268292682926829
43.38,NBA,Logistic_Regression,0,0,0.9259786837735964
43.38,NBA,Decision_Tree_NestedCV,0,0,0.9753501400560224
52.48,SLO1,Logistic_Regression,0,0,0.9602194703556842
52.48,SLO1,Decision_Tree_NestedCV,0,0,0.9753501400560224
59.5,SLO1,Logistic_Regression,0,3,0.2690650172185878
59.5,SLO1,Decision_Tree_NestedCV,0,3,0.09009009009009009
37.02,NBA,Logistic_Regression,0,0,0.9488494882801128
37.02,NBA,Decision_Tree_NestedCV,0,0,0.9753501400560224
83.73,EURO,Logistic_Regression,0,3,0.2577586330974428
83.73,EURO,Decision_Tree_NestedCV,0,3,0.2123456790123457
1.17,SLO1,Logistic_Regression,0,0,0.6192070748450837
1.17,SLO1,Decision_Tree_NestedCV,0,2,0.34366925064599485
75.68,U16,Logistic_Regression,0,0,0.7974942179250569
75.68,U16,Decision_Tree_NestedCV,0,0,0.8913043478260869
50.89,SLO1,Logistic_Regression,4,2,0.010065818955927036
50.89,SLO1,Decision_Tree_NestedCV,4,0,0.08823529411764706
52.99,U16,Logistic_Regression,3,3,0.6106458876756812
52.99,U16,Decision_Tree_NestedCV,3,3,0.7974683544303798
7.62,NBA,Logistic_Regression,0,0,0.9222108652927683
7.62,NBA,Decision_Tree_NestedCV,0,0,0.9753501400560224
58.93,EURO,Logistic_Regression,0,0,0.9021100298387897
58.93,EURO,Decision_Tree_NestedCV,0,0,0.9753501400560224
58.87,NBA,Logistic_Regression,0,0,0.8457667721333156
58.87,NBA,Decision_Tree_NestedCV,0,0,0.9753501400560224
26.99,EURO,Logistic_Regression,0,0,0.9550206930177104
26.99,EURO,Decision_Tree_NestedCV,0,0,0.9753501400560224
51.88,SLO1,Logistic_Regression,0,0,0.9601326149706068
51.88,SLO1,Decision_Tree_NestedCV,0,0,0.9753501400560224
26.12,NBA,Logistic_Regression,4,4,0.9069927241650194
26.12,NBA,Decision_Tree_NestedCV,4,4,0.926829268292683
6.86,NBA,Logistic_Regression,3,1,0.14696267604595808
6.86,NBA,Decision_Tree_NestedCV,3,3,0.44938271604938274
56.5,EURO,Logistic_Regression,0,0,0.9460617281557259
56.5,EURO,Decision_Tree_NestedCV,0,0,0.9753501400560224
66.26,EURO,Logistic_Regression,1,3,0.09499602210104245
66.26,EURO,Decision_Tree_NestedCV,1,3,0.12098765432098765
32.68,EURO,Logistic_Regression,0,0,0.9475655793307726
32.68,EURO,Decision_Tree_NestedCV,0,0,0.9753501400560224
88.35,SLO1,Logistic_Regression,0,0,0.9585542985884579
88.35,SLO1,Decision_Tree_NestedCV,0,0,0.9753501400560224
15.55,U14,Logistic_Regression,4,4,0.5505870134888734
15.55,U14,Decision_Tree_NestedCV,4,4,0.5979381443298969
46.38,NBA,Logistic_Regression,3,3,0.8259994214372263
46.38,NBA,Decision_Tree_NestedCV,3,3,0.8864628820960698
48.47,U14,Logistic_Regression,0,0,0.9102909466101584
48.47,U14,Decision_Tree_NestedCV,0,0,0.7846153846153846
62.44,EURO,Logistic_Regression,4,0,0.12023846262831936
62.44,EURO,Decision_Tree_NestedCV,4,0,0.14285714285714285
82.22,NBA,Logistic_Regression,0,0,0.9100881037453527
82.22,NBA,Decision_Tree_NestedCV,0,0,0.9753501400560224
38.58,EURO,Logistic_Regression,0,0,0.9512542044712132
38.58,EURO,Decision_Tree_NestedCV,0,0,0.9753501400560224
71.58,U16,Logistic_Regression,0,0,0.9118358124855186
71.58,U16,Decision_Tree_NestedCV,0,0,0.8913043478260869
54.19,NBA,Logistic_Regression,3,3,0.8644760618205792
54.19,NBA,Decision_Tree_NestedCV,3,3,0.8864628820960698
8.01,NBA,Logistic_Regression,0,0,0.942816794778747
8.01,NBA,Decision_Tree_NestedCV,0,0,0.9753501400560224
0.42,EURO,Logistic_Regression,0,0,0.9471251805405572
0.42,EURO,Decision_Tree_NestedCV,0,0,0.9753501400560224
25.18,EURO,Logistic_Regression,0,0,0.94716765647749
25.18,EURO,Decision_Tree_NestedCV,0,0,0.9753501400560224
61.42,SLO1,Logistic_Regression,0,0,0.9668607884035028
61.42,SLO1,Decision_Tree_NestedCV,0,0,0.9753501400560224
47.66,NBA,Logistic_Regression,0,0,0.9207207486603701
47.66,NBA,Decision_Tree_NestedCV,0,0,0.9753501400560224
80.02,U16,Logistic_Regression,4,3,0.06902036350995502
80.02,U16,Decision_Tree_NestedCV,4,3,0.0
20.4,EURO,Logistic_Regression,2,2,0.4722427407201111
20.4,EURO,Decision_Tree_NestedCV,2,2,0.43669250645994834
4.25,EURO,Logistic_Regression,2,2,0.47131720364893076
4.25,EURO,Decision_Tree_NestedCV,2,2,0.43669250645994834
26.12,U14,Logistic_Regression,0,0,0.8976870080125458
26.12,U14,Decision_Tree_NestedCV,0,0,0.7846153846153846
69.41,SLO1,Logistic_Regression,0,0,0.9531615186425944
69.41,SLO1,Decision_Tree_NestedCV,0,0,0.9753501400560224
3.81,SLO1,Logistic_Regression,0,0,0.9001545147257939
3.81,SLO1,Decision_Tree_NestedCV,0,0,0.9753501400560224
28.25,NBA,Logistic_Regression,0,0,0.9164933402841721
28.25,NBA,Decision_Tree_NestedCV,0,0,0.9753501400560224
42.56,U16,Logistic_Regression,0,0,0.9012303679423458
42.56,U16,Decision_Tree_NestedCV,0,0,0.8913043478260869
64.52,EURO,Logistic_Regression,0,0,0.42263807030656864
64.52,EURO,Decision_Tree_NestedCV,0,2,0.34366925064599485
88.65,EURO,Logistic_Regression,0,0,0.9411351971636555
88.65,EURO,Decision_Tree_NestedCV,0,0,0.9753501400560224
81.66,EURO,Logistic_Regression,0,3,0.15022300400474203
81.66,EURO,Decision_Tree_NestedCV,0,3,0.2123456790123457
57.56,U16,Logistic_Regression,0,3,0.07905515772086648
57.56,U16,Decision_Tree_NestedCV,0,3,0.1875
0.0,U14,Logistic_Regression,0,0,0.5798505634303319
0.0,U14,Decision_Tree_NestedCV,0,0,1.0
72.56,EURO,Logistic_Regression,3,3,0.8398944665646887
72.56,EURO,Decision_Tree_NestedCV,3,3,0.8864628820960698
28.3,NBA,Logistic_Regression,0,0,0.9485550658605139
28.3,NBA,Decision_Tree_NestedCV,0,0,0.9753501400560224
87.9,EURO,Logistic_Regression,0,0,0.9494265775057597
87.9,EURO,Decision_Tree_NestedCV,0,0,0.9753501400560224
5.71,NBA,Logistic_Regression,0,0,0.7283164925740352
5.71,NBA,Decision_Tree_NestedCV,0,0,0.5
85.28,EURO,Logistic_Regression,0,0,0.950100696237365
85.28,EURO,Decision_Tree_NestedCV,0,0,0.9753501400560224
45.81,EURO,Logistic_Regression,0,0,0.9480145652214866
45.81,EURO,Decision_Tree_NestedCV,0,0,0.9753501400560224
86.21,NBA,Logistic_Regression,0,0,0.9237690106072628
86.21,NBA,Decision_Tree_NestedCV,0,0,0.9753501400560224
64.04,U16,Logistic_Regression,3,3,0.7772627484397834
64.04,U16,Decision_Tree_NestedCV,3,3,0.5454545454545454
31.8,SLO1,Logistic_Regression,0,0,0.9623634102730366
31.8,SLO1,Decision_Tree_NestedCV,0,0,0.9753501400560224
8.19,U16,Logistic_Regression,2,0,0.2745046997361129
8.19,U16,Decision_Tree_NestedCV,2,0,0.22549019607843138
74.45,SLO1,Logistic_Regression,3,3,0.793987286775022
74.45,SLO1,Decision_Tree_NestedCV,3,0,0.2
50.18,NBA,Logistic_Regression,3,3,0.38065265118292246
50.18,NBA,Decision_Tree_NestedCV,3,3,0.44938271604938274
0.0,EURO,Logistic_Regression,3,5,0.157314308073792
0.0,EURO,Decision_Tree_NestedCV,3,3,0.44938271604938274
7.88,SLO1,Logistic_Regression,2,2,0.47747520401716403
7.88,SLO1,Decision_Tree_NestedCV,2,2,0.43669250645994834
80.2,SLO1,Logistic_Regression,0,0,0.8984666018785354
80.2,SLO1,Decision_Tree_NestedCV,0,0,0.9753501400560224
65.76,EURO,Logistic_Regression,4,3,0.206962371763114
65.76,EURO,Decision_Tree_NestedCV,4,3,0.25
72.93,EURO,Logistic_Regression,3,3,0.8269789403069149
72.93,EURO,Decision_Tree_NestedCV,3,3,0.8864628820960698
27.22,EURO,Logistic_Regression,4,0,0.4289852006298381
27.22,EURO,Decision_Tree_NestedCV,4,4,0.926829268292683
64.01,NBA,Logistic_Regression,0,0,0.5252515510422013
64.01,NBA,Decision_Tree_NestedCV,0,2,0.34366925064599485
82.84,SLO1,Logistic_Regression,2,0,0.17737449090669685
82.84,SLO1,Decision_Tree_NestedCV,2,2,0.43669250645994834
0.94,NBA,Logistic_Regression,4,0,0.4708016426321734
0.94,NBA,Decision_Tree_NestedCV,4,4,0.6666666666666666
49.58,NBA,Logistic_Regression,3,3,0.4107190902843032
49.58,NBA,Decision_Tree_NestedCV,3,3,0.44938271604938274
0.0,EURO,Logistic_Regression,0,0,0.7203856183635498
0.0,EURO,Decision_Tree_NestedCV,0,0,0.8080808080808081
19.36,NBA,Logistic_Regression,0,0,0.7533271572360335
19.36,NBA,Decision_Tree_NestedCV,0,0,0.8080808080808081
23.47,U16,Logistic_Regression,3,3,0.4418832848068038
23.47,U16,Decision_Tree_NestedCV,3,3,0.7974683544303798
52.99,U14,Logistic_Regression,3,3,0.7704648302575459
52.99,U14,Decision_Tree_NestedCV,3,3,0.8864628820960698
55.01,EURO,Logistic_Regression,3,3,0.6809180412151434
55.01,EURO,Decision_Tree_NestedCV,3,3,0.8392857142857143
86.13,EURO,Logistic_Regression,0,0,0.949518621473053
86.13,EURO,Decision_Tree_NestedCV,0,0,0.9753501400560224
7.52,NBA,Logistic_Regression,0,0,0.6197902188733619
7.52,NBA,Decision_Tree_NestedCV,0,2,0.34366925064599485
27.18,U14,Logistic_Regression,3,3,0.4574172389806787
27.18,U14,Decision_Tree_NestedCV,3,3,0.44938271604938274
42.03,U16,Logistic_Regression,0,0,0.9168988212867878
42.03,U16,Decision_Tree_NestedCV,0,0,0.8913043478260869
88.62,EURO,Logistic_Regression,0,0,0.9395125714231144
88.62,EURO,Decision_Tree_NestedCV,0,0,0.9753501400560224
14.31,U14,Logistic_Regression,4,0,0.10046730824802923
14.31,U14,Decision_Tree_NestedCV,4,0,0.2153846153846154
26.77,SLO1,Logistic_Regression,0,0,0.9271441105388589
26.77,SLO1,Decision_Tree_NestedCV,0,0,0.9753501400560224
60.52,U14,Logistic_Regression,3,3,0.7748300126817182
60.52,U14,Decision_Tree_NestedCV,3,3,0.8864628820960698
0.0,U14,Logistic_Regression,3,3,0.6322472570882938
0.0,U14,Decision_Tree_NestedCV,3,3,0.9375
79.54,NBA,Logistic_Regression,0,0,0.9201859025872996
79.54,NBA,Decision_Tree_NestedCV,0,0,0.9753501400560224
64.48,U14,Logistic_Regression,3,3,0.7433963847664439
64.48,U14,Decision_Tree_NestedCV,3,3,0.8864628820960698
65.22,SLO1,Logistic_Regression,3,4,0.4376594415986572
65.22,SLO1,Decision_Tree_NestedCV,3,3,0.8558558558558559
85.96,NBA,Logistic_Regression,0,0,0.9093295587900778
85.96,NBA,Decision_Tree_NestedCV,0,0,0.9753501400560224
68.45,U14,Logistic_Regression,3,3,0.7860951663189202
68.45,U14,Decision_Tree_NestedCV,3,3,0.8864628820960698
16.57,SLO1,Logistic_Regression,2,2,0.40579506074082095
16.57,SLO1,Decision_Tree_NestedCV,2,2,0.43669250645994834
10.39,NBA,Logistic_Regression,0,0,0.9291016806961119
10.39,NBA,Decision_Tree_NestedCV,0,0,0.9753501400560224
64.0,U14,Logistic_Regression,0,0,0.801495227156875
64.0,U14,Decision_Tree_NestedCV,0,0,1.0
12.33,U14,Logistic_Regression,4,3,0.40989678044441413
12.33,U14,Decision_Tree_NestedCV,4,0,0.36666666666666664
37.36,NBA,Logistic_Regression,0,0,0.9491551892062302
37.36,NBA,Decision_Tree_NestedCV,0,0,0.9753501400560224
74.31,EURO,Logistic_Regression,4,3,0.023089783457710962
74.31,EURO,Decision_Tree_NestedCV,4,3,0.044444444444444446
11.98,U16,Logistic_Regression,0,3,0.11359413857251671
11.98,U16,Decision_Tree_NestedCV,0,0,0.5
38.32,SLO1,Logistic_Regression,0,0,0.9603148134321406
38.32,SLO1,Decision_Tree_NestedCV,0,0,0.9753501400560224
64.87,NBA,Logistic_Regression,3,3,0.47196293370633835
64.87,NBA,Decision_Tree_NestedCV,3,3,0.44938271604938274
7.62,U16,Logistic_Regression,2,0,0.22885479769712908
7.62,U16,Decision_Tree_NestedCV,2,0,0.34146341463414637
83.85,U14,Logistic_Regression,3,3,0.8677782903236082
83.85,U14,Decision_Tree_NestedCV,3,3,1.0
62.05,EURO,Logistic_Regression,3,3,0.8242513145204333
62.05,EURO,Decision_Tree_NestedCV,3,3,0.8864628820960698
42.78,U16,Logistic_Regression,4,3,0.03733070762380379
42.78,U16,Decision_Tree_NestedCV,4,3,0.0379746835443038
3.61,U16,Logistic_Regression,3,3,0.7593328833750198
3.61,U16,Decision_Tree_NestedCV,3,0,0.0
11.51,NBA,Logistic_Regression,3,3,0.6620230147560516
11.51,NBA,Decision_Tree_NestedCV,3,0,0.13333333333333333
36.96,U16,Logistic_Regression,0,0,0.9162602189183167
36.96,U16,Decision_Tree_NestedCV,0,0,0.8913043478260869
14.86,EURO,Logistic_Regression,1,5,0.10282215591800616
14.86,EURO,Decision_Tree_NestedCV,1,3,0.12098765432098765
80.91,EURO,Logistic_Regression,0,3,0.19347621681256544
80.91,EURO,Decision_Tree_NestedCV,0,3,0.2123456790123457
1.27,SLO1,Logistic_Regression,0,0,0.8985845732725749
1.27,SLO1,Decision_Tree_NestedCV,0,0,0.9753501400560224
88.38,NBA,Logistic_Regression,0,0,0.9353067360773141
88.38,NBA,Decision_Tree_NestedCV,0,0,0.9753501400560224
72.34,U16,Logistic_Regression,0,3,0.19714811637818522
72.34,U16,Decision_Tree_NestedCV,0,3,0.02531645569620253
32.91,EURO,Logistic_Regression,0,0,0.9519662866533768
32.91,EURO,Decision_Tree_NestedCV,0,0,0.9753501400560224
28.2,SLO1,Logistic_Regression,0,0,0.9601309911190894
28.2,SLO1,Decision_Tree_NestedCV,0,0,0.9753501400560224
33.39,NBA,Logistic_Regression,0,0,0.949017331548089
33.39,NBA,Decision_Tree_NestedCV,0,0,0.9753501400560224
37.36,NBA,Logistic_Regression,0,0,0.9418651446182297
37.36,NBA,Decision_Tree_NestedCV,0,0,0.9753501400560224
0.83,EURO,Logistic_Regression,0,0,0.9475216984124759
0.83,EURO,Decision_Tree_NestedCV,0,0,0.9753501400560224
48.94,NBA,Logistic_Regression,0,0,0.9248954808224541
48.94,NBA,Decision_Tree_NestedCV,0,0,0.9753501400560224
51.95,EURO,Logistic_Regression,0,0,0.9507220413474659
51.95,EURO,Decision_Tree_NestedCV,0,0,0.9753501400560224
1.79,SLO1,Logistic_Regression,0,2,0.3400592089627374
1.79,SLO1,Decision_Tree_NestedCV,0,2,0.34366925064599485
23.06,U14,Logistic_Regression,0,0,0.8011780420423097
23.06,U14,Decision_Tree_NestedCV,0,0,1.0
9.04,NBA,Logistic_Regression,1,3,0.24419832515997575
9.04,NBA,Decision_Tree_NestedCV,1,3,0.12098765432098765
88.34,SLO1,Logistic_Regression,0,0,0.9620504868327441
88.34,SLO1,Decision_Tree_NestedCV,0,0,0.9753501400560224
71.87,SLO1,Logistic_Regression,0,3,0.21832036429688023
71.87,SLO1,Decision_Tree_NestedCV,0,0,0.4
27.59,U16,Logistic_Regression,0,3,0.19029966228954437
27.59,U16,Decision_Tree_NestedCV,0,4,0.27835051546391754
57.49,SLO1,Logistic_Regression,0,0,0.8964655528998409
57.49,SLO1,Decision_Tree_NestedCV,0,0,0.9753501400560224
44.93,EURO,Logistic_Regression,0,0,0.9462605776831031
44.93,EURO,Decision_Tree_NestedCV,0,0,0.9753501400560224
43.12,U14,Logistic_Regression,0,0,0.831821542885248
43.12,U14,Decision_Tree_NestedCV,0,0,1.0
28.65,EURO,Logistic_Regression,0,0,0.9058620626778661
28.65,EURO,Decision_Tree_NestedCV,0,0,0.9753501400560224
9.04,SLO1,Logistic_Regression,2,0,0.2672106013177441
9.04,SLO1,Decision_Tree_NestedCV,2,2,0.43669250645994834
60.37,SLO1,Logistic_Regression,0,3,0.24051280321493537
60.37,SLO1,Decision_Tree_NestedCV,0,0,0.29411764705882354
81.8,SLO1,Logistic_Regression,0,0,0.8879902612420084
81.8,SLO1,Decision_Tree_NestedCV,0,0,0.9753501400560224
55.84,U14,Logistic_Regression,3,3,0.7358212034931689
55.84,U14,Decision_Tree_NestedCV,3,3,0.8864628820960698
0.84,SLO1,Logistic_Regression,0,0,0.9616513782902135
0.84,SLO1,Decision_Tree_NestedCV,0,0,0.9753501400560224
39.05,SLO1,Logistic_Regression,2,0,0.38399485488324153
39.05,SLO1,Decision_Tree_NestedCV,2,2,0.43669250645994834
88.29,NBA,Logistic_Regression,0,0,0.8937918856095003
88.29,NBA,Decision_Tree_NestedCV,0,0,0.9753501400560224
0.0,NBA,Logistic_Regression,0,0,0.5260841718357696
0.0,NBA,Decision_Tree_NestedCV,0,2,0.34366925064599485
37.13,NBA,Logistic_Regression,0,0,0.9274116655035237
37.13,NBA,Decision_Tree_NestedCV,0,0,0.9753501400560224
73.89,NBA,Logistic_Regression,2,0,0.18698334614045595
73.89,NBA,Decision_Tree_NestedCV,2,2,0.43669250645994834
86.13,EURO,Logistic_Regression,2,0,0.29720454925467316
86.13,EURO,Decision_Tree_NestedCV,2,2,0.43669250645994834
52.34,U16,Logistic_Regression,0,3,0.2480299947377627
52.34,U16,Decision_Tree_NestedCV,0,3,0.02531645569620253
31.64,U16,Logistic_Regression,4,4,0.47662290273639113
31.64,U16,Decision_Tree_NestedCV,4,4,0.5979381443298969
36.52,EURO,Logistic_Regression,3,3,0.2718959365791668
36.52,EURO,Decision_Tree_NestedCV,3,3,0.44938271604938274
47.85,NBA,Logistic_Regression,0,0,0.5474694664068915
47.85,NBA,Decision_Tree_NestedCV,0,0,0.29411764705882354
52.99,U14,Logistic_Regression,2,3,0.12881369045537397
52.99,U14,Decision_Tree_NestedCV,2,3,0.09382716049382717
54.45,NBA,Logistic_Regression,0,3,0.1503881500202039
54.45,NBA,Decision_Tree_NestedCV,0,3,0.1875
71.09,U14,Logistic_Regression,3,3,0.7760214283851975
71.09,U14,Decision_Tree_NestedCV,3,3,0.8864628820960698
70.14,U14,Logistic_Regression,3,3,0.6607758769818768
70.14,U14,Decision_Tree_NestedCV,3,3,0.8392857142857143
55.35,SLO1,Logistic_Regression,2,3,0.19421050907512388
55.35,SLO1,Decision_Tree_NestedCV,2,0,0.3023255813953488
69.03,U16,Logistic_Regression,0,0,0.9204836004142768
69.03,U16,Decision_Tree_NestedCV,0,0,0.8913043478260869
51.84,EURO,Logistic_Regression,4,0,0.4271116145918809
51.84,EURO,Decision_Tree_NestedCV,4,4,0.926829268292683
26.72,U14,Logistic_Regression,0,0,0.9014662758255122
26.72,U14,Decision_Tree_NestedCV,0,0,0.7846153846153846
12.42,U14,Logistic_Regression,0,0,0.8456648970289551
12.42,U14,Decision_Tree_NestedCV,0,0,1.0
10.08,NBA,Logistic_Regression,0,0,0.9431581075773141
10.08,NBA,Decision_Tree_NestedCV,0,0,0.9753501400560224
44.27,U16,Logistic_Regression,0,0,0.9311615748804876
44.27,U16,Decision_Tree_NestedCV,0,0,0.8913043478260869
59.99,NBA,Logistic_Regression,3,0,0.2676844742520546
59.99,NBA,Decision_Tree_NestedCV,3,2,0.12919896640826872
5.37,U14,Logistic_Regression,4,0,0.11229922300587547
5.37,U14,Decision_Tree_NestedCV,4,0,0.2153846153846154
77.03,EURO,Logistic_Regression,3,3,0.5122586592187891
77.03,EURO,Decision_Tree_NestedCV,3,3,0.44938271604938274
64.53,EURO,Logistic_Regression,0,0,0.907319261097411
64.53,EURO,Decision_Tree_NestedCV,0,0,0.9753501400560224
70.22,NBA,Logistic_Regression,0,0,0.9283492375816845
70.22,NBA,Decision_Tree_NestedCV,0,0,0.9753501400560224
61.28,NBA,Logistic_Regression,0,3,0.04534183279538621
61.28,NBA,Decision_Tree_NestedCV,0,3,0.043668122270742356
38.25,SLO1,Logistic_Regression,0,0,0.959609905202077
38.25,SLO1,Decision_Tree_NestedCV,0,0,0.9753501400560224
62.44,U14,Logistic_Regression,3,3,0.7908477030550313
62.44,U14,Decision_Tree_NestedCV,3,3,0.8864628820960698
83.72,NBA,Logistic_Regression,0,0,0.8130626322583713
83.72,NBA,Decision_Tree_NestedCV,0,0,0.8080808080808081
64.71,EURO,Logistic_Regression,4,3,0.3695731754170936
64.71,EURO,Decision_Tree_NestedCV,4,4,0.5979381443298969
55.84,U14,Logistic_Regression,3,3,0.7597069577309982
55.84,U14,Decision_Tree_NestedCV,3,3,0.8864628820960698
88.78,SLO1,Logistic_Regression,0,0,0.9581510722085184
88.78,SLO1,Decision_Tree_NestedCV,0,0,0.9753501400560224
7.3,NBA,Logistic_Regression,5,2,0.06717748849858302
7.3,NBA,Decision_Tree_NestedCV,5,3,0.07901234567901234
40.94,NBA,Logistic_Regression,0,0,0.9298564218185901
40.94,NBA,Decision_Tree_NestedCV,0,0,0.9753501400560224
16.41,EURO,Logistic_Regression,0,0,0.9481322627078282
16.41,EURO,Decision_Tree_NestedCV,0,0,0.9753501400560224
74.55,EURO,Logistic_Regression,3,3,0.8807347235169385
74.55,EURO,Decision_Tree_NestedCV,3,3,0.8864628820960698
41.07,EURO,Logistic_Regression,0,0,0.9405914556528283
41.07,EURO,Decision_Tree_NestedCV,0,0,0.9753501400560224
85.62,SLO1,Logistic_Regression,0,0,0.9574083177504499
85.62,SLO1,Decision_Tree_NestedCV,0,0,0.9753501400560224
67.28,U14,Logistic_Regression,3,3,0.7536819823305263
67.28,U14,Decision_Tree_NestedCV,3,3,0.8864628820960698
1.55,NBA,Logistic_Regression,0,4,0.34861591999891683
1.55,NBA,Decision_Tree_NestedCV,0,4,0.27835051546391754
28.84,NBA,Logistic_Regression,0,0,0.9331163757750613
28.84,NBA,Decision_Tree_NestedCV,0,0,0.9753501400560224
35.19,SLO1,Logistic_Regression,3,3,0.7691541840348627
35.19,SLO1,Decision_Tree_NestedCV,3,3,0.8558558558558559
60.91,EURO,Logistic_Regression,0,0,0.8576137477001814
60.91,EURO,Decision_Tree_NestedCV,0,0,0.9753501400560224
24.32,NBA,Logistic_Regression,4,3,0.3215891306166394
24.32,NBA,Decision_Tree_NestedCV,4,4,0.5979381443298969
43.17,SLO1,Logistic_Regression,0,0,0.9650385860657751
43.17,SLO1,Decision_Tree_NestedCV,0,0,0.9753501400560224
66.03,EURO,Logistic_Regression,0,0,0.8499888875126091
66.03,EURO,Decision_Tree_NestedCV,0,0,0.9753501400560224
4.51,U16,Logistic_Regression,0,0,0.8507495274074726
4.51,U16,Decision_Tree_NestedCV,0,0,0.8913043478260869
89.89,EURO,Logistic_Regression,0,0,0.9509350408690008
89.89,EURO,Decision_Tree_NestedCV,0,0,0.9753501400560224
86.6,EURO,Logistic_Regression,0,0,0.9439517487262011
86.6,EURO,Decision_Tree_NestedCV,0,0,0.9753501400560224
44.33,EURO,Logistic_Regression,0,0,0.9469332620827328
44.33,EURO,Decision_Tree_NestedCV,0,0,0.9753501400560224
68.75,SLO1,Logistic_Regression,0,0,0.963978687745365
68.75,SLO1,Decision_Tree_NestedCV,0,0,0.9753501400560224
77.6,EURO,Logistic_Regression,5,3,0.12071538820692511
77.6,EURO,Decision_Tree_NestedCV,5,3,0.07901234567901234
52.99,U16,Logistic_Regression,3,3,0.5779150824994511
52.99,U16,Decision_Tree_NestedCV,3,3,0.7974683544303798
0.0,EURO,Logistic_Regression,3,3,0.5373305058281584
0.0,EURO,Decision_Tree_NestedCV,3,0,0.13333333333333333
33.14,EURO,Logistic_Regression,0,0,0.9514244841351004
33.14,EURO,Decision_Tree_NestedCV,0,0,0.9753501400560224
85.94,EURO,Logistic_Regression,0,0,0.6796490828919968
85.94,EURO,Decision_Tree_NestedCV,0,2,0.34366925064599485
74.64,EURO,Logistic_Regression,2,0,0.21026755463251692
74.64,EURO,Decision_Tree_NestedCV,2,2,0.43669250645994834
87.14,NBA,Logistic_Regression,0,0,0.9359281162955818
87.14,NBA,Decision_Tree_NestedCV,0,0,0.9753501400560224
31.88,SLO1,Logistic_Regression,0,0,0.9722392700795192
31.88,SLO1,Decision_Tree_NestedCV,0,0,0.9753501400560224
55.7,U14,Logistic_Regression,3,3,0.7662541749979402
55.7,U14,Decision_Tree_NestedCV,3,3,0.8864628820960698
0.84,NBA,Logistic_Regression,0,0,0.9494283793928763
0.84,NBA,Decision_Tree_NestedCV,0,0,0.9753501400560224
20.78,NBA,Logistic_Regression,3,3,0.8078369519829935
20.78,NBA,Decision_Tree_NestedCV,3,3,0.5
29.27,EURO,Logistic_Regression,2,2,0.43433049965079057
29.27,EURO,Decision_Tree_NestedCV,2,0,0.22549019607843138
7.62,EURO,Logistic_Regression,2,2,0.44729509026602643
7.62,EURO,Decision_Tree_NestedCV,2,2,0.43669250645994834
51.99,EURO,Logistic_Regression,0,0,0.9480108427189454
51.99,EURO,Decision_Tree_NestedCV,0,0,0.9753501400560224
51.04,SLO1,Logistic_Regression,0,0,0.9321120002666096
51.04,SLO1,Decision_Tree_NestedCV,0,0,0.9753501400560224
88.47,U16,Logistic_Regression,0,0,0.8217907552653984
88.47,U16,Decision_Tree_NestedCV,0,0,0.8913043478260869
66.54,U14,Logistic_Regression,3,3,0.8097323590725551
66.54,U14,Decision_Tree_NestedCV,3,3,0.8864628820960698
78.79,EURO,Logistic_Regression,0,0,0.9043465419095813
78.79,EURO,Decision_Tree_NestedCV,0,0,0.9753501400560224
0.0,EURO,Logistic_Regression,2,2,0.5093513832302584
0.0,EURO,Decision_Tree_NestedCV,2,0,0.22549019607843138
59.97,U14,Logistic_Regression,3,3,0.545415228922506
59.97,U14,Decision_Tree_NestedCV,3,3,0.44938271604938274
15.52,U14,Logistic_Regression,3,3,0.45854566019279824
15.52,U14,Decision_Tree_NestedCV,3,3,0.44938271604938274
71.17,EURO,Logistic_Regression,3,3,0.8383033593277343
71.17,EURO,Decision_Tree_NestedCV,3,3,0.8864628820960698
16.06,NBA,Logistic_Regression,0,0,0.9430150439554841
16.06,NBA,Decision_Tree_NestedCV,0,0,0.9753501400560224
58.21,NBA,Logistic_Regression,0,0,0.9303250418554202
58.21,NBA,Decision_Tree_NestedCV,0,0,0.9753501400560224
72.2,U16,Logistic_Regression,0,3,0.06279047634210014
72.2,U16,Decision_Tree_NestedCV,0,3,0.1875
57.66,NBA,Logistic_Regression,0,0,0.9274340793766915
57.66,NBA,Decision_Tree_NestedCV,0,0,0.9753501400560224
5.75,U14,Logistic_Regression,4,0,0.3579057152316382
5.75,U14,Decision_Tree_NestedCV,4,0,0.11627906976744186
54.15,EURO,Logistic_Regression,1,2,0.22192253175109025
54.15,EURO,Decision_Tree_NestedCV,1,3,0.12098765432098765
1.04,SLO1,Logistic_Regression,0,0,0.48707135064455
1.04,SLO1,Decision_Tree_NestedCV,0,0,1.0
82.33,EURO,Logistic_Regression,0,0,0.44048847814053804
82.33,EURO,Decision_Tree_NestedCV,0,2,0.34366925064599485
59.17,U16,Logistic_Regression,3,0,0.12938015857364155
59.17,U16,Decision_Tree_NestedCV,3,2,0.12919896640826872
81.23,NBA,Logistic_Regression,0,0,0.9053427950182042
81.23,NBA,Decision_Tree_NestedCV,0,0,0.9753501400560224
51.42,U14,Logistic_Regression,4,0,0.1388163035762123
51.42,U14,Decision_Tree_NestedCV,4,0,0.0
28.27,NBA,Logistic_Regression,0,0,0.9543725258627671
28.27,NBA,Decision_Tree_NestedCV,0,0,0.9753501400560224
55.76,NBA,Logistic_Regression,3,3,0.36117681492649656
55.76,NBA,Decision_Tree_NestedCV,3,3,0.44938271604938274
88.02,EURO,Logistic_Regression,0,0,0.7292579124339471
88.02,EURO,Decision_Tree_NestedCV,0,0,0.5
69.83,U16,Logistic_Regression,3,3,0.6390284036914391
69.83,U16,Decision_Tree_NestedCV,3,3,0.7974683544303798
74.55,EURO,Logistic_Regression,0,0,0.9460065289230066
74.55,EURO,Decision_Tree_NestedCV,0,0,0.9753501400560224
88.34,SLO1,Logistic_Regression,0,0,0.9620504868327441
88.34,SLO1,Decision_Tree_NestedCV,0,0,0.9753501400560224
0.0,U14,Logistic_Regression,2,0,0.1607321497225983
0.0,U14,Decision_Tree_NestedCV,2,2,1.0
29.35,EURO,Logistic_Regression,0,0,0.9508420804370504
29.35,EURO,Decision_Tree_NestedCV,0,0,0.9753501400560224
72.99,U14,Logistic_Regression,0,0,0.8880400678489584
72.99,U14,Decision_Tree_NestedCV,0,0,0.5384615384615384
45.93,EURO,Logistic_Regression,0,0,0.9563382897380339
45.93,EURO,Decision_Tree_NestedCV,0,0,0.9753501400560224
76.31,U14,Logistic_Regression,0,0,0.8338448527651761
76.31,U14,Decision_Tree_NestedCV,0,0,1.0
55.01,SLO1,Logistic_Regression,0,3,0.18155772073511606
55.01,SLO1,Decision_Tree_NestedCV,0,0,0.4186046511627907
6.89,U14,Logistic_Regression,0,0,0.8983875720730262
6.89,U14,Decision_Tree_NestedCV,0,0,0.7846153846153846
7.2,U16,Logistic_Regression,3,3,0.44233359407318185
7.2,U16,Decision_Tree_NestedCV,3,3,0.7974683544303798
58.33,EURO,Logistic_Regression,4,3,0.1852869979426231
58.33,EURO,Decision_Tree_NestedCV,4,3,0.06986899563318777
67.02,SLO1,Logistic_Regression,0,0,0.9641929821771132
67.02,SLO1,Decision_Tree_NestedCV,0,0,0.9753501400560224
25.16,NBA,Logistic_Regression,3,3,0.7604119573591276
25.16,NBA,Decision_Tree_NestedCV,3,3,0.5
69.56,NBA,Logistic_Regression,0,4,0.37619278948104157
69.56,NBA,Decision_Tree_NestedCV,0,0,0.3333333333333333
64.86,NBA,Logistic_Regression,0,0,0.917787173197948
64.86,NBA,Decision_Tree_NestedCV,0,0,0.9753501400560224
49.58,NBA,Logistic_Regression,3,1,0.2723735627175234
49.58,NBA,Decision_Tree_NestedCV,3,3,0.44938271604938274
50.52,SLO1,Logistic_Regression,4,0,0.09289996411115489
50.52,SLO1,Decision_Tree_NestedCV,4,0,0.23170731707317074
6.79,U16,Logistic_Regression,0,0,0.9280573163572813
6.79,U16,Decision_Tree_NestedCV,0,0,0.8913043478260869
79.56,EURO,Logistic_Regression,2,3,0.18026550975389558
79.56,EURO,Decision_Tree_NestedCV,2,3,0.09382716049382717
72.03,SLO1,Logistic_Regression,0,0,0.9170173081550494
72.03,SLO1,Decision_Tree_NestedCV,0,0,0.9753501400560224
23.23,NBA,Logistic_Regression,3,3,0.6184400847243805
23.23,NBA,Decision_Tree_NestedCV,3,3,0.5625
80.6,EURO,Logistic_Regression,4,4,0.6005749477653035
80.6,EURO,Decision_Tree_NestedCV,4,3,0.0
87.64,NBA,Logistic_Regression,0,0,0.9046383343741529
87.64,NBA,Decision_Tree_NestedCV,0,0,0.9753501400560224
72.66,EURO,Logistic_Regression,0,0,0.9456103889979026
72.66,EURO,Decision_Tree_NestedCV,0,0,0.9753501400560224
8.38,SLO1,Logistic_Regression,2,2,0.3034365765437751
8.38,SLO1,Decision_Tree_NestedCV,2,3,0.2916666666666667
75.64,U14,Logistic_Regression,0,0,0.7694806043852841
75.64,U14,Decision_Tree_NestedCV,0,0,1.0
40.67,EURO,Logistic_Regression,0,0,0.9388881011243417
40.67,EURO,Decision_Tree_NestedCV,0,0,0.9753501400560224
20.8,NBA,Logistic_Regression,0,0,0.6351571371201592
20.8,NBA,Decision_Tree_NestedCV,0,2,0.34366925064599485
56.77,NBA,Logistic_Regression,5,3,0.0370938373358136
56.77,NBA,Decision_Tree_NestedCV,5,3,0.07901234567901234
64.94,SLO1,Logistic_Regression,0,0,0.5633783368343969
64.94,SLO1,Decision_Tree_NestedCV,0,2,0.34366925064599485
35.26,EURO,Logistic_Regression,0,0,0.946583927374953
35.26,EURO,Decision_Tree_NestedCV,0,0,0.9753501400560224
54.7,U14,Logistic_Regression,3,3,0.7382283354648859
54.7,U14,Decision_Tree_NestedCV,3,3,0.8864628820960698
0.0,NBA,Logistic_Regression,0,0,0.7123085160018588
0.0,NBA,Decision_Tree_NestedCV,0,2,0.34366925064599485
35.89,EURO,Logistic_Regression,0,0,0.9321915137496102
35.89,EURO,Decision_Tree_NestedCV,0,0,0.9753501400560224
88.99,EURO,Logistic_Regression,0,0,0.9423073588958301
88.99,EURO,Decision_Tree_NestedCV,0,0,0.9753501400560224
0.55,SLO1,Logistic_Regression,0,0,0.9265439824665899
0.55,SLO1,Decision_Tree_NestedCV,0,0,0.9753501400560224
18.83,U16,Logistic_Regression,3,3,0.49143662876804106
18.83,U16,Decision_Tree_NestedCV,3,3,0.7974683544303798
24.71,SLO1,Logistic_Regression,2,0,0.32279329852103184
24.71,SLO1,Decision_Tree_NestedCV,2,2,0.43669250645994834
68.3,EURO,Logistic_Regression,3,3,0.8517546556121556
68.3,EURO,Decision_Tree_NestedCV,3,3,0.8864628820960698
20.84,EURO,Logistic_Regression,2,2,0.4662440941952791
20.84,EURO,Decision_Tree_NestedCV,2,2,0.43669250645994834
17.56,EURO,Logistic_Regression,0,0,0.7810977479331809
17.56,EURO,Decision_Tree_NestedCV,0,0,0.9753501400560224
5.29,EURO,Logistic_Regression,3,2,0.10412533601849788
5.29,EURO,Decision_Tree_NestedCV,3,3,0.44938271604938274
84.81,EURO,Logistic_Regression,0,0,0.9496116463754621
84.81,EURO,Decision_Tree_NestedCV,0,0,0.9753501400560224
4.62,NBA,Logistic_Regression,0,0,0.9344501241341092
4.62,NBA,Decision_Tree_NestedCV,0,0,0.9753501400560224
20.38,SLO1,Logistic_Regression,2,2,0.2951387848541244
20.38,SLO1,Decision_Tree_NestedCV,2,0,0.22549019607843138
54.15,U14,Logistic_Regression,3,3,0.7900051867408954
54.15,U14,Decision_Tree_NestedCV,3,3,0.8864628820960698
61.97,NBA,Logistic_Regression,3,3,0.8036757269379334
61.97,NBA,Decision_Tree_NestedCV,3,3,0.5625
87.6,NBA,Logistic_Regression,0,0,0.926196595508318
87.6,NBA,Decision_Tree_NestedCV,0,0,0.9753501400560224
29.04,EURO,Logistic_Regression,4,0,0.31910289610707593
29.04,EURO,Decision_Tree_NestedCV,4,4,0.926829268292683
66.6,EURO,Logistic_Regression,0,0,0.3135583818614601
66.6,EURO,Decision_Tree_NestedCV,0,3,0.2123456790123457
81.61,NBA,Logistic_Regression,4,4,0.6269433977864992
81.61,NBA,Decision_Tree_NestedCV,4,3,0.0
53.81,U14,Logistic_Regression,0,0,0.8000060952070256
53.81,U14,Decision_Tree_NestedCV,0,0,1.0
37.39,SLO1,Logistic_Regression,0,0,0.962884254499448
37.39,SLO1,Decision_Tree_NestedCV,0,0,0.9753501400560224
41.87,SLO1,Logistic_Regression,0,0,0.5274646797839929
41.87,SLO1,Decision_Tree_NestedCV,0,2,0.34366925064599485
62.56,U16,Logistic_Regression,3,3,0.8397788733974791
62.56,U16,Decision_Tree_NestedCV,3,3,0.5454545454545454
34.56,EURO,Logistic_Regression,0,0,0.9506808949161536
34.56,EURO,Decision_Tree_NestedCV,0,0,0.9753501400560224
59.53,NBA,Logistic_Regression,0,0,0.9398272141239137
59.53,NBA,Decision_Tree_NestedCV,0,0,0.9753501400560224
71.16,NBA,Logistic_Regression,1,0,0.165552904956354
71.16,NBA,Decision_Tree_NestedCV,1,2,0.03359173126614987
49.17,EURO,Logistic_Regression,0,0,0.9109705512288838
49.17,EURO,Decision_Tree_NestedCV,0,0,0.9753501400560224
16.98,NBA,Logistic_Regression,0,0,0.3371163379069987
16.98,NBA,Decision_Tree_NestedCV,0,0,0.29411764705882354
46.7,SLO1,Logistic_Regression,3,4,0.37568289531703114
46.7,SLO1,Decision_Tree_NestedCV,3,3,0.8558558558558559
80.82,SLO1,Logistic_Regression,0,0,0.9621590635265272
80.82,SLO1,Decision_Tree_NestedCV,0,0,0.9753501400560224
69.15,SLO1,Logistic_Regression,0,0,0.9362447371906737
69.15,SLO1,Decision_Tree_NestedCV,0,0,0.9753501400560224
48.67,U14,Logistic_Regression,0,0,0.4876277663753653
48.67,U14,Decision_Tree_NestedCV,0,0,0.8333333333333334
80.89,U16,Logistic_Regression,0,0,0.9211816659700452
80.89,U16,Decision_Tree_NestedCV,0,0,0.8913043478260869
46.73,NBA,Logistic_Regression,0,0,0.9454276963454973
46.73,NBA,Decision_Tree_NestedCV,0,0,0.9753501400560224
71.09,EURO,Logistic_Regression,3,3,0.3609171388763073
71.09,EURO,Decision_Tree_NestedCV,3,3,0.44938271604938274
52.34,SLO1,Logistic_Regression,1,2,0.12021316556501178
52.34,SLO1,Decision_Tree_NestedCV,1,0,0.046511627906976744
47.32,U14,Logistic_Regression,0,0,0.909667577644422
47.32,U14,Decision_Tree_NestedCV,0,0,0.7846153846153846
43.36,NBA,Logistic_Regression,3,3,0.8285917736357719
43.36,NBA,Decision_Tree_NestedCV,3,3,0.8864628820960698
49.9,EURO,Logistic_Regression,0,0,0.9392402992152991
49.9,EURO,Decision_Tree_NestedCV,0,0,0.9753501400560224
5.7,EURO,Logistic_Regression,0,0,0.8792170701274735
5.7,EURO,Decision_Tree_NestedCV,0,0,0.9753501400560224
0.0,SLO1,Logistic_Regression,0,0,0.9597497276850568
0.0,SLO1,Decision_Tree_NestedCV,0,0,0.9753501400560224
15.32,EURO,Logistic_Regression,0,0,0.947093911033277
15.32,EURO,Decision_Tree_NestedCV,0,0,0.9753501400560224
72.1,EURO,Logistic_Regression,3,3,0.3387490209824668
72.1,EURO,Decision_Tree_NestedCV,3,0,0.1
34.7,NBA,Logistic_Regression,3,3,0.3477232809604429
34.7,NBA,Decision_Tree_NestedCV,3,3,0.44938271604938274
40.43,EURO,Logistic_Regression,0,0,0.9518410295874196
40.43,EURO,Decision_Tree_NestedCV,0,0,0.9753501400560224
69.35,EURO,Logistic_Regression,3,0,0.29070175393004305
69.35,EURO,Decision_Tree_NestedCV,3,3,0.44938271604938274
6.93,EURO,Logistic_Regression,0,0,0.48311735160769315
6.93,EURO,Decision_Tree_NestedCV,0,2,0.34366925064599485
82.36,NBA,Logistic_Regression,0,0,0.8743186182785118
82.36,NBA,Decision_Tree_NestedCV,0,0,0.9753501400560224
2.88,EURO,Logistic_Regression,0,2,0.2773580500408056
2.88,EURO,Decision_Tree_NestedCV,0,3,0.2123456790123457
86.41,EURO,Logistic_Regression,2,0,0.24655519501300863
86.41,EURO,Decision_Tree_NestedCV,2,2,0.43669250645994834
86.54,SLO1,Logistic_Regression,0,0,0.9577468088469822
86.54,SLO1,Decision_Tree_NestedCV,0,0,0.9753501400560224
70.34,EURO,Logistic_Regression,0,0,0.8296466293911167
70.34,EURO,Decision_Tree_NestedCV,0,0,0.9753501400560224
3.4,U14,Logistic_Regression,3,3,0.477299640191576
3.4,U14,Decision_Tree_NestedCV,3,3,0.9375
86.15,EURO,Logistic_Regression,0,0,0.8515811066832004
86.15,EURO,Decision_Tree_NestedCV,0,0,0.9753501400560224
60.04,EURO,Logistic_Regression,3,3,0.4079384641068332
60.04,EURO,Decision_Tree_NestedCV,3,3,0.44938271604938274
69.89,U14,Logistic_Regression,4,0,0.12536881414044057
69.89,U14,Decision_Tree_NestedCV,4,0,0.0
52.74,SLO1,Logistic_Regression,0,0,0.9605452910805252
52.74,SLO1,Decision_Tree_NestedCV,0,0,0.9753501400560224
42.54,SLO1,Logistic_Regression,0,0,0.9606230359739832
42.54,SLO1,Decision_Tree_NestedCV,0,0,0.9753501400560224
47.25,NBA,Logistic_Regression,0,0,0.9212197111269201
47.25,NBA,Decision_Tree_NestedCV,0,0,0.9753501400560224
85.98,EURO,Logistic_Regression,0,0,0.37106400298466896
85.98,EURO,Decision_Tree_NestedCV,0,2,0.34366925064599485
28.74,NBA,Logistic_Regression,4,3,0.029473324048152724
28.74,NBA,Decision_Tree_NestedCV,4,3,0.044444444444444446
48.67,U14,Logistic_Regression,3,3,0.7303384007988267
48.67,U14,Decision_Tree_NestedCV,3,3,0.8864628820960698
6.62,EURO,Logistic_Regression,0,0,0.8772007298472752
6.62,EURO,Decision_Tree_NestedCV,0,0,0.9753501400560224
15.89,NBA,Logistic_Regression,3,3,0.28406492518637083
15.89,NBA,Decision_Tree_NestedCV,3,3,0.44938271604938274
60.04,U14,Logistic_Regression,4,3,0.2726342383444306
60.04,U14,Decision_Tree_NestedCV,4,3,0.25
27.47,SLO1,Logistic_Regression,0,0,0.9364552523293554
27.47,SLO1,Decision_Tree_NestedCV,0,0,0.9753501400560224
47.86,NBA,Logistic_Regression,0,0,0.926082149059259
47.86,NBA,Decision_Tree_NestedCV,0,0,0.9753501400560224
89.17,EURO,Logistic_Regression,0,0,0.6928655772817307
89.17,EURO,Decision_Tree_NestedCV,0,0,0.5
80.76,EURO,Logistic_Regression,0,3,0.1984265661791376
80.76,EURO,Decision_Tree_NestedCV,0,3,0.2123456790123457
83.43,EURO,Logistic_Regression,0,0,0.3093782494480167
83.43,EURO,Decision_Tree_NestedCV,0,2,0.34366925064599485
14.1,U14,Logistic_Regression,0,0,0.8963943394994213
14.1,U14,Decision_Tree_NestedCV,0,0,0.7846153846153846
41.04,NBA,Logistic_Regression,0,0,0.9430371490393268
41.04,NBA,Decision_Tree_NestedCV,0,0,0.9753501400560224
17.99,NBA,Logistic_Regression,0,0,0.9265640265508823
17.99,NBA,Decision_Tree_NestedCV,0,0,0.9753501400560224
84.92,NBA,Logistic_Regression,0,0,0.953846568935741
84.92,NBA,Decision_Tree_NestedCV,0,0,0.9753501400560224
55.59,NBA,Logistic_Regression,3,3,0.41372494776024654
55.59,NBA,Decision_Tree_NestedCV,3,3,0.44938271604938274
78.81,NBA,Logistic_Regression,0,0,0.9459574732370105
78.81,NBA,Decision_Tree_NestedCV,0,0,0.9753501400560224
10.93,U14,Logistic_Regression,0,0,0.89697424220583
10.93,U14,Decision_Tree_NestedCV,0,0,0.7846153846153846
45.46,SLO1,Logistic_Regression,3,3,0.8250760620189896
45.46,SLO1,Decision_Tree_NestedCV,3,3,0.8392857142857143
79.04,NBA,Logistic_Regression,0,0,0.8992605373393352
79.04,NBA,Decision_Tree_NestedCV,0,0,0.9753501400560224
58.69,NBA,Logistic_Regression,3,3,0.7723824742868919
58.69,NBA,Decision_Tree_NestedCV,3,3,0.8392857142857143
86.41,SLO1,Logistic_Regression,0,0,0.9240886651365404
86.41,SLO1,Decision_Tree_NestedCV,0,0,0.9753501400560224
35.98,NBA,Logistic_Regression,4,0,0.21032972341282355
35.98,NBA,Decision_Tree_NestedCV,4,0,0.23170731707317074
68.44,EURO,Logistic_Regression,0,0,0.9564254579227904
68.44,EURO,Decision_Tree_NestedCV,0,0,0.9753501400560224
37.48,EURO,Logistic_Regression,0,0,0.9196025433530441
37.48,EURO,Decision_Tree_NestedCV,0,0,0.9753501400560224
42.78,SLO1,Logistic_Regression,3,3,0.8416425957451233
42.78,SLO1,Decision_Tree_NestedCV,3,3,0.8864628820960698
47.22,NBA,Logistic_Regression,0,0,0.9316097746490485
47.22,NBA,Decision_Tree_NestedCV,0,0,0.9753501400560224
21.58,NBA,Logistic_Regression,0,0,0.9383009663620995
21.58,NBA,Decision_Tree_NestedCV,0,0,0.9753501400560224
44.04,EURO,Logistic_Regression,0,0,0.9524347584572778
44.04,EURO,Decision_Tree_NestedCV,0,0,0.9753501400560224
87.28,EURO,Logistic_Regression,2,0,0.2767454156452473
87.28,EURO,Decision_Tree_NestedCV,2,2,0.43669250645994834
68.3,U14,Logistic_Regression,3,3,0.619414048651896
68.3,U14,Decision_Tree_NestedCV,3,3,0.44938271604938274
12.36,EURO,Logistic_Regression,0,0,0.9450927383618953
12.36,EURO,Decision_Tree_NestedCV,0,0,0.9753501400560224
0.0,SLO1,Logistic_Regression,2,2,0.49733017711965527
0.0,SLO1,Decision_Tree_NestedCV,2,2,0.43669250645994834
6.61,SLO1,Logistic_Regression,2,0,0.3450930039684561
6.61,SLO1,Decision_Tree_NestedCV,2,2,0.43669250645994834
53.76,EURO,Logistic_Regression,4,2,0.011209052818497621
53.76,EURO,Decision_Tree_NestedCV,4,3,0.044444444444444446
75.68,SLO1,Logistic_Regression,0,0,0.959474993614144
75.68,SLO1,Decision_Tree_NestedCV,0,0,0.9753501400560224
27.44,NBA,Logistic_Regression,1,3,0.220295907013728
27.44,NBA,Decision_Tree_NestedCV,1,3,0.12098765432098765
19.62,NBA,Logistic_Regression,0,0,0.7702239476033218
19.62,NBA,Decision_Tree_NestedCV,0,0,0.8080808080808081
1.25,SLO1,Logistic_Regression,0,0,0.9604004211209362
1.25,SLO1,Decision_Tree_NestedCV,0,0,0.9753501400560224
0.43,SLO1,Logistic_Regression,0,0,0.9595994647669636
0.43,SLO1,Decision_Tree_NestedCV,0,0,0.9753501400560224
1.27,EURO,Logistic_Regression,0,0,0.9464030569863826
1.27,EURO,Decision_Tree_NestedCV,0,0,0.9753501400560224
31.24,SLO1,Logistic_Regression,0,0,0.9693223575308032
31.24,SLO1,Decision_Tree_NestedCV,0,0,0.9753501400560224
61.2,SLO1,Logistic_Regression,3,3,0.8778647733493137
61.2,SLO1,Decision_Tree_NestedCV,3,3,0.8558558558558559
83.88,U14,Logistic_Regression,0,0,0.8639468995710614
83.88,U14,Decision_Tree_NestedCV,0,0,0.8852459016393442
1.28,SLO1,Logistic_Regression,0,0,0.9586435090055755
1.28,SLO1,Decision_Tree_NestedCV,0,0,0.9753501400560224
88.02,EURO,Logistic_Regression,0,0,0.7292579124339471
88.02,EURO,Decision_Tree_NestedCV,0,0,0.5
49.79,NBA,Logistic_Regression,0,0,0.8204751547043371
49.79,NBA,Decision_Tree_NestedCV,0,0,0.8080808080808081
88.33,SLO1,Logistic_Regression,0,0,0.957658034847796
88.33,SLO1,Decision_Tree_NestedCV,0,0,0.9753501400560224
83.32,EURO,Logistic_Regression,0,0,0.93685652402813
83.32,EURO,Decision_Tree_NestedCV,0,0,0.9753501400560224
64.35,EURO,Logistic_Regression,2,0,0.17821790075350302
64.35,EURO,Decision_Tree_NestedCV,2,0,0.1414141414141414
60.04,U16,Logistic_Regression,2,3,0.07997237412376491
60.04,U16,Decision_Tree_NestedCV,2,3,0.08860759493670886
89.55,EURO,Logistic_Regression,0,0,0.9179400481576789
89.55,EURO,Decision_Tree_NestedCV,0,0,0.9753501400560224
76.39,SLO1,Logistic_Regression,0,0,0.9035390896140497
76.39,SLO1,Decision_Tree_NestedCV,0,0,0.9753501400560224
43.14,SLO1,Logistic_Regression,0,0,0.9636949614318925
43.14,SLO1,Decision_Tree_NestedCV,0,0,0.9753501400560224
65.36,U14,Logistic_Regression,4,0,0.10822474014184506
65.36,U14,Decision_Tree_NestedCV,4,0,0.46153846153846156
26.19,NBA,Logistic_Regression,0,0,0.9274038942801508
26.19,NBA,Decision_Tree_NestedCV,0,0,0.9753501400560224
34.71,U14,Logistic_Regression,0,0,0.890674214586129
34.71,U14,Decision_Tree_NestedCV,0,0,0.7846153846153846
68.35,SLO1,Logistic_Regression,0,0,0.9604928246265722
68.35,SLO1,Decision_Tree_NestedCV,0,0,0.9753501400560224
71.03,U16,Logistic_Regression,0,0,0.9222444807257757
71.03,U16,Decision_Tree_NestedCV,0,0,0.8913043478260869
44.44,EURO,Logistic_Regression,4,0,0.3235642170965378
44.44,EURO,Decision_Tree_NestedCV,4,4,0.926829268292683
86.16,EURO,Logistic_Regression,0,0,0.9439623672078116
86.16,EURO,Decision_Tree_NestedCV,0,0,0.9753501400560224
73.76,NBA,Logistic_Regression,0,0,0.9292054682817046
73.76,NBA,Decision_Tree_NestedCV,0,0,0.9753501400560224
85.32,SLO1,Logistic_Regression,0,0,0.6486748123600832
85.32,SLO1,Decision_Tree_NestedCV,0,2,0.34366925064599485
68.3,U16,Logistic_Regression,3,3,0.6234532977582076
68.3,U16,Decision_Tree_NestedCV,3,3,0.7974683544303798
2.54,SLO1,Logistic_Regression,0,0,0.9593360284717404
2.54,SLO1,Decision_Tree_NestedCV,0,0,0.9753501400560224
31.97,EURO,Logistic_Regression,0,0,0.9469814017038022
31.97,EURO,Decision_Tree_NestedCV,0,0,0.9753501400560224
3.09,U14,Logistic_Regression,0,0,0.8847247141823018
3.09,U14,Decision_Tree_NestedCV,0,0,0.7846153846153846
49.7,EURO,Logistic_Regression,3,2,0.27955647567062397
49.7,EURO,Decision_Tree_NestedCV,3,3,0.44938271604938274
13.58,EURO,Logistic_Regression,0,0,0.9022194837802127
13.58,EURO,Decision_Tree_NestedCV,0,0,0.9753501400560224
1.68,EURO,Logistic_Regression,0,0,0.946982632502104
1.68,EURO,Decision_Tree_NestedCV,0,0,0.9753501400560224
59.17,U14,Logistic_Regression,3,3,0.5781898337296316
59.17,U14,Decision_Tree_NestedCV,3,3,0.44938271604938274
40.64,SLO1,Logistic_Regression,2,2,0.3357887453135411
40.64,SLO1,Decision_Tree_NestedCV,2,0,0.3023255813953488
89.59,EURO,Logistic_Regression,0,0,0.9258267668180349
89.59,EURO,Decision_Tree_NestedCV,0,0,0.9753501400560224
45.61,U14,Logistic_Regression,3,4,0.049949180716655175
45.61,U14,Decision_Tree_NestedCV,3,4,0.024390243902439025
15.7,NBA,Logistic_Regression,0,0,0.9325970737372061
15.7,NBA,Decision_Tree_NestedCV,0,0,0.9753501400560224
65.99,EURO,Logistic_Regression,3,3,0.6340619576331245
65.99,EURO,Decision_Tree_NestedCV,3,3,0.5625
62.44,U14,Logistic_Regression,3,3,0.7659873016470535
62.44,U14,Decision_Tree_NestedCV,3,3,0.8864628820960698
84.87,EURO,Logistic_Regression,0,0,0.6323000837177031
84.87,EURO,Decision_Tree_NestedCV,0,2,0.34366925064599485
66.48,U16,Logistic_Regression,0,0,0.6672387637028728
66.48,U16,Decision_Tree_NestedCV,0,2,0.34366925064599485
85.69,EURO,Logistic_Regression,3,3,0.896748740586619
85.69,EURO,Decision_Tree_NestedCV,3,3,1.0
45.9,U16,Logistic_Regression,5,3,0.03389270532809611
45.9,U16,Decision_Tree_NestedCV,5,3,0.012658227848101266
27.39,SLO1,Logistic_Regression,0,0,0.9462763861797983
27.39,SLO1,Decision_Tree_NestedCV,0,0,0.9753501400560224
72.26,U16,Logistic_Regression,0,0,0.9110033042964375
72.26,U16,Decision_Tree_NestedCV,0,0,0.8913043478260869
43.35,NBA,Logistic_Regression,0,0,0.9495944295636294
43.35,NBA,Decision_Tree_NestedCV,0,0,0.9753501400560224
57.01,U14,Logistic_Regression,3,3,0.7334563490239171
57.01,U14,Decision_Tree_NestedCV,3,3,0.8864628820960698
6.21,EURO,Logistic_Regression,0,0,0.635265787136529
6.21,EURO,Decision_Tree_NestedCV,0,2,0.34366925064599485
23.67,SLO1,Logistic_Regression,2,0,0.23643980059930503
23.67,SLO1,Decision_Tree_NestedCV,2,0,0.1414141414141414
10.49,EURO,Logistic_Regression,5,3,0.23125281098557943
10.49,EURO,Decision_Tree_NestedCV,5,3,0.07901234567901234
68.41,EURO,Logistic_Regression,2,0,0.29022976794108285
68.41,EURO,Decision_Tree_NestedCV,2,2,0.43669250645994834
86.93,SLO1,Logistic_Regression,0,0,0.9096039258294893
86.93,SLO1,Decision_Tree_NestedCV,0,0,0.9753501400560224
31.48,EURO,Logistic_Regression,0,0,0.9505718336071115
31.48,EURO,Decision_Tree_NestedCV,0,0,0.9753501400560224
2.6,SLO1,Logistic_Regression,0,0,0.4915290938041701
2.6,SLO1,Decision_Tree_NestedCV,0,2,0.34366925064599485
8.9,EURO,Logistic_Regression,4,0,0.3261461834231634
8.9,EURO,Decision_Tree_NestedCV,4,4,0.5979381443298969
68.67,SLO1,Logistic_Regression,0,0,0.926754125662154
68.67,SLO1,Decision_Tree_NestedCV,0,0,0.9753501400560224
55.3,EURO,Logistic_Regression,0,0,0.9327646240174179
55.3,EURO,Decision_Tree_NestedCV,0,0,0.9753501400560224
73.83,EURO,Logistic_Regression,3,3,0.8532621249703506
73.83,EURO,Decision_Tree_NestedCV,3,3,0.8864628820960698
59.97,U16,Logistic_Regression,3,3,0.862314290586429
59.97,U16,Decision_Tree_NestedCV,3,3,0.8864628820960698
2.05,EURO,Logistic_Regression,0,0,0.9488188081540465
2.05,EURO,Decision_Tree_NestedCV,0,0,0.9753501400560224
0.0,NBA,Logistic_Regression,0,2,0.2565022296453273
0.0,NBA,Decision_Tree_NestedCV,0,3,0.2123456790123457
40.97,U14,Logistic_Regression,3,3,0.5569276021092451
40.97,U14,Decision_Tree_NestedCV,3,3,0.5625
55.84,U16,Logistic_Regression,3,3,0.6582910001445378
55.84,U16,Decision_Tree_NestedCV,3,3,0.7974683544303798
87.88,SLO1,Logistic_Regression,0,0,0.9577431315989856
87.88,SLO1,Decision_Tree_NestedCV,0,0,0.9753501400560224
76.29,SLO1,Logistic_Regression,0,0,0.9405646965448129
76.29,SLO1,Decision_Tree_NestedCV,0,0,0.9753501400560224
35.48,SLO1,Logistic_Regression,5,2,0.05396719559906936
35.48,SLO1,Decision_Tree_NestedCV,5,0,0.029411764705882353
60.1,U14,Logistic_Regression,0,0,0.7956144700770326
60.1,U14,Decision_Tree_NestedCV,0,0,1.0
33.16,U14,Logistic_Regression,0,0,0.8728434992070648
33.16,U14,Decision_Tree_NestedCV,0,0,0.8852459016393442
64.48,U14,Logistic_Regression,3,3,0.7702945933270497
64.48,U14,Decision_Tree_NestedCV,3,3,0.8864628820960698
30.26,NBA,Logistic_Regression,0,0,0.8902437787571174
30.26,NBA,Decision_Tree_NestedCV,0,0,0.9753501400560224
51.78,SLO1,Logistic_Regression,3,3,0.858368844630872
51.78,SLO1,Decision_Tree_NestedCV,3,3,0.8558558558558559
2.11,NBA,Logistic_Regression,0,0,0.9249577051473333
2.11,NBA,Decision_Tree_NestedCV,0,0,0.9753501400560224
1.59,SLO1,Logistic_Regression,0,0,0.4694370056615863
1.59,SLO1,Decision_Tree_NestedCV,0,2,0.34366925064599485
23.85,SLO1,Logistic_Regression,3,3,0.9067235007599217
23.85,SLO1,Decision_Tree_NestedCV,3,3,0.5
64.28,SLO1,Logistic_Regression,0,3,0.1827479358608201
64.28,SLO1,Decision_Tree_NestedCV,0,0,0.4186046511627907
60.91,U14,Logistic_Regression,0,3,0.32584892570669965
60.91,U14,Decision_Tree_NestedCV,0,3,0.2123456790123457
2.21,SLO1,Logistic_Regression,0,3,0.2392122283973316
2.21,SLO1,Decision_Tree_NestedCV,0,3,0.09009009009009009
29.62,U14,Logistic_Regression,3,3,0.662111183434621
29.62,U14,Decision_Tree_NestedCV,3,3,0.5
42.2,NBA,Logistic_Regression,2,0,0.1812506332728808
42.2,NBA,Decision_Tree_NestedCV,2,2,0.43669250645994834
66.54,U14,Logistic_Regression,0,0,0.5136484650782054
66.54,U14,Decision_Tree_NestedCV,0,0,0.8333333333333334
24.07,NBA,Logistic_Regression,0,0,0.8970167781241634
24.07,NBA,Decision_Tree_NestedCV,0,0,0.9753501400560224
1.47,SLO1,Logistic_Regression,0,0,0.618972228773621
1.47,SLO1,Decision_Tree_NestedCV,0,0,0.4268292682926829
70.94,U14,Logistic_Regression,3,3,0.8546108533332413
70.94,U14,Decision_Tree_NestedCV,3,3,0.8864628820960698
2.03,NBA,Logistic_Regression,4,0,0.460051860594579
2.03,NBA,Decision_Tree_NestedCV,4,4,0.6666666666666666
73.72,SLO1,Logistic_Regression,0,0,0.4851717913632854
73.72,SLO1,Decision_Tree_NestedCV,0,2,0.34366925064599485
88.35,SLO1,Logistic_Regression,0,0,0.9624869287966895
88.35,SLO1,Decision_Tree_NestedCV,0,0,0.9753501400560224
35.86,SLO1,Logistic_Regression,0,0,0.9628158081631639
35.86,SLO1,Decision_Tree_NestedCV,0,0,0.9753501400560224
55.55,EURO,Logistic_Regression,0,0,0.946166415765972
55.55,EURO,Decision_Tree_NestedCV,0,0,0.9753501400560224
10.06,NBA,Logistic_Regression,0,0,0.9355334892542072
10.06,NBA,Decision_Tree_NestedCV,0,0,0.9753501400560224
64.19,SLO1,Logistic_Regression,0,0,0.9629954008743412
64.19,SLO1,Decision_Tree_NestedCV,0,0,0.9753501400560224
13.49,EURO,Logistic_Regression,0,0,0.9518487360432761
13.49,EURO,Decision_Tree_NestedCV,0,0,0.9753501400560224
43.73,SLO1,Logistic_Regression,0,0,0.9605529092533461
43.73,SLO1,Decision_Tree_NestedCV,0,0,0.9753501400560224
1.6,EURO,Logistic_Regression,0,0,0.9589118122147072
1.6,EURO,Decision_Tree_NestedCV,0,0,0.9753501400560224
41.49,U16,Logistic_Regression,3,3,0.6512429189938795
41.49,U16,Decision_Tree_NestedCV,3,3,0.7974683544303798
41.49,SLO1,Logistic_Regression,4,3,0.017644049387650237
41.49,SLO1,Decision_Tree_NestedCV,4,0,0.08823529411764706
63.99,EURO,Logistic_Regression,0,0,0.946043288571888
63.99,EURO,Decision_Tree_NestedCV,0,0,0.9753501400560224
1.64,SLO1,Logistic_Regression,2,0,0.4422660561441529
1.64,SLO1,Decision_Tree_NestedCV,2,0,0.34146341463414637
3.48,SLO1,Logistic_Regression,4,0,0.10826011660349599
3.48,SLO1,Decision_Tree_NestedCV,4,0,0.23170731707317074
49.52,SLO1,Logistic_Regression,0,0,0.9622012230920911
49.52,SLO1,Decision_Tree_NestedCV,0,0,0.9753501400560224
68.45,U14,Logistic_Regression,0,0,0.8377948789147247
68.45,U14,Decision_Tree_NestedCV,0,0,1.0
64.78,U14,Logistic_Regression,4,0,0.0926304214282923
64.78,U14,Decision_Tree_NestedCV,4,0,0.46153846153846156
72.1,EURO,Logistic_Regression,3,3,0.7281638350220827
72.1,EURO,Decision_Tree_NestedCV,3,3,0.5625
16.99,EURO,Logistic_Regression,0,0,0.9563985748236193
16.99,EURO,Decision_Tree_NestedCV,0,0,0.9753501400560224
56.84,U14,Logistic_Regression,3,3,0.6430906793478315
56.84,U14,Decision_Tree_NestedCV,3,3,0.5625
20.76,U16,Logistic_Regression,3,3,0.4057872405287063
20.76,U16,Decision_Tree_NestedCV,3,3,0.7974683544303798
29.66,EURO,Logistic_Regression,0,0,0.9574279154473022
29.66,EURO,Decision_Tree_NestedCV,0,0,0.9753501400560224
45.15,EURO,Logistic_Regression,0,0,0.4291772503312783
45.15,EURO,Decision_Tree_NestedCV,0,2,0.34366925064599485
15.89,NBA,Logistic_Regression,1,2,0.15727020216720425
15.89,NBA,Decision_Tree_NestedCV,1,3,0.12098765432098765
33.78,SLO1,Logistic_Regression,0,0,0.429349340427582
33.78,SLO1,Decision_Tree_NestedCV,0,2,0.34366925064599485
3.38,U14,Logistic_Regression,0,0,0.913759395322976
3.38,U14,Decision_Tree_NestedCV,0,0,0.7846153846153846
25.6,EURO,Logistic_Regression,0,0,0.929957013902553
25.6,EURO,Decision_Tree_NestedCV,0,0,0.9753501400560224
10.36,NBA,Logistic_Regression,0,0,0.815529997570986
10.36,NBA,Decision_Tree_NestedCV,0,0,0.8080808080808081
42.97,U16,Logistic_Regression,0,3,0.1822994792111882
42.97,U16,Decision_Tree_NestedCV,0,3,0.02531645569620253
52.35,EURO,Logistic_Regression,0,0,0.8120519635745087
52.35,EURO,Decision_Tree_NestedCV,0,0,0.9753501400560224
64.86,U16,Logistic_Regression,0,0,0.8444937730644283
64.86,U16,Decision_Tree_NestedCV,0,0,0.8913043478260869
41.89,NBA,Logistic_Regression,0,0,0.9426279266529369
41.89,NBA,Decision_Tree_NestedCV,0,0,0.9753501400560224
43.69,NBA,Logistic_Regression,0,0,0.9205112383575461
43.69,NBA,Decision_Tree_NestedCV,0,0,0.9753501400560224
54.36,U14,Logistic_Regression,0,0,0.8930519486952261
54.36,U14,Decision_Tree_NestedCV,0,0,0.5384615384615384
57.19,U16,Logistic_Regression,0,3,0.39044890178849523
57.19,U16,Decision_Tree_NestedCV,0,2,0.34366925064599485
42.81,EURO,Logistic_Regression,0,0,0.9508223334835739
42.81,EURO,Decision_Tree_NestedCV,0,0,0.9753501400560224
40.4,NBA,Logistic_Regression,3,0,0.20936750583877364
40.4,NBA,Decision_Tree_NestedCV,3,2,0.12919896640826872
37.12,EURO,Logistic_Regression,0,0,0.9266572353310508
37.12,EURO,Decision_Tree_NestedCV,0,0,0.9753501400560224
34.43,EURO,Logistic_Regression,0,0,0.9471885952462401
34.43,EURO,Decision_Tree_NestedCV,0,0,0.9753501400560224
26.69,EURO,Logistic_Regression,0,0,0.9457188953518497
26.69,EURO,Decision_Tree_NestedCV,0,0,0.9753501400560224
5.53,SLO1,Logistic_Regression,0,0,0.9286837133103247
5.53,SLO1,Decision_Tree_NestedCV,0,0,0.9753501400560224
29.98,NBA,Logistic_Regression,3,3,0.6756626657984186
29.98,NBA,Decision_Tree_NestedCV,3,3,0.5625
25.0,EURO,Logistic_Regression,2,0,0.0075047349417445884
25.0,EURO,Decision_Tree_NestedCV,2,0,0.008403361344537815
34.69,SLO1,Logistic_Regression,0,3,0.11824587410825167
34.69,SLO1,Decision_Tree_NestedCV,0,3,0.125
48.67,U14,Logistic_Regression,0,0,0.5937845851933239
48.67,U14,Decision_Tree_NestedCV,0,0,1.0
88.65,EURO,Logistic_Regression,2,0,0.16310430955214275
88.65,EURO,Decision_Tree_NestedCV,2,0,0.34146341463414637
45.53,U16,Logistic_Regression,0,0,0.9143512004505993
45.53,U16,Decision_Tree_NestedCV,0,0,0.8913043478260869
23.73,SLO1,Logistic_Regression,0,0,0.9625115201371086
23.73,SLO1,Decision_Tree_NestedCV,0,0,0.9720812182741116
65.03,SLO1,Logistic_Regression,0,0,0.48441968213063874
65.03,SLO1,Decision_Tree_NestedCV,0,2,0.4253731343283582
18.25,SLO1,Logistic_Regression,0,0,0.9613910614002655
18.25,SLO1,Decision_Tree_NestedCV,0,0,0.9720812182741116
83.44,EURO,Logistic_Regression,0,0,0.945995192709891
83.44,EURO,Decision_Tree_NestedCV,0,0,0.9720812182741116
53.02,NBA,Logistic_Regression,0,3,0.1063599747885673
53.02,NBA,Decision_Tree_NestedCV,0,3,0.06439393939393939
28.05,SLO1,Logistic_Regression,0,0,0.9285480832886828
28.05,SLO1,Decision_Tree_NestedCV,0,0,0.9720812182741116
28.97,SLO1,Logistic_Regression,2,2,0.4201095007593182
28.97,SLO1,Decision_Tree_NestedCV,2,2,0.43283582089552236
49.38,EURO,Logistic_Regression,0,0,0.9553915200011628
49.38,EURO,Decision_Tree_NestedCV,0,0,0.9720812182741116
0.0,NBA,Logistic_Regression,4,3,0.44960420310261323
0.0,NBA,Decision_Tree_NestedCV,4,0,0.21739130434782608
8.2,NBA,Logistic_Regression,1,0,0.13100338385833815
8.2,NBA,Decision_Tree_NestedCV,1,2,0.022388059701492536
23.23,NBA,Logistic_Regression,0,0,0.5062944396379302
23.23,NBA,Decision_Tree_NestedCV,0,2,0.22826086956521738
5.28,NBA,Logistic_Regression,3,0,0.026581051187114003
5.28,NBA,Decision_Tree_NestedCV,3,0,0.020833333333333332
59.97,U14,Logistic_Regression,4,3,0.24404963636013163
59.97,U14,Decision_Tree_NestedCV,4,3,0.1509433962264151
69.91,SLO1,Logistic_Regression,0,0,0.9644681417335805
69.91,SLO1,Decision_Tree_NestedCV,0,0,0.9720812182741116
64.14,U16,Logistic_Regression,3,3,0.8166178525350334
64.14,U16,Decision_Tree_NestedCV,3,3,0.8901515151515151
50.97,NBA,Logistic_Regression,0,0,0.5520377135217254
50.97,NBA,Decision_Tree_NestedCV,0,0,0.32947976878612717
0.5,NBA,Logistic_Regression,0,0,0.9430621319572731
0.5,NBA,Decision_Tree_NestedCV,0,0,0.9720812182741116
26.31,U16,Logistic_Regression,0,0,0.9312620945892949
26.31,U16,Decision_Tree_NestedCV,0,0,0.9720812182741116
86.96,EURO,Logistic_Regression,0,0,0.864434875630393
86.96,EURO,Decision_Tree_NestedCV,0,0,0.9720812182741116
40.01,NBA,Logistic_Regression,0,3,0.0545246466533229
40.01,NBA,Decision_Tree_NestedCV,0,3,0.06439393939393939
62.31,EURO,Logistic_Regression,3,0,0.0899516827083479
62.31,EURO,Decision_Tree_NestedCV,3,2,0.08208955223880597
73.72,U14,Logistic_Regression,2,0,0.04306505021186644
73.72,U14,Decision_Tree_NestedCV,2,0,0.0
31.57,NBA,Logistic_Regression,0,0,0.9175067632033685
31.57,NBA,Decision_Tree_NestedCV,0,0,0.9720812182741116
64.28,U14,Logistic_Regression,0,3,0.03809702836505075
64.28,U14,Decision_Tree_NestedCV,0,3,0.06439393939393939
23.64,SLO1,Logistic_Regression,0,0,0.9602283331794896
23.64,SLO1,Decision_Tree_NestedCV,0,0,0.9720812182741116
79.96,EURO,Logistic_Regression,2,0,0.10898481614578819
79.96,EURO,Decision_Tree_NestedCV,2,0,0.13541666666666666
15.75,EURO,Logistic_Regression,2,0,0.39860133613932663
15.75,EURO,Decision_Tree_NestedCV,2,2,0.43283582089552236
41.59,EURO,Logistic_Regression,0,0,0.9602139707576981
41.59,EURO,Decision_Tree_NestedCV,0,0,0.9720812182741116
58.14,U14,Logistic_Regression,0,3,0.34521211634670834
58.14,U14,Decision_Tree_NestedCV,0,0,0.631578947368421
30.5,NBA,Logistic_Regression,0,0,0.9371013195546332
30.5,NBA,Decision_Tree_NestedCV,0,0,0.9720812182741116
32.28,U16,Logistic_Regression,4,3,0.12093332614141813
32.28,U16,Decision_Tree_NestedCV,4,3,0.3644859813084112
68.24,SLO1,Logistic_Regression,0,3,0.23890984026079712
68.24,SLO1,Decision_Tree_NestedCV,0,0,0.4117647058823529
88.39,NBA,Logistic_Regression,0,0,0.9482558410068321
88.39,NBA,Decision_Tree_NestedCV,0,0,0.9720812182741116
0.84,NBA,Logistic_Regression,0,0,0.9371132869418025
0.84,NBA,Decision_Tree_NestedCV,0,0,0.9720812182741116
12.69,SLO1,Logistic_Regression,3,4,0.441930209397226
12.69,SLO1,Decision_Tree_NestedCV,3,3,0.8737864077669902
63.6,NBA,Logistic_Regression,3,3,0.4466371066059834
63.6,NBA,Decision_Tree_NestedCV,3,3,0.5254237288135594
59.17,EURO,Logistic_Regression,0,0,0.9402036807719435
59.17,EURO,Decision_Tree_NestedCV,0,0,0.9720812182741116
86.13,SLO1,Logistic_Regression,0,0,0.9648458202503436
86.13,SLO1,Decision_Tree_NestedCV,0,0,0.9720812182741116
5.06,U16,Logistic_Regression,0,0,0.941545884397226
5.06,U16,Decision_Tree_NestedCV,0,0,0.9720812182741116
67.37,NBA,Logistic_Regression,3,3,0.369223139043468
67.37,NBA,Decision_Tree_NestedCV,3,3,0.5254237288135594
67.4,NBA,Logistic_Regression,0,0,0.9511724757937888
67.4,NBA,Decision_Tree_NestedCV,0,0,0.9720812182741116
69.09,SLO1,Logistic_Regression,0,0,0.8900555322774971
69.09,SLO1,Decision_Tree_NestedCV,0,0,0.9720812182741116
62.44,U16,Logistic_Regression,3,3,0.8507967066715243
62.44,U16,Decision_Tree_NestedCV,3,3,0.8901515151515151
88.78,SLO1,Logistic_Regression,0,0,0.9602605227805635
88.78,SLO1,Decision_Tree_NestedCV,0,0,0.9720812182741116
38.27,EURO,Logistic_Regression,4,0,0.44332135950382706
38.27,EURO,Decision_Tree_NestedCV,4,4,0.8979591836734694
68.93,U16,Logistic_Regression,3,3,0.5613432550030185
68.93,U16,Decision_Tree_NestedCV,3,3,0.5254237288135594
12.3,NBA,Logistic_Regression,0,0,0.9435634063997244
12.3,NBA,Decision_Tree_NestedCV,0,0,0.9720812182741116
0.84,NBA,Logistic_Regression,0,0,0.944076089099135
0.84,NBA,Decision_Tree_NestedCV,0,0,0.9720812182741116
41.87,NBA,Logistic_Regression,0,0,0.9523459350243099
41.87,NBA,Decision_Tree_NestedCV,0,0,0.9720812182741116
0.0,EURO,Logistic_Regression,2,0,0.37315401972727574
0.0,EURO,Decision_Tree_NestedCV,2,2,0.43283582089552236
15.79,SLO1,Logistic_Regression,0,0,0.9681617224179859
15.79,SLO1,Decision_Tree_NestedCV,0,0,0.9720812182741116
23.97,SLO1,Logistic_Regression,0,0,0.4748007491919085
23.97,SLO1,Decision_Tree_NestedCV,0,3,0.06796116504854369
69.35,EURO,Logistic_Regression,3,0,0.2757672623919143
69.35,EURO,Decision_Tree_NestedCV,3,3,0.5254237288135594
52.99,EURO,Logistic_Regression,3,2,0.25304757247560516
52.99,EURO,Decision_Tree_NestedCV,3,3,0.5254237288135594
54.23,EURO,Logistic_Regression,0,2,0.314381418531102
54.23,EURO,Decision_Tree_NestedCV,0,3,0.18220338983050846
88.69,EURO,Logistic_Regression,2,0,0.057633730077046016
88.69,EURO,Decision_Tree_NestedCV,2,0,0.007106598984771574
3.86,EURO,Logistic_Regression,1,2,0.1555946507691858
3.86,EURO,Decision_Tree_NestedCV,1,3,0.09533898305084745
80.2,EURO,Logistic_Regression,2,3,0.17914399475656015
80.2,EURO,Decision_Tree_NestedCV,2,3,0.0847457627118644
1.79,SLO1,Logistic_Regression,0,3,0.2292133462824784
1.79,SLO1,Decision_Tree_NestedCV,0,3,0.06796116504854369
32.12,EURO,Logistic_Regression,0,0,0.9242051861132023
32.12,EURO,Decision_Tree_NestedCV,0,0,0.9720812182741116
49.49,SLO1,Logistic_Regression,0,2,0.39850294729616087
49.49,SLO1,Decision_Tree_NestedCV,0,0,0.7941176470588235
72.93,EURO,Logistic_Regression,2,3,0.23790688073240446
72.93,EURO,Decision_Tree_NestedCV,2,3,0.0847457627118644
0.0,SLO1,Logistic_Regression,2,0,0.2331210384669677
0.0,SLO1,Decision_Tree_NestedCV,2,0,0.35
66.32,NBA,Logistic_Regression,0,0,0.9407902769870014
66.32,NBA,Decision_Tree_NestedCV,0,0,0.9720812182741116
23.51,NBA,Logistic_Regression,0,0,0.9544989978858466
23.51,NBA,Decision_Tree_NestedCV,0,0,0.9720812182741116
46.55,EURO,Logistic_Regression,0,0,0.9204995302854156
46.55,EURO,Decision_Tree_NestedCV,0,0,0.9720812182741116
87.84,EURO,Logistic_Regression,0,0,0.9289075466291239
87.84,EURO,Decision_Tree_NestedCV,0,0,0.9720812182741116
68.13,SLO1,Logistic_Regression,0,0,0.9036805656058449
68.13,SLO1,Decision_Tree_NestedCV,0,0,0.9720812182741116
34.69,SLO1,Logistic_Regression,3,3,0.9290237622382653
34.69,SLO1,Decision_Tree_NestedCV,3,3,0.8490566037735849
0.56,SLO1,Logistic_Regression,0,0,0.9246188421855677
0.56,SLO1,Decision_Tree_NestedCV,0,0,0.9720812182741116
12.79,NBA,Logistic_Regression,0,0,0.3240645141859012
12.79,NBA,Decision_Tree_NestedCV,0,3,0.18220338983050846
88.57,U16,Logistic_Regression,0,0,0.9544382901389393
88.57,U16,Decision_Tree_NestedCV,0,0,0.9720812182741116
40.6,NBA,Logistic_Regression,0,0,0.9512562628222446
40.6,NBA,Decision_Tree_NestedCV,0,0,0.9720812182741116
32.2,NBA,Logistic_Regression,3,3,0.811529794822311
32.2,NBA,Decision_Tree_NestedCV,3,3,0.5833333333333334
56.0,U14,Logistic_Regression,0,0,0.44573527439170385
56.0,U14,Decision_Tree_NestedCV,0,0,0.631578947368421
37.83,NBA,Logistic_Regression,0,0,0.9391501529132831
37.83,NBA,Decision_Tree_NestedCV,0,0,0.9720812182741116
86.76,U14,Logistic_Regression,0,0,0.9106075749817654
86.76,U14,Decision_Tree_NestedCV,0,0,0.5714285714285714
50.35,NBA,Logistic_Regression,0,0,0.9296531575698966
50.35,NBA,Decision_Tree_NestedCV,0,0,0.9720812182741116
0.85,SLO1,Logistic_Regression,0,0,0.9587292714737558
0.85,SLO1,Decision_Tree_NestedCV,0,0,0.9720812182741116
45.12,U16,Logistic_Regression,4,4,0.38763829959305607
45.12,U16,Decision_Tree_NestedCV,4,4,0.6923076923076923
50.89,SLO1,Logistic_Regression,5,3,0.03209633870769315
50.89,SLO1,Decision_Tree_NestedCV,5,0,0.017341040462427744
62.56,EURO,Logistic_Regression,0,3,0.24061899843686452
62.56,EURO,Decision_Tree_NestedCV,0,3,0.18220338983050846
70.67,NBA,Logistic_Regression,0,0,0.906291742469558
70.67,NBA,Decision_Tree_NestedCV,0,0,0.9720812182741116
80.31,SLO1,Logistic_Regression,0,0,0.9600173486109321
80.31,SLO1,Decision_Tree_NestedCV,0,0,0.9720812182741116
42.78,U14,Logistic_Regression,3,3,0.7450667692994849
42.78,U14,Decision_Tree_NestedCV,3,3,0.8901515151515151
82.29,EURO,Logistic_Regression,3,3,0.45639686192722434
82.29,EURO,Decision_Tree_NestedCV,3,3,0.5254237288135594
2.1,SLO1,Logistic_Regression,0,0,0.9626068830223419
2.1,SLO1,Decision_Tree_NestedCV,0,0,0.9720812182741116
32.81,SLO1,Logistic_Regression,0,0,0.9624961953957948
32.81,SLO1,Decision_Tree_NestedCV,0,0,0.9720812182741116
0.0,NBA,Logistic_Regression,2,0,0.31381670448490756
0.0,NBA,Decision_Tree_NestedCV,2,2,0.43283582089552236
0.42,EURO,Logistic_Regression,0,0,0.9434068017405217
0.42,EURO,Decision_Tree_NestedCV,0,0,0.9720812182741116
81.38,U16,Logistic_Regression,4,0,0.07159304662257401
81.38,U16,Decision_Tree_NestedCV,4,0,0.018274111675126905
48.33,EURO,Logistic_Regression,0,0,0.95449872875331
48.33,EURO,Decision_Tree_NestedCV,0,0,0.9720812182741116
35.6,EURO,Logistic_Regression,0,0,0.9524206444430138
35.6,EURO,Decision_Tree_NestedCV,0,0,0.9720812182741116
74.42,EURO,Logistic_Regression,0,0,0.8999036869559701
74.42,EURO,Decision_Tree_NestedCV,0,0,0.9720812182741116
79.56,EURO,Logistic_Regression,3,3,0.7512625087730589
79.56,EURO,Decision_Tree_NestedCV,3,3,1.0
55.84,EURO,Logistic_Regression,0,2,0.1531145913002505
55.84,EURO,Decision_Tree_NestedCV,0,3,0.18220338983050846
64.28,U14,Logistic_Regression,0,0,0.4730607665479416
64.28,U14,Decision_Tree_NestedCV,0,0,0.7941176470588235
14.25,EURO,Logistic_Regression,5,2,0.1390265455730957
14.25,EURO,Decision_Tree_NestedCV,5,3,0.0635593220338983
64.14,U16,Logistic_Regression,0,0,0.48420251144582566
64.14,U16,Decision_Tree_NestedCV,0,0,0.7941176470588235
30.11,NBA,Logistic_Regression,0,0,0.9369845510729424
30.11,NBA,Decision_Tree_NestedCV,0,0,0.9720812182741116
56.26,EURO,Logistic_Regression,0,0,0.9474782676642796
56.26,EURO,Decision_Tree_NestedCV,0,0,0.9720812182741116
37.57,SLO1,Logistic_Regression,0,0,0.5447213184146802
37.57,SLO1,Decision_Tree_NestedCV,0,2,0.4253731343283582
36.64,U16,Logistic_Regression,2,0,0.14201934990495618
36.64,U16,Decision_Tree_NestedCV,2,2,0.43283582089552236
19.66,NBA,Logistic_Regression,0,0,0.5632724744787755
19.66,NBA,Decision_Tree_NestedCV,0,2,0.4253731343283582
34.81,EURO,Logistic_Regression,0,0,0.9467438432821237
34.81,EURO,Decision_Tree_NestedCV,0,0,0.9720812182741116
61.5,U14,Logistic_Regression,0,0,0.8863437000001418
61.5,U14,Decision_Tree_NestedCV,0,4,0.28
37.13,U14,Logistic_Regression,0,0,0.6237953511803834
37.13,U14,Decision_Tree_NestedCV,0,0,0.925
47.04,SLO1,Logistic_Regression,2,3,0.2305605329540811
47.04,SLO1,Decision_Tree_NestedCV,2,0,0.21965317919075145
82.0,SLO1,Logistic_Regression,0,0,0.9023551011739898
82.0,SLO1,Decision_Tree_NestedCV,0,0,0.9720812182741116
17.7,U14,Logistic_Regression,0,0,0.867346862437366
17.7,U14,Decision_Tree_NestedCV,0,0,0.7851851851851852
50.86,NBA,Logistic_Regression,0,0,0.9426189298059354
50.86,NBA,Decision_Tree_NestedCV,0,0,0.9720812182741116
45.58,EURO,Logistic_Regression,3,2,0.24724128054297367
45.58,EURO,Decision_Tree_NestedCV,3,3,0.5254237288135594
68.3,U16,Logistic_Regression,3,3,0.8759896978531003
68.3,U16,Decision_Tree_NestedCV,3,3,0.8901515151515151
33.48,U14,Logistic_Regression,0,0,0.8610245844666672
33.48,U14,Decision_Tree_NestedCV,0,0,0.925
54.15,U14,Logistic_Regression,3,3,0.7825759855707835
54.15,U14,Decision_Tree_NestedCV,3,3,0.8901515151515151
13.82,NBA,Logistic_Regression,0,0,0.9329002047075665
13.82,NBA,Decision_Tree_NestedCV,0,0,0.9720812182741116
51.94,U14,Logistic_Regression,0,0,0.8460523063360268
51.94,U14,Decision_Tree_NestedCV,0,0,0.925
87.6,EURO,Logistic_Regression,0,0,0.9141342600973811
87.6,EURO,Decision_Tree_NestedCV,0,0,0.9720812182741116
45.21,SLO1,Logistic_Regression,0,3,0.2365391461128551
45.21,SLO1,Decision_Tree_NestedCV,0,3,0.06796116504854369
87.04,U16,Logistic_Regression,0,0,0.9375672440004043
87.04,U16,Decision_Tree_NestedCV,0,0,0.9720812182741116
36.74,NBA,Logistic_Regression,0,4,0.3556234933137509
36.74,NBA,Decision_Tree_NestedCV,0,4,0.2
39.89,U16,Logistic_Regression,0,0,0.9305589476559964
39.89,U16,Decision_Tree_NestedCV,0,0,0.9720812182741116
55.9,NBA,Logistic_Regression,0,0,0.6883016080163313
55.9,NBA,Decision_Tree_NestedCV,0,2,0.4253731343283582
16.34,U16,Logistic_Regression,2,0,0.1461065349305791
16.34,U16,Decision_Tree_NestedCV,2,2,0.5
39.18,SLO1,Logistic_Regression,0,0,0.9609187033159201
39.18,SLO1,Decision_Tree_NestedCV,0,0,0.9720812182741116
44.34,U16,Logistic_Regression,0,0,0.93046282785144
44.34,U16,Decision_Tree_NestedCV,0,0,0.9720812182741116
43.54,SLO1,Logistic_Regression,3,3,0.74047598845314
43.54,SLO1,Decision_Tree_NestedCV,3,3,0.8737864077669902
36.94,SLO1,Logistic_Regression,0,0,0.9663090593288707
36.94,SLO1,Decision_Tree_NestedCV,0,0,0.9720812182741116
56.82,U14,Logistic_Regression,4,0,0.08973561616952389
56.82,U14,Decision_Tree_NestedCV,4,4,0.72
26.17,EURO,Logistic_Regression,0,0,0.8313310053107885
26.17,EURO,Decision_Tree_NestedCV,0,0,0.9720812182741116
49.66,NBA,Logistic_Regression,0,0,0.9512360592129177
49.66,NBA,Decision_Tree_NestedCV,0,0,0.9720812182741116
52.04,EURO,Logistic_Regression,3,3,0.564480362563603
52.04,EURO,Decision_Tree_NestedCV,3,3,0.3925233644859813
4.48,U14,Logistic_Regression,0,0,0.7487539271374094
4.48,U14,Decision_Tree_NestedCV,0,0,0.925
61.28,NBA,Logistic_Regression,3,3,0.8809258532547152
61.28,NBA,Decision_Tree_NestedCV,3,3,0.8901515151515151
49.85,U16,Logistic_Regression,3,3,0.4653813088540087
49.85,U16,Decision_Tree_NestedCV,3,3,0.5254237288135594
45.76,U14,Logistic_Regression,0,4,0.4047563651347966
45.76,U14,Decision_Tree_NestedCV,0,0,0.7941176470588235
13.74,SLO1,Logistic_Regression,0,0,0.9330338658982389
13.74,SLO1,Decision_Tree_NestedCV,0,0,0.9720812182741116
14.1,U16,Logistic_Regression,4,0,0.0661389647363763
14.1,U16,Decision_Tree_NestedCV,4,0,0.018274111675126905
73.82,NBA,Logistic_Regression,0,0,0.9406747138846426
73.82,NBA,Decision_Tree_NestedCV,0,0,0.9720812182741116
58.46,U14,Logistic_Regression,0,0,0.8590702096190933
58.46,U14,Decision_Tree_NestedCV,0,0,0.925
67.0,NBA,Logistic_Regression,0,0,0.8549812990905629
67.0,NBA,Decision_Tree_NestedCV,0,0,0.9720812182741116
1.68,SLO1,Logistic_Regression,0,0,0.9625659106835013
1.68,SLO1,Decision_Tree_NestedCV,0,0,0.9720812182741116
37.56,NBA,Logistic_Regression,3,3,0.6619023591147163
37.56,NBA,Decision_Tree_NestedCV,3,3,0.3925233644859813
38.51,NBA,Logistic_Regression,3,3,0.7272048940070893
38.51,NBA,Decision_Tree_NestedCV,3,3,0.8901515151515151
44.93,U16,Logistic_Regression,4,0,0.06793670230358442
44.93,U16,Decision_Tree_NestedCV,4,0,0.018274111675126905
75.89,EURO,Logistic_Regression,1,3,0.2034806187887936
75.89,EURO,Decision_Tree_NestedCV,1,3,0.09533898305084745
35.54,EURO,Logistic_Regression,3,3,0.3595547719786279
35.54,EURO,Decision_Tree_NestedCV,3,3,0.5254237288135594
88.76,EURO,Logistic_Regression,0,0,0.9520805695225387
88.76,EURO,Decision_Tree_NestedCV,0,0,0.9720812182741116
45.73,EURO,Logistic_Regression,0,0,0.9550992528925702
45.73,EURO,Decision_Tree_NestedCV,0,0,0.9720812182741116
86.72,NBA,Logistic_Regression,0,0,0.9398144239781456
86.72,NBA,Decision_Tree_NestedCV,0,0,0.9720812182741116
59.25,SLO1,Logistic_Regression,0,0,0.9593847997306771
59.25,SLO1,Decision_Tree_NestedCV,0,0,0.9720812182741116
69.43,NBA,Logistic_Regression,3,3,0.41508829298504785
69.43,NBA,Decision_Tree_NestedCV,3,0,0.20809248554913296
66.14,NBA,Logistic_Regression,0,0,0.7952830759547468
66.14,NBA,Decision_Tree_NestedCV,0,0,0.8229166666666666
1.88,SLO1,Logistic_Regression,2,0,0.16485694444858598
1.88,SLO1,Decision_Tree_NestedCV,2,3,0.0
34.69,SLO1,Logistic_Regression,1,3,0.19258054255445373
34.69,SLO1,Decision_Tree_NestedCV,1,2,0.0
87.06,EURO,Logistic_Regression,0,0,0.9541304945723621
87.06,EURO,Decision_Tree_NestedCV,0,0,0.9720812182741116
28.8,SLO1,Logistic_Regression,0,0,0.9703519841523792
28.8,SLO1,Decision_Tree_NestedCV,0,0,0.9720812182741116
59.64,NBA,Logistic_Regression,3,4,0.23823933668633585
59.64,NBA,Decision_Tree_NestedCV,3,4,0.1076923076923077
35.08,EURO,Logistic_Regression,4,2,0.07257574591420804
35.08,EURO,Decision_Tree_NestedCV,4,4,0.5384615384615384
75.89,U16,Logistic_Regression,3,3,0.924351842434562
75.89,U16,Decision_Tree_NestedCV,3,3,0.8888888888888888
77.92,SLO1,Logistic_Regression,2,0,0.27672900022915536
77.92,SLO1,Decision_Tree_NestedCV,2,0,0.21965317919075145
72.93,U14,Logistic_Regression,0,3,0.18155158853817885
72.93,U14,Decision_Tree_NestedCV,0,3,0.18220338983050846
28.3,NBA,Logistic_Regression,0,0,0.931179109121596
28.3,NBA,Decision_Tree_NestedCV,0,0,0.9720812182741116
49.92,SLO1,Logistic_Regression,0,0,0.9629733902027919
49.92,SLO1,Decision_Tree_NestedCV,0,0,0.9720812182741116
18.53,U14,Logistic_Regression,0,0,0.4901957729972817
18.53,U14,Decision_Tree_NestedCV,0,0,0.7741935483870968
75.14,EURO,Logistic_Regression,3,3,0.7763018123959937
75.14,EURO,Decision_Tree_NestedCV,3,3,0.3925233644859813
48.19,EURO,Logistic_Regression,0,0,0.9552469136550535
48.19,EURO,Decision_Tree_NestedCV,0,0,0.9720812182741116
10.1,U14,Logistic_Regression,4,3,0.32807549688683485
10.1,U14,Decision_Tree_NestedCV,4,3,0.12121212121212122
14.57,NBA,Logistic_Regression,0,0,0.7680304441249658
14.57,NBA,Decision_Tree_NestedCV,0,0,0.8229166666666666
43.06,EURO,Logistic_Regression,2,0,0.2894058058328742
43.06,EURO,Decision_Tree_NestedCV,2,2,0.43283582089552236
49.49,SLO1,Logistic_Regression,4,3,0.015688613461276642
49.49,SLO1,Decision_Tree_NestedCV,4,0,0.011764705882352941
32.79,EURO,Logistic_Regression,0,0,0.9533194925877716
32.79,EURO,Decision_Tree_NestedCV,0,0,0.9720812182741116
86.27,EURO,Logistic_Regression,2,0,0.151602320212785
86.27,EURO,Decision_Tree_NestedCV,2,0,0.21965317919075145
75.89,U14,Logistic_Regression,3,0,0.33380353280114294
75.89,U14,Decision_Tree_NestedCV,3,0,0.0
76.16,U14,Logistic_Regression,0,0,0.861963668674103
76.16,U14,Decision_Tree_NestedCV,0,4,0.28
53.67,EURO,Logistic_Regression,0,0,0.9546775056264277
53.67,EURO,Decision_Tree_NestedCV,0,0,0.9720812182741116
38.52,SLO1,Logistic_Regression,2,0,0.3343299964294953
38.52,SLO1,Decision_Tree_NestedCV,2,0,0.21965317919075145
33.85,EURO,Logistic_Regression,0,0,0.9485776889615032
33.85,EURO,Decision_Tree_NestedCV,0,0,0.9720812182741116
22.03,U14,Logistic_Regression,3,3,0.4491823983563588
22.03,U14,Decision_Tree_NestedCV,3,3,0.5254237288135594
24.48,U14,Logistic_Regression,0,0,0.8931046004426448
24.48,U14,Decision_Tree_NestedCV,0,0,0.7851851851851852
19.43,NBA,Logistic_Regression,0,0,0.9170126513988686
19.43,NBA,Decision_Tree_NestedCV,0,0,0.9720812182741116
4.81,EURO,Logistic_Regression,0,0,0.8556608974653771
4.81,EURO,Decision_Tree_NestedCV,0,0,0.9720812182741116
81.75,SLO1,Logistic_Regression,0,0,0.9568576673459189
81.75,SLO1,Decision_Tree_NestedCV,0,0,0.9720812182741116
63.56,EURO,Logistic_Regression,0,0,0.7513959788548761
63.56,EURO,Decision_Tree_NestedCV,0,0,0.8229166666666666
4.16,EURO,Logistic_Regression,0,0,0.68651992094843
4.16,EURO,Decision_Tree_NestedCV,0,0,0.8229166666666666
79.87,NBA,Logistic_Regression,2,0,0.06193232496377205
79.87,NBA,Decision_Tree_NestedCV,2,0,0.13541666666666666
56.48,NBA,Logistic_Regression,0,0,0.9148690760973809
56.48,NBA,Decision_Tree_NestedCV,0,0,0.9720812182741116
43.93,SLO1,Logistic_Regression,3,3,0.6674984400262874
43.93,SLO1,Decision_Tree_NestedCV,3,3,0.8737864077669902
10.65,SLO1,Logistic_Regression,2,2,0.4757653906005988
10.65,SLO1,Decision_Tree_NestedCV,2,2,0.43283582089552236
75.45,NBA,Logistic_Regression,0,0,0.9260937022080572
75.45,NBA,Decision_Tree_NestedCV,0,0,0.9720812182741116
15.83,NBA,Logistic_Regression,0,0,0.9529614575072396
15.83,NBA,Decision_Tree_NestedCV,0,0,0.9720812182741116
67.91,NBA,Logistic_Regression,3,3,0.39769922896522647
67.91,NBA,Decision_Tree_NestedCV,3,3,0.5254237288135594
51.42,NBA,Logistic_Regression,0,0,0.9255683657427427
51.42,NBA,Decision_Tree_NestedCV,0,0,0.9720812182741116
77.92,EURO,Logistic_Regression,0,0,0.46209664171829967
77.92,EURO,Decision_Tree_NestedCV,0,0,0.32947976878612717
16.65,SLO1,Logistic_Regression,0,0,0.9636799309819881
16.65,SLO1,Decision_Tree_NestedCV,0,0,0.9720812182741116
28.64,EURO,Logistic_Regression,3,2,0.15394594884338453
28.64,EURO,Decision_Tree_NestedCV,3,3,0.5254237288135594
7.53,NBA,Logistic_Regression,0,0,0.4048900087331611
7.53,NBA,Decision_Tree_NestedCV,0,2,0.22826086956521738
38.72,EURO,Logistic_Regression,0,0,0.5682350656821785
38.72,EURO,Decision_Tree_NestedCV,0,2,0.4253731343283582
75.89,U14,Logistic_Regression,0,3,0.18559339118945842
75.89,U14,Decision_Tree_NestedCV,0,3,0.18220338983050846
63.52,NBA,Logistic_Regression,4,3,0.02239256036016818
63.52,NBA,Decision_Tree_NestedCV,4,3,0.048728813559322036
49.01,NBA,Logistic_Regression,0,0,0.9431393660002654
49.01,NBA,Decision_Tree_NestedCV,0,0,0.9720812182741116
59.17,SLO1,Logistic_Regression,5,3,0.09929491573692256
59.17,SLO1,Decision_Tree_NestedCV,5,2,0.08823529411764706
33.26,U14,Logistic_Regression,0,4,0.18520206761630248
33.26,U14,Decision_Tree_NestedCV,0,3,0.24299065420560748
54.7,U14,Logistic_Regression,3,3,0.8031841984214301
54.7,U14,Decision_Tree_NestedCV,3,3,0.8901515151515151
52.99,U16,Logistic_Regression,3,3,0.8948947325713025
52.99,U16,Decision_Tree_NestedCV,3,3,0.8901515151515151
57.34,NBA,Logistic_Regression,0,0,0.9408701958412163
57.34,NBA,Decision_Tree_NestedCV,0,0,0.9720812182741116
2.5,SLO1,Logistic_Regression,0,0,0.9606549641282343
2.5,SLO1,Decision_Tree_NestedCV,0,0,0.9720812182741116
12.25,U14,Logistic_Regression,0,3,0.3096816775649601
12.25,U14,Decision_Tree_NestedCV,0,3,0.18220338983050846
57.86,U16,Logistic_Regression,0,3,0.0727851572910283
57.86,U16,Decision_Tree_NestedCV,0,3,0.06439393939393939
38.12,U16,Logistic_Regression,0,3,0.15421261756668286
38.12,U16,Decision_Tree_NestedCV,0,3,0.24299065420560748
63.52,NBA,Logistic_Regression,2,3,0.0954780542168579
63.52,NBA,Decision_Tree_NestedCV,2,3,0.0847457627118644
58.4,U16,Logistic_Regression,0,0,0.5837068849992249
58.4,U16,Decision_Tree_NestedCV,0,0,0.4
88.2,EURO,Logistic_Regression,2,3,0.12975611148939095
88.2,EURO,Decision_Tree_NestedCV,2,3,0.0847457627118644
0.72,SLO1,Logistic_Regression,0,0,0.8623817341516735
0.72,SLO1,Decision_Tree_NestedCV,0,0,0.9720812182741116
66.54,U16,Logistic_Regression,3,3,0.6236258756090022
66.54,U16,Decision_Tree_NestedCV,3,3,0.5254237288135594
86.41,SLO1,Logistic_Regression,0,3,0.06253880969876993
86.41,SLO1,Decision_Tree_NestedCV,0,2,0.14705882352941177
40.39,SLO1,Logistic_Regression,0,0,0.9647514384549528
40.39,SLO1,Decision_Tree_NestedCV,0,0,0.9720812182741116
36.51,NBA,Logistic_Regression,0,0,0.9333929258357948
36.51,NBA,Decision_Tree_NestedCV,0,0,0.9720812182741116
73.86,EURO,Logistic_Regression,2,0,0.05431749772718309
73.86,EURO,Decision_Tree_NestedCV,2,0,0.007106598984771574
72.34,EURO,Logistic_Regression,3,2,0.2715383746929133
72.34,EURO,Decision_Tree_NestedCV,3,3,0.5254237288135594
60.87,U14,Logistic_Regression,0,0,0.903198689993032
60.87,U14,Decision_Tree_NestedCV,0,4,0.28
49.74,SLO1,Logistic_Regression,3,3,0.7304151649538957
49.74,SLO1,Decision_Tree_NestedCV,3,3,0.8737864077669902
70.78,SLO1,Logistic_Regression,0,0,0.4892226756691659
70.78,SLO1,Decision_Tree_NestedCV,0,2,0.4253731343283582
59.26,U16,Logistic_Regression,4,0,0.07739491522378282
59.26,U16,Decision_Tree_NestedCV,4,2,0.03731343283582089
43.46,SLO1,Logistic_Regression,4,0,0.07846221094209056
43.46,SLO1,Decision_Tree_NestedCV,4,0,0.12716763005780346
1.6,SLO1,Logistic_Regression,0,0,0.9636008753015579
1.6,SLO1,Decision_Tree_NestedCV,0,0,0.9720812182741116
35.46,U14,Logistic_Regression,0,4,0.19553562364584334
35.46,U14,Decision_Tree_NestedCV,0,3,0.24299065420560748
29.72,SLO1,Logistic_Regression,0,0,0.964154696317373
29.72,SLO1,Decision_Tree_NestedCV,0,0,0.9720812182741116
48.27,EURO,Logistic_Regression,0,0,0.9537218721608228
48.27,EURO,Decision_Tree_NestedCV,0,0,0.9720812182741116
29.48,NBA,Logistic_Regression,0,0,0.8829927457911854
29.48,NBA,Decision_Tree_NestedCV,0,0,0.9720812182741116
49.58,NBA,Logistic_Regression,5,3,0.046826984259863244
49.58,NBA,Decision_Tree_NestedCV,5,3,0.0635593220338983
63.6,EURO,Logistic_Regression,0,0,0.9484139423252744
63.6,EURO,Decision_Tree_NestedCV,0,0,0.9720812182741116
33.15,U14,Logistic_Regression,0,0,0.9091980874503273
33.15,U14,Decision_Tree_NestedCV,0,0,0.7851851851851852
84.93,U16,Logistic_Regression,4,0,0.07145739870443064
84.93,U16,Decision_Tree_NestedCV,4,0,0.018274111675126905
65.26,NBA,Logistic_Regression,0,0,0.9151036372731021
65.26,NBA,Decision_Tree_NestedCV,0,0,0.9720812182741116
86.49,EURO,Logistic_Regression,3,4,0.25048980287230727
86.49,EURO,Decision_Tree_NestedCV,3,4,0.1076923076923077
44.93,EURO,Logistic_Regression,0,0,0.9470403319023057
44.93,EURO,Decision_Tree_NestedCV,0,0,0.9720812182741116
61.7,EURO,Logistic_Regression,0,0,0.9628664548567786
61.7,EURO,Decision_Tree_NestedCV,0,0,0.9720812182741116
87.25,U16,Logistic_Regression,0,0,0.9255475590760931
87.25,U16,Decision_Tree_NestedCV,0,0,0.9720812182741116
48.3,SLO1,Logistic_Regression,1,3,0.13508564717418794
48.3,SLO1,Decision_Tree_NestedCV,1,0,0.10588235294117647
73.83,EURO,Logistic_Regression,0,0,0.44570702954875685
73.83,EURO,Decision_Tree_NestedCV,0,0,0.7941176470588235
69.65,EURO,Logistic_Regression,0,0,0.3788626361432996
69.65,EURO,Decision_Tree_NestedCV,0,0,0.32947976878612717
59.97,SLO1,Logistic_Regression,5,3,0.07912870037065253
59.97,SLO1,Decision_Tree_NestedCV,5,0,0.08235294117647059
77.86,NBA,Logistic_Regression,0,0,0.9403998041982303
77.86,NBA,Decision_Tree_NestedCV,0,0,0.9720812182741116
65.93,NBA,Logistic_Regression,3,3,0.44938042758563834
65.93,NBA,Decision_Tree_NestedCV,3,3,0.5254237288135594
41.78,NBA,Logistic_Regression,0,0,0.9505245264481589
41.78,NBA,Decision_Tree_NestedCV,0,0,0.9720812182741116
60.52,U14,Logistic_Regression,3,3,0.7371142313998204
60.52,U14,Decision_Tree_NestedCV,3,3,0.8901515151515151
17.85,SLO1,Logistic_Regression,0,0,0.9611854017530478
17.85,SLO1,Decision_Tree_NestedCV,0,0,0.9720812182741116
69.35,EURO,Logistic_Regression,3,3,0.34391308221666805
69.35,EURO,Decision_Tree_NestedCV,3,3,0.5254237288135594
85.62,SLO1,Logistic_Regression,0,0,0.9594683406931629
85.62,SLO1,Decision_Tree_NestedCV,0,0,0.9720812182741116
50.94,NBA,Logistic_Regression,1,1,0.3710248920164274
50.94,NBA,Decision_Tree_NestedCV,1,3,0.09533898305084745
86.41,U14,Logistic_Regression,0,3,0.12469032864525678
86.41,U14,Decision_Tree_NestedCV,0,3,0.18220338983050846
64.04,EURO,Logistic_Regression,3,3,0.7919439370251995
64.04,EURO,Decision_Tree_NestedCV,3,3,0.8901515151515151
62.28,U14,Logistic_Regression,3,3,0.8083458336861927
62.28,U14,Decision_Tree_NestedCV,3,3,0.8901515151515151
54.55,EURO,Logistic_Regression,3,3,0.6113059036700129
54.55,EURO,Decision_Tree_NestedCV,3,3,0.3925233644859813
62.09,SLO1,Logistic_Regression,0,0,0.9536642935841109
62.09,SLO1,Decision_Tree_NestedCV,0,0,0.9720812182741116
69.83,U14,Logistic_Regression,3,3,0.7555242980572452
69.83,U14,Decision_Tree_NestedCV,3,3,0.8901515151515151
88.33,SLO1,Logistic_Regression,0,0,0.9643331539846022
88.33,SLO1,Decision_Tree_NestedCV,0,0,0.9720812182741116
24.15,SLO1,Logistic_Regression,4,2,0.014915379813296863
24.15,SLO1,Decision_Tree_NestedCV,4,0,0.011764705882352941
20.1,EURO,Logistic_Regression,0,0,0.9483742136382157
20.1,EURO,Decision_Tree_NestedCV,0,0,0.9720812182741116
48.46,SLO1,Logistic_Regression,0,3,0.16178600890186506
48.46,SLO1,Decision_Tree_NestedCV,0,3,0.06796116504854369
89.24,EURO,Logistic_Regression,0,0,0.9540912756811275
89.24,EURO,Decision_Tree_NestedCV,0,0,0.9720812182741116
54.51,SLO1,Logistic_Regression,0,0,0.962152694703305
54.51,SLO1,Decision_Tree_NestedCV,0,0,0.9720812182741116
63.96,EURO,Logistic_Regression,3,3,0.6727953238954185
63.96,EURO,Decision_Tree_NestedCV,3,3,0.3925233644859813
49.91,SLO1,Logistic_Regression,0,0,0.37606619382228745
49.91,SLO1,Decision_Tree_NestedCV,0,0,0.32947976878612717
63.97,EURO,Logistic_Regression,4,4,0.8566546581753994
63.97,EURO,Decision_Tree_NestedCV,4,4,0.8979591836734694
59.8,SLO1,Logistic_Regression,0,0,0.9660112996283834
59.8,SLO1,Decision_Tree_NestedCV,0,0,0.9720812182741116
60.92,SLO1,Logistic_Regression,0,0,0.8606080687591311
60.92,SLO1,Decision_Tree_NestedCV,0,0,0.9720812182741116
16.3,NBA,Logistic_Regression,0,0,0.5531543545552143
16.3,NBA,Decision_Tree_NestedCV,0,2,0.4253731343283582
64.28,U14,Logistic_Regression,0,0,0.4730607665479416
64.28,U14,Decision_Tree_NestedCV,0,0,0.7941176470588235
57.86,SLO1,Logistic_Regression,2,3,0.2881154709810407
57.86,SLO1,Decision_Tree_NestedCV,2,0,0.24705882352941178
6.77,SLO1,Logistic_Regression,1,2,0.05927627529340502
6.77,SLO1,Decision_Tree_NestedCV,1,0,0.10588235294117647
65.86,NBA,Logistic_Regression,2,3,0.17801019424398853
65.86,NBA,Decision_Tree_NestedCV,2,0,0.21965317919075145
35.75,NBA,Logistic_Regression,0,0,0.942837352770309
35.75,NBA,Decision_Tree_NestedCV,0,0,0.9720812182741116
35.54,SLO1,Logistic_Regression,3,3,0.8554831375948184
35.54,SLO1,Decision_Tree_NestedCV,3,3,0.8901515151515151
36.3,NBA,Logistic_Regression,5,3,0.07266864937689772
36.3,NBA,Decision_Tree_NestedCV,5,3,0.0635593220338983
31.18,EURO,Logistic_Regression,0,0,0.9440809386326824
31.18,EURO,Decision_Tree_NestedCV,0,0,0.9720812182741116
50.76,U14,Logistic_Regression,4,3,0.23433248582074498
50.76,U14,Decision_Tree_NestedCV,4,3,0.045454545454545456
41.52,NBA,Logistic_Regression,0,0,0.9429780318093414
41.52,NBA,Decision_Tree_NestedCV,0,0,0.9720812182741116
45.54,EURO,Logistic_Regression,0,0,0.9530423829112872
45.54,EURO,Decision_Tree_NestedCV,0,0,0.9720812182741116
87.67,NBA,Logistic_Regression,0,0,0.9134780773125915
87.67,NBA,Decision_Tree_NestedCV,0,0,0.9720812182741116
53.33,NBA,Logistic_Regression,3,3,0.4702046656086375
53.33,NBA,Decision_Tree_NestedCV,3,3,0.5254237288135594
68.24,EURO,Logistic_Regression,5,0,0.037662244962748316
68.24,EURO,Decision_Tree_NestedCV,5,3,0.0635593220338983
1.05,SLO1,Logistic_Regression,0,0,0.9335783532875075
1.05,SLO1,Decision_Tree_NestedCV,0,0,0.9720812182741116
53.11,NBA,Logistic_Regression,3,3,0.8051052580825107
53.11,NBA,Decision_Tree_NestedCV,3,3,0.8901515151515151
1.06,SLO1,Logistic_Regression,3,0,0.11901991118002814
1.06,SLO1,Decision_Tree_NestedCV,3,0,0.0
66.81,U14,Logistic_Regression,0,0,0.741652799159524
66.81,U14,Decision_Tree_NestedCV,0,0,1.0
58.71,NBA,Logistic_Regression,0,0,0.6855564043396649
58.71,NBA,Decision_Tree_NestedCV,0,2,0.4253731343283582
61.47,U14,Logistic_Regression,0,0,0.7917164911180214
61.47,U14,Decision_Tree_NestedCV,0,0,0.925
42.78,SLO1,Logistic_Regression,2,3,0.2925835000647687
42.78,SLO1,Decision_Tree_NestedCV,2,0,0.24705882352941178
55.01,SLO1,Logistic_Regression,0,3,0.23190908340261848
55.01,SLO1,Decision_Tree_NestedCV,0,0,0.4117647058823529
42.83,U16,Logistic_Regression,0,0,0.9561558866869686
42.83,U16,Decision_Tree_NestedCV,0,0,0.9720812182741116
0.0,NBA,Logistic_Regression,2,0,0.2976576509856113
0.0,NBA,Decision_Tree_NestedCV,2,2,0.43283582089552236
86.92,EURO,Logistic_Regression,0,3,0.24652417623065093
86.92,EURO,Decision_Tree_NestedCV,0,3,0.18220338983050846
84.0,EURO,Logistic_Regression,0,0,0.7804514853858396
84.0,EURO,Decision_Tree_NestedCV,0,0,0.8229166666666666
49.97,U16,Logistic_Regression,0,0,0.9301362171955146
49.97,U16,Decision_Tree_NestedCV,0,0,0.9720812182741116
7.68,EURO,Logistic_Regression,0,2,0.157693390854583
7.68,EURO,Decision_Tree_NestedCV,0,3,0.18220338983050846
25.43,SLO1,Logistic_Regression,0,0,0.9647877635826329
25.43,SLO1,Decision_Tree_NestedCV,0,0,0.9720812182741116
27.44,NBA,Logistic_Regression,5,1,0.06745586482741166
27.44,NBA,Decision_Tree_NestedCV,5,3,0.0635593220338983
67.88,SLO1,Logistic_Regression,0,0,0.9651748565450738
67.88,SLO1,Decision_Tree_NestedCV,0,0,0.9720812182741116
10.03,EURO,Logistic_Regression,2,0,0.4051237608432345
10.03,EURO,Decision_Tree_NestedCV,2,2,0.43283582089552236
21.58,NBA,Logistic_Regression,4,0,0.07025395493572728
21.58,NBA,Decision_Tree_NestedCV,4,0,0.018274111675126905
37.04,NBA,Logistic_Regression,4,4,0.9583699434205015
37.04,NBA,Decision_Tree_NestedCV,4,4,0.8979591836734694
11.39,SLO1,Logistic_Regression,0,2,0.20515461736291613
11.39,SLO1,Decision_Tree_NestedCV,0,2,0.22826086956521738
11.85,NBA,Logistic_Regression,0,0,0.9319905748858055
11.85,NBA,Decision_Tree_NestedCV,0,0,0.9720812182741116
49.06,EURO,Logistic_Regression,0,0,0.949524273893323
49.06,EURO,Decision_Tree_NestedCV,0,0,0.9720812182741116
77.03,EURO,Logistic_Regression,3,3,0.8537338727969472
77.03,EURO,Decision_Tree_NestedCV,3,3,1.0
35.89,SLO1,Logistic_Regression,2,2,0.3249909938663238
35.89,SLO1,Decision_Tree_NestedCV,2,0,0.24705882352941178
23.85,SLO1,Logistic_Regression,0,0,0.9609999973480812
23.85,SLO1,Decision_Tree_NestedCV,0,0,0.9720812182741116
0.83,U14,Logistic_Regression,0,0,0.8133837931164279
0.83,U14,Decision_Tree_NestedCV,0,0,0.925
52.99,U14,Logistic_Regression,3,3,0.7414742894983078
52.99,U14,Decision_Tree_NestedCV,3,3,0.8901515151515151
60.91,U14,Logistic_Regression,0,0,0.9045215500849458
60.91,U14,Decision_Tree_NestedCV,0,4,0.28
65.27,U14,Logistic_Regression,3,3,0.8881018227712887
65.27,U14,Decision_Tree_NestedCV,3,3,0.8901515151515151
78.83,EURO,Logistic_Regression,3,3,0.7935052823170256
78.83,EURO,Decision_Tree_NestedCV,3,3,1.0
15.39,U14,Logistic_Regression,4,0,0.08712869883256645
15.39,U14,Decision_Tree_NestedCV,4,0,0.21481481481481482
77.97,EURO,Logistic_Regression,0,0,0.9363161274434739
77.97,EURO,Decision_Tree_NestedCV,0,0,0.9720812182741116
45.76,U14,Logistic_Regression,3,3,0.5438980685076777
45.76,U14,Decision_Tree_NestedCV,3,3,0.5254237288135594
24.83,EURO,Logistic_Regression,1,2,0.19342260202789105
24.83,EURO,Decision_Tree_NestedCV,1,3,0.09533898305084745
54.29,U14,Logistic_Regression,0,0,0.554782312575601
54.29,U14,Decision_Tree_NestedCV,0,0,0.631578947368421
86.57,SLO1,Logistic_Regression,0,0,0.9648633214949137
86.57,SLO1,Decision_Tree_NestedCV,0,0,0.9720812182741116
78.7,SLO1,Logistic_Regression,2,0,0.2416560201355734
78.7,SLO1,Decision_Tree_NestedCV,2,2,0.43283582089552236
48.87,U16,Logistic_Regression,0,0,0.9399600610557162
48.87,U16,Decision_Tree_NestedCV,0,0,0.9720812182741116
61.7,U14,Logistic_Regression,3,3,0.6443066383442982
61.7,U14,Decision_Tree_NestedCV,3,3,0.5254237288135594
85.61,EURO,Logistic_Regression,2,0,0.2824602290277361
85.61,EURO,Decision_Tree_NestedCV,2,2,0.43283582089552236
81.47,NBA,Logistic_Regression,0,0,0.9405350370103729
81.47,NBA,Decision_Tree_NestedCV,0,0,0.9720812182741116
68.24,SLO1,Logistic_Regression,2,3,0.23466702760127572
68.24,SLO1,Decision_Tree_NestedCV,2,0,0.24705882352941178
34.58,SLO1,Logistic_Regression,2,0,0.3005259488913079
34.58,SLO1,Decision_Tree_NestedCV,2,2,0.43283582089552236
59.43,EURO,Logistic_Regression,0,0,0.9432827283908558
59.43,EURO,Decision_Tree_NestedCV,0,0,0.9720812182741116
73.18,U16,Logistic_Regression,0,0,0.8387138693059537
73.18,U16,Decision_Tree_NestedCV,0,0,0.8229166666666666
87.49,EURO,Logistic_Regression,0,0,0.9471056726157187
87.49,EURO,Decision_Tree_NestedCV,0,0,0.9720812182741116
65.66,U14,Logistic_Regression,0,3,0.2810832798824339
65.66,U14,Decision_Tree_NestedCV,0,3,0.18220338983050846
24.48,SLO1,Logistic_Regression,0,0,0.9628763887238131
24.48,SLO1,Decision_Tree_NestedCV,0,0,0.9720812182741116
13.79,SLO1,Logistic_Regression,0,0,0.9617372925764189
13.79,SLO1,Decision_Tree_NestedCV,0,0,0.9720812182741116
81.25,SLO1,Logistic_Regression,0,0,0.9602819239194897
81.25,SLO1,Decision_Tree_NestedCV,0,0,0.9720812182741116
0.92,U14,Logistic_Regression,0,0,0.7938798883649666
0.92,U14,Decision_Tree_NestedCV,0,0,0.925
81.04,NBA,Logistic_Regression,0,0,0.940627563973832
81.04,NBA,Decision_Tree_NestedCV,0,0,0.9720812182741116
34.32,SLO1,Logistic_Regression,0,0,0.9608141073534879
34.32,SLO1,Decision_Tree_NestedCV,0,0,0.9720812182741116
80.45,EURO,Logistic_Regression,0,0,0.949637054901724
80.45,EURO,Decision_Tree_NestedCV,0,0,0.9720812182741116
68.3,U14,Logistic_Regression,0,3,0.2337567678810522
68.3,U14,Decision_Tree_NestedCV,0,3,0.18220338983050846
62.72,NBA,Logistic_Regression,2,0,0.14821384549529484
62.72,NBA,Decision_Tree_NestedCV,2,2,0.43283582089552236
18.22,EURO,Logistic_Regression,0,0,0.9197798622570739
18.22,EURO,Decision_Tree_NestedCV,0,0,0.9720812182741116
42.23,EURO,Logistic_Regression,0,0,0.9481811708103711
42.23,EURO,Decision_Tree_NestedCV,0,0,0.9720812182741116
4.14,U14,Logistic_Regression,0,0,0.8140760101664024
4.14,U14,Decision_Tree_NestedCV,0,0,0.925
63.46,NBA,Logistic_Regression,4,0,0.2274428958964464
63.46,NBA,Decision_Tree_NestedCV,4,0,0.17647058823529413
47.53,SLO1,Logistic_Regression,2,2,0.335528333905714
47.53,SLO1,Decision_Tree_NestedCV,2,0,0.24705882352941178
22.95,U16,Logistic_Regression,3,3,0.45273047211369777
22.95,U16,Decision_Tree_NestedCV,3,3,0.5254237288135594
0.0,SLO1,Logistic_Regression,0,2,0.18197421174333472
0.0,SLO1,Decision_Tree_NestedCV,0,0,0.4117647058823529
60.04,U14,Logistic_Regression,0,0,0.4745096228417092
60.04,U14,Decision_Tree_NestedCV,0,0,0.7941176470588235
87.06,EURO,Logistic_Regression,0,0,0.9541304945723621
87.06,EURO,Decision_Tree_NestedCV,0,0,0.9720812182741116
30.35,NBA,Logistic_Regression,0,0,0.943506927379011
30.35,NBA,Decision_Tree_NestedCV,0,0,0.9720812182741116
46.07,EURO,Logistic_Regression,5,2,0.15167818957400997
46.07,EURO,Decision_Tree_NestedCV,5,3,0.0635593220338983
80.76,EURO,Logistic_Regression,4,3,0.13786568699459298
80.76,EURO,Decision_Tree_NestedCV,4,3,0.0
59.97,U14,Logistic_Regression,3,3,0.7696116707298032
59.97,U14,Decision_Tree_NestedCV,3,3,0.8901515151515151
53.11,NBA,Logistic_Regression,3,3,0.8615812988917073
53.11,NBA,Decision_Tree_NestedCV,3,3,0.8901515151515151
26.5,EURO,Logistic_Regression,0,0,0.9499851261194838
26.5,EURO,Decision_Tree_NestedCV,0,0,0.9720812182741116
82.08,EURO,Logistic_Regression,0,0,0.7880456165489542
82.08,EURO,Decision_Tree_NestedCV,0,0,0.8229166666666666
3.36,SLO1,Logistic_Regression,0,0,0.9628481068160318
3.36,SLO1,Decision_Tree_NestedCV,0,0,0.9720812182741116
88.45,NBA,Logistic_Regression,0,0,0.9383601011157201
88.45,NBA,Decision_Tree_NestedCV,0,0,0.9720812182741116
54.7,U14,Logistic_Regression,0,4,0.3766321705079677
54.7,U14,Decision_Tree_NestedCV,0,0,0.7941176470588235
52.73,NBA,Logistic_Regression,0,0,0.94335793401756
52.73,NBA,Decision_Tree_NestedCV,0,0,0.9720812182741116
64.86,SLO1,Logistic_Regression,0,0,0.9229468740325927
64.86,SLO1,Decision_Tree_NestedCV,0,0,0.9720812182741116
56.52,NBA,Logistic_Regression,3,3,0.6993262152338227
56.52,NBA,Decision_Tree_NestedCV,3,3,0.3925233644859813
88.35,SLO1,Logistic_Regression,0,0,0.9606447886401402
88.35,SLO1,Decision_Tree_NestedCV,0,0,0.9720812182741116
60.39,NBA,Logistic_Regression,0,0,0.9142089207974241
60.39,NBA,Decision_Tree_NestedCV,0,0,0.9720812182741116
36.39,SLO1,Logistic_Regression,5,3,0.16540647417323465
36.39,SLO1,Decision_Tree_NestedCV,5,2,0.08823529411764706
56.81,NBA,Logistic_Regression,0,0,0.9209208735117083
56.81,NBA,Decision_Tree_NestedCV,0,0,0.9720812182741116
24.65,SLO1,Logistic_Regression,0,0,0.9624605965724442
24.65,SLO1,Decision_Tree_NestedCV,0,0,0.9720812182741116
1.92,SLO1,Logistic_Regression,2,2,0.4338386984988283
1.92,SLO1,Decision_Tree_NestedCV,2,2,0.43283582089552236
86.59,NBA,Logistic_Regression,0,0,0.9389173447548257
86.59,NBA,Decision_Tree_NestedCV,0,0,0.9720812182741116
34.8,EURO,Logistic_Regression,0,0,0.9673267269259382
34.8,EURO,Decision_Tree_NestedCV,0,4,0.0
0.83,SLO1,Logistic_Regression,0,0,0.9604517207487675
0.83,SLO1,Decision_Tree_NestedCV,0,0,0.9720812182741116
56.77,NBA,Logistic_Regression,3,0,0.22324238014447648
56.77,NBA,Decision_Tree_NestedCV,3,2,0.08208955223880597
64.87,NBA,Logistic_Regression,3,3,0.3158313314818421
64.87,NBA,Decision_Tree_NestedCV,3,3,0.5254237288135594
61.5,SLO1,Logistic_Regression,4,0,0.03261256777794488
61.5,SLO1,Decision_Tree_NestedCV,4,0,0.018274111675126905
71.09,EURO,Logistic_Regression,3,3,0.3547324213219167
71.09,EURO,Decision_Tree_NestedCV,3,3,0.5254237288135594
67.43,EURO,Logistic_Regression,2,0,0.2858535890035003
67.43,EURO,Decision_Tree_NestedCV,2,0,0.21965317919075145
26.5,EURO,Logistic_Regression,0,0,0.9472108662253044
26.5,EURO,Decision_Tree_NestedCV,0,0,0.9720812182741116
14.07,EURO,Logistic_Regression,4,4,0.6006780784581907
14.07,EURO,Decision_Tree_NestedCV,4,4,0.6923076923076923
34.84,EURO,Logistic_Regression,0,0,0.9031955662927355
34.84,EURO,Decision_Tree_NestedCV,0,0,0.9720812182741116
65.38,EURO,Logistic_Regression,2,0,0.29672399213777667
65.38,EURO,Decision_Tree_NestedCV,2,3,0.0847457627118644
14.4,SLO1,Logistic_Regression,3,2,0.21259636426186712
14.4,SLO1,Decision_Tree_NestedCV,3,2,0.29411764705882354
80.1,EURO,Logistic_Regression,0,0,0.9474422096190354
80.1,EURO,Decision_Tree_NestedCV,0,0,0.9720812182741116
1.91,NBA,Logistic_Regression,0,0,0.9342240326644964
1.91,NBA,Decision_Tree_NestedCV,0,0,0.9720812182741116
28.78,U14,Logistic_Regression,4,0,0.10861490136545376
28.78,U14,Decision_Tree_NestedCV,4,0,0.21481481481481482
62.44,U16,Logistic_Regression,3,3,0.5549164446850812
62.44,U16,Decision_Tree_NestedCV,3,3,0.5254237288135594
42.75,SLO1,Logistic_Regression,3,3,0.5952820792794387
42.75,SLO1,Decision_Tree_NestedCV,3,3,0.8737864077669902
18.02,SLO1,Logistic_Regression,0,0,0.9208639174254866
18.02,SLO1,Decision_Tree_NestedCV,0,0,0.9720812182741116
32.56,U14,Logistic_Regression,0,0,0.9163804899396868
32.56,U14,Decision_Tree_NestedCV,0,0,0.7851851851851852
65.61,EURO,Logistic_Regression,4,4,0.6761096140323937
65.61,EURO,Decision_Tree_NestedCV,4,4,0.6923076923076923
39.23,U14,Logistic_Regression,3,3,0.5004330663014703
39.23,U14,Decision_Tree_NestedCV,3,3,0.5254237288135594
52.4,NBA,Logistic_Regression,3,0,0.3272271736179175
52.4,NBA,Decision_Tree_NestedCV,3,3,0.5254237288135594
52.37,U16,Logistic_Regression,0,0,0.8075726750435208
52.37,U16,Decision_Tree_NestedCV,0,0,0.8229166666666666
65.03,SLO1,Logistic_Regression,0,0,0.9018320192217832
65.03,SLO1,Decision_Tree_NestedCV,0,0,0.9720812182741116
55.17,U14,Logistic_Regression,0,0,0.8851480548060034
55.17,U14,Decision_Tree_NestedCV,0,4,0.28
43.12,U16,Logistic_Regression,3,3,0.44580869274920604
43.12,U16,Decision_Tree_NestedCV,3,3,0.5254237288135594
41.49,EURO,Logistic_Regression,2,0,0.38148468239066824
41.49,EURO,Decision_Tree_NestedCV,2,0,0.21965317919075145
62.28,U14,Logistic_Regression,0,0,0.4398246706433261
62.28,U14,Decision_Tree_NestedCV,0,0,0.7941176470588235
32.56,U16,Logistic_Regression,0,0,0.9410713622409769
32.56,U16,Decision_Tree_NestedCV,0,0,0.9720812182741116
54.26,EURO,Logistic_Regression,0,0,0.948491088569415
54.26,EURO,Decision_Tree_NestedCV,0,0,0.9720812182741116
21.08,EURO,Logistic_Regression,0,0,0.9020783981846431
21.08,EURO,Decision_Tree_NestedCV,0,0,0.9720812182741116
21.87,U14,Logistic_Regression,0,0,0.579199628976012
21.87,U14,Decision_Tree_NestedCV,0,0,0.7741935483870968
21.31,EURO,Logistic_Regression,5,3,0.1385210873180408
21.31,EURO,Decision_Tree_NestedCV,5,3,0.0635593220338983
3.18,NBA,Logistic_Regression,2,0,0.16473283463859828
3.18,NBA,Decision_Tree_NestedCV,2,0,0.13541666666666666
26.86,EURO,Logistic_Regression,0,0,0.9568971864664826
26.86,EURO,Decision_Tree_NestedCV,0,0,0.9720812182741116
83.94,EURO,Logistic_Regression,0,0,0.6680026681302212
83.94,EURO,Decision_Tree_NestedCV,0,0,0.4
43.54,U16,Logistic_Regression,3,0,0.362403136135185
43.54,U16,Decision_Tree_NestedCV,3,0,0.20809248554913296
5.15,NBA,Logistic_Regression,0,0,0.9474790400283356
5.15,NBA,Decision_Tree_NestedCV,0,0,0.9720812182741116
9.29,NBA,Logistic_Regression,0,0,0.7137189744506574
9.29,NBA,Decision_Tree_NestedCV,0,4,0.0
14.99,EURO,Logistic_Regression,0,0,0.954930790269293
14.99,EURO,Decision_Tree_NestedCV,0,0,0.9720812182741116
66.92,EURO,Logistic_Regression,2,2,0.3491577981253239
66.92,EURO,Decision_Tree_NestedCV,2,0,0.21965317919075145
73.56,EURO,Logistic_Regression,4,3,0.19748630844661927
73.56,EURO,Decision_Tree_NestedCV,4,3,0.3644859813084112
77.37,EURO,Logistic_Regression,0,0,0.9470661786051934
77.37,EURO,Decision_Tree_NestedCV,0,0,0.9720812182741116
58.36,U14,Logistic_Regression,4,4,0.4868751064499816
58.36,U14,Decision_Tree_NestedCV,4,4,0.6923076923076923
50.89,SLO1,Logistic_Regression,3,3,0.38578499834501595
50.89,SLO1,Decision_Tree_NestedCV,3,0,0.20809248554913296
27.15,NBA,Logistic_Regression,0,0,0.9461244300744093
27.15,NBA,Decision_Tree_NestedCV,0,0,0.9720812182741116
30.71,U16,Logistic_Regression,2,0,0.27334764442426024
30.71,U16,Decision_Tree_NestedCV,2,4,0.07692307692307693
55.92,EURO,Logistic_Regression,3,3,0.72642718751219
55.92,EURO,Decision_Tree_NestedCV,3,3,0.8901515151515151
18.71,U14,Logistic_Regression,2,3,0.19563204736322293
18.71,U14,Decision_Tree_NestedCV,2,3,0.0847457627118644
20.84,SLO1,Logistic_Regression,0,0,0.45277965598416564
20.84,SLO1,Decision_Tree_NestedCV,0,2,0.4253731343283582
1.93,NBA,Logistic_Regression,0,0,0.9334486601678545
1.93,NBA,Decision_Tree_NestedCV,0,0,0.9720812182741116
59.62,SLO1,Logistic_Regression,0,3,0.24963052149553291
59.62,SLO1,Decision_Tree_NestedCV,0,0,0.4117647058823529
3.42,EURO,Logistic_Regression,0,0,0.8939578096270878
3.42,EURO,Decision_Tree_NestedCV,0,0,0.9720812182741116
38.91,EURO,Logistic_Regression,0,0,0.9608427426699387
38.91,EURO,Decision_Tree_NestedCV,0,0,0.9720812182741116
0.8,SLO1,Logistic_Regression,0,0,0.9686131473340845
0.8,SLO1,Decision_Tree_NestedCV,0,0,0.9720812182741116
51.15,EURO,Logistic_Regression,0,0,0.9493687915229927
51.15,EURO,Decision_Tree_NestedCV,0,0,0.9720812182741116
57.01,U14,Logistic_Regression,0,0,0.4576061156391013
57.01,U14,Decision_Tree_NestedCV,0,0,0.7941176470588235
80.44,SLO1,Logistic_Regression,0,0,0.9400685790207894
80.44,SLO1,Decision_Tree_NestedCV,0,0,0.9720812182741116
53.76,EURO,Logistic_Regression,0,0,0.9476286496500359
53.76,EURO,Decision_Tree_NestedCV,0,0,0.9720812182741116
89.41,SLO1,Logistic_Regression,0,0,0.9564915449146828
89.41,SLO1,Decision_Tree_NestedCV,0,0,0.9720812182741116
46.1,EURO,Logistic_Regression,0,0,0.9562248646756981
46.1,EURO,Decision_Tree_NestedCV,0,0,0.9720812182741116
31.67,NBA,Logistic_Regression,2,1,0.22855670057062794
31.67,NBA,Decision_Tree_NestedCV,2,3,0.0847457627118644
16.0,EURO,Logistic_Regression,2,2,0.49363126388765605
16.0,EURO,Decision_Tree_NestedCV,2,2,0.43283582089552236
86.1,U16,Logistic_Regression,0,0,0.9368011392763644
86.1,U16,Decision_Tree_NestedCV,0,0,0.9720812182741116
37.99,EURO,Logistic_Regression,4,4,0.337998321868175
37.99,EURO,Decision_Tree_NestedCV,4,4,0.6923076923076923
58.33,U16,Logistic_Regression,3,3,0.8741336827787979
58.33,U16,Decision_Tree_NestedCV,3,3,0.8901515151515151
50.49,U14,Logistic_Regression,4,0,0.11700885887632458
50.49,U14,Decision_Tree_NestedCV,4,0,0.21481481481481482
58.33,EURO,Logistic_Regression,3,3,0.4456912751776938
58.33,EURO,Decision_Tree_NestedCV,3,3,0.5254237288135594
83.99,NBA,Logistic_Regression,0,0,0.9392421749904899
83.99,NBA,Decision_Tree_NestedCV,0,0,0.9720812182741116
46.38,NBA,Logistic_Regression,3,3,0.7760687641999201
46.38,NBA,Decision_Tree_NestedCV,3,3,0.8901515151515151
77.47,SLO1,Logistic_Regression,0,0,0.9613143954500525
77.47,SLO1,Decision_Tree_NestedCV,0,0,0.9720812182741116
45.09,SLO1,Logistic_Regression,2,0,0.30223296412862655
45.09,SLO1,Decision_Tree_NestedCV,2,0,0.35
87.91,SLO1,Logistic_Regression,0,0,0.9566875093575243
87.91,SLO1,Decision_Tree_NestedCV,0,0,0.9720812182741116
84.04,NBA,Logistic_Regression,0,0,0.9490117239576465
84.04,NBA,Decision_Tree_NestedCV,0,0,0.9720812182741116
14.03,NBA,Logistic_Regression,0,0,0.943548136085378
14.03,NBA,Decision_Tree_NestedCV,0,0,0.9720812182741116
18.83,EURO,Logistic_Regression,4,2,0.006087365796267223
18.83,EURO,Decision_Tree_NestedCV,4,3,0.048728813559322036
25.62,U14,Logistic_Regression,0,0,0.45352822778481755
25.62,U14,Decision_Tree_NestedCV,0,0,0.7741935483870968
88.33,EURO,Logistic_Regression,0,0,0.9455573346899134
88.33,EURO,Decision_Tree_NestedCV,0,0,0.9720812182741116
68.51,SLO1,Logistic_Regression,0,0,0.9625154335485807
68.51,SLO1,Decision_Tree_NestedCV,0,0,0.9720812182741116
78.94,U16,Logistic_Regression,3,3,0.6725090764244211
78.94,U16,Decision_Tree_NestedCV,3,3,0.5254237288135594
79.0,EURO,Logistic_Regression,0,0,0.9490111075344974
79.0,EURO,Decision_Tree_NestedCV,0,0,0.9720812182741116
2.94,EURO,Logistic_Regression,0,0,0.9571846046842933
2.94,EURO,Decision_Tree_NestedCV,0,0,0.9720812182741116
3.86,U16,Logistic_Regression,0,0,0.9404452330250648
3.86,U16,Decision_Tree_NestedCV,0,0,0.9720812182741116
12.56,NBA,Logistic_Regression,0,0,0.927385700317188
12.56,NBA,Decision_Tree_NestedCV,0,0,0.9720812182741116
47.57,NBA,Logistic_Regression,0,0,0.9347540518942061
47.57,NBA,Decision_Tree_NestedCV,0,0,0.9720812182741116
50.76,EURO,Logistic_Regression,2,2,0.3494199758645887
50.76,EURO,Decision_Tree_NestedCV,2,3,0.0847457627118644
64.69,U14,Logistic_Regression,0,0,0.8402026724138218
64.69,U14,Decision_Tree_NestedCV,0,0,0.925
40.22,NBA,Logistic_Regression,0,0,0.8857338594940444
40.22,NBA,Decision_Tree_NestedCV,0,0,0.9720812182741116
44.93,SLO1,Logistic_Regression,0,0,0.9629302701455054
44.93,SLO1,Decision_Tree_NestedCV,0,0,0.9720812182741116
28.47,NBA,Logistic_Regression,0,0,0.9517203967237192
28.47,NBA,Decision_Tree_NestedCV,0,0,0.9720812182741116
48.91,EURO,Logistic_Regression,0,0,0.937168480701114
48.91,EURO,Decision_Tree_NestedCV,0,0,0.9720812182741116
82.67,NBA,Logistic_Regression,0,3,0.2365438736509017
82.67,NBA,Decision_Tree_NestedCV,0,3,0.18220338983050846
81.75,EURO,Logistic_Regression,0,0,0.9467266019925411
81.75,EURO,Decision_Tree_NestedCV,0,0,0.9720812182741116
17.18,U14,Logistic_Regression,2,0,0.12571270882308805
17.18,U14,Decision_Tree_NestedCV,2,0,0.0967741935483871
56.67,NBA,Logistic_Regression,0,0,0.951196489517814
56.67,NBA,Decision_Tree_NestedCV,0,0,0.9720812182741116
2.59,SLO1,Logistic_Regression,4,0,0.025335649699407495
2.59,SLO1,Decision_Tree_NestedCV,4,0,0.018274111675126905
77.91,EURO,Logistic_Regression,4,0,0.3853040874050218
77.91,EURO,Decision_Tree_NestedCV,4,4,0.8979591836734694
32.22,NBA,Logistic_Regression,0,0,0.9436393317637257
32.22,NBA,Decision_Tree_NestedCV,0,0,0.9720812182741116
28.04,U14,Logistic_Regression,0,0,0.8767704999035034
28.04,U14,Decision_Tree_NestedCV,0,0,0.7851851851851852
87.37,SLO1,Logistic_Regression,3,0,0.0006802443507607635
87.37,SLO1,Decision_Tree_NestedCV,3,4,0.04081632653061224
30.73,U14,Logistic_Regression,0,0,0.8753951987006257
30.73,U14,Decision_Tree_NestedCV,0,0,0.7851851851851852
75.68,SLO1,Logistic_Regression,0,0,0.9612820084455233
75.68,SLO1,Decision_Tree_NestedCV,0,0,0.9720812182741116
23.44,NBA,Logistic_Regression,0,0,0.921415103698184
23.44,NBA,Decision_Tree_NestedCV,0,0,0.9720812182741116
68.15,EURO,Logistic_Regression,4,4,0.8273923687710363
68.15,EURO,Decision_Tree_NestedCV,4,4,0.8979591836734694
25.18,SLO1,Logistic_Regression,0,0,0.9611527256803705
25.18,SLO1,Decision_Tree_NestedCV,0,0,0.9720812182741116
77.47,EURO,Logistic_Regression,0,0,0.947520074533295
77.47,EURO,Decision_Tree_NestedCV,0,0,0.9720812182741116
2.55,SLO1,Logistic_Regression,0,0,0.6309239757720634
2.55,SLO1,Decision_Tree_NestedCV,0,0,0.4
46.61,EURO,Logistic_Regression,3,2,0.12202812339100566
46.61,EURO,Decision_Tree_NestedCV,3,2,0.08208955223880597
49.15,NBA,Logistic_Regression,0,0,0.9412529026994328
49.15,NBA,Decision_Tree_NestedCV,0,0,0.9720812182741116
41.86,EURO,Logistic_Regression,4,4,0.4345544997072637
41.86,EURO,Decision_Tree_NestedCV,4,4,1.0
40.86,EURO,Logistic_Regression,5,2,0.1681732365789836
40.86,EURO,Decision_Tree_NestedCV,5,3,0.0635593220338983
64.14,U14,Logistic_Regression,4,3,0.10763349274559701
64.14,U14,Decision_Tree_NestedCV,4,3,0.045454545454545456
14.4,SLO1,Logistic_Regression,5,3,0.1942680740127025
14.4,SLO1,Decision_Tree_NestedCV,5,2,0.08823529411764706
1.26,SLO1,Logistic_Regression,0,0,0.959957100944614
1.26,SLO1,Decision_Tree_NestedCV,0,0,0.9720812182741116
53.24,EURO,Logistic_Regression,0,0,0.9493924945175576
53.24,EURO,Decision_Tree_NestedCV,0,0,0.9720812182741116
27.95,SLO1,Logistic_Regression,0,0,0.9132269129930871
27.95,SLO1,Decision_Tree_NestedCV,0,0,0.9720812182741116
8.35,U14,Logistic_Regression,0,0,0.8883204010501714
8.35,U14,Decision_Tree_NestedCV,0,0,0.7851851851851852
52.34,SLO1,Logistic_Regression,2,3,0.3122627818542246
52.34,SLO1,Decision_Tree_NestedCV,2,0,0.24705882352941178
0.0,NBA,Logistic_Regression,0,2,0.23877981145088326
0.0,NBA,Decision_Tree_NestedCV,0,2,0.22826086956521738
37.08,U14,Logistic_Regression,3,3,0.47380382702395046
37.08,U14,Decision_Tree_NestedCV,3,3,0.3925233644859813
87.12,EURO,Logistic_Regression,3,3,0.3262488530336761
87.12,EURO,Decision_Tree_NestedCV,3,3,0.5254237288135594
41.88,SLO1,Logistic_Regression,0,0,0.9674164999765196
41.88,SLO1,Decision_Tree_NestedCV,0,0,0.9720812182741116
46.66,U14,Logistic_Regression,0,0,0.9090761471430673
46.66,U14,Decision_Tree_NestedCV,0,0,0.7851851851851852
63.84,U14,Logistic_Regression,0,0,0.45869535366644343
63.84,U14,Decision_Tree_NestedCV,0,0,0.631578947368421
19.49,SLO1,Logistic_Regression,0,0,0.9655895894636348
19.49,SLO1,Decision_Tree_NestedCV,0,0,0.9720812182741116
29.91,SLO1,Logistic_Regression,0,2,0.34572360180079603
29.91,SLO1,Decision_Tree_NestedCV,0,0,0.32947976878612717
18.83,SLO1,Logistic_Regression,3,2,0.22657802767850094
18.83,SLO1,Decision_Tree_NestedCV,3,2,0.29411764705882354
24.85,SLO1,Logistic_Regression,0,0,0.9630549712754067
24.85,SLO1,Decision_Tree_NestedCV,0,0,0.9720812182741116
58.27,U14,Logistic_Regression,4,0,0.09272386381572696
58.27,U14,Decision_Tree_NestedCV,4,4,0.72
67.79,EURO,Logistic_Regression,3,3,0.6723815932818766
67.79,EURO,Decision_Tree_NestedCV,3,3,0.3925233644859813
87.04,U16,Logistic_Regression,4,0,0.05520275947848974
87.04,U16,Decision_Tree_NestedCV,4,0,0.018274111675126905
50.89,EURO,Logistic_Regression,3,3,0.6634587243336443
50.89,EURO,Decision_Tree_NestedCV,3,3,0.3925233644859813
49.38,U16,Logistic_Regression,0,0,0.9412586799369763
49.38,U16,Decision_Tree_NestedCV,0,0,0.9720812182741116
57.98,NBA,Logistic_Regression,2,3,0.11818244808826375
57.98,NBA,Decision_Tree_NestedCV,2,3,0.0951219512195122
1.79,SLO1,Logistic_Regression,3,3,0.5639457204123853
1.79,SLO1,Decision_Tree_NestedCV,3,3,0.8446601941747572
37.57,EURO,Logistic_Regression,2,0,0.3199635101576868
37.57,EURO,Decision_Tree_NestedCV,2,2,0.4713656387665198
7.47,EURO,Logistic_Regression,3,3,0.47751651427929653
7.47,EURO,Decision_Tree_NestedCV,3,3,0.43617021276595747
89.82,NBA,Logistic_Regression,0,0,0.9421859479114117
89.82,NBA,Decision_Tree_NestedCV,0,0,0.9776286353467561
1.22,SLO1,Logistic_Regression,0,0,0.9652035656718477
1.22,SLO1,Decision_Tree_NestedCV,0,0,0.9776286353467561
58.14,SLO1,Logistic_Regression,1,2,0.07909359440467284
58.14,SLO1,Decision_Tree_NestedCV,1,2,0.0778688524590164
78.0,SLO1,Logistic_Regression,2,3,0.2292453029662619
78.0,SLO1,Decision_Tree_NestedCV,2,0,0.2962962962962963
26.4,NBA,Logistic_Regression,0,0,0.9509727051019888
26.4,NBA,Decision_Tree_NestedCV,0,0,0.9776286353467561
76.5,SLO1,Logistic_Regression,4,0,0.1368041469484394
76.5,SLO1,Decision_Tree_NestedCV,4,0,0.15853658536585366
8.46,U14,Logistic_Regression,0,4,0.17846043470037634
8.46,U14,Decision_Tree_NestedCV,0,3,0.19148936170212766
21.46,SLO1,Logistic_Regression,0,0,0.944298464185727
21.46,SLO1,Decision_Tree_NestedCV,0,0,0.9776286353467561
24.6,EURO,Logistic_Regression,0,0,0.8948719594232883
24.6,EURO,Decision_Tree_NestedCV,0,0,0.9776286353467561
67.84,SLO1,Logistic_Regression,3,3,0.7438906136128474
67.84,SLO1,Decision_Tree_NestedCV,3,3,0.8446601941747572
77.95,U14,Logistic_Regression,4,0,0.08846730882403876
77.95,U14,Decision_Tree_NestedCV,4,0,0.5
51.55,NBA,Logistic_Regression,4,0,0.20779839556350743
51.55,NBA,Decision_Tree_NestedCV,4,0,0.0
72.34,EURO,Logistic_Regression,0,2,0.19438804603140092
72.34,EURO,Decision_Tree_NestedCV,0,3,0.2097560975609756
64.48,U14,Logistic_Regression,3,3,0.8229996013744771
64.48,U14,Decision_Tree_NestedCV,3,3,0.9094827586206896
18.22,EURO,Logistic_Regression,0,0,0.9125177803809337
18.22,EURO,Decision_Tree_NestedCV,0,0,0.9776286353467561
48.3,SLO1,Logistic_Regression,3,3,0.8871721511175773
48.3,SLO1,Decision_Tree_NestedCV,3,3,0.9094827586206896
70.94,EURO,Logistic_Regression,3,3,0.3614810962397636
70.94,EURO,Decision_Tree_NestedCV,3,3,0.44390243902439025
44.41,NBA,Logistic_Regression,0,0,0.862095510894062
44.41,NBA,Decision_Tree_NestedCV,0,0,0.9776286353467561
12.76,EURO,Logistic_Regression,0,0,0.9502786525841462
12.76,EURO,Decision_Tree_NestedCV,0,0,0.9776286353467561
0.86,U16,Logistic_Regression,0,0,0.929103684070495
0.86,U16,Decision_Tree_NestedCV,0,0,0.888235294117647
51.09,EURO,Logistic_Regression,4,0,0.44249941537271403
51.09,EURO,Decision_Tree_NestedCV,4,4,0.896551724137931
66.29,EURO,Logistic_Regression,0,0,0.9456820915213757
66.29,EURO,Decision_Tree_NestedCV,0,0,0.9776286353467561
74.06,EURO,Logistic_Regression,0,0,0.8702011023139471
74.06,EURO,Decision_Tree_NestedCV,0,0,0.9776286353467561
0.59,NBA,Logistic_Regression,0,0,0.9063637151169913
0.59,NBA,Decision_Tree_NestedCV,0,0,0.9776286353467561
60.87,SLO1,Logistic_Regression,3,3,0.7883282111284748
60.87,SLO1,Decision_Tree_NestedCV,3,3,0.8446601941747572
89.24,EURO,Logistic_Regression,0,0,0.9464203168280904
89.24,EURO,Decision_Tree_NestedCV,0,0,0.9776286353467561
84.62,EURO,Logistic_Regression,1,3,0.2196449971355924
84.62,EURO,Decision_Tree_NestedCV,1,3,0.11707317073170732
7.81,U14,Logistic_Regression,0,3,0.14844321889132353
7.81,U14,Decision_Tree_NestedCV,0,3,0.19148936170212766
18.68,NBA,Logistic_Regression,0,0,0.9178978435107764
18.68,NBA,Decision_Tree_NestedCV,0,0,0.9776286353467561
20.09,SLO1,Logistic_Regression,0,0,0.9659041953926929
20.09,SLO1,Decision_Tree_NestedCV,0,0,0.9776286353467561
7.49,U16,Logistic_Regression,0,0,0.8907447150086788
7.49,U16,Decision_Tree_NestedCV,0,0,0.888235294117647
10.95,SLO1,Logistic_Regression,0,0,0.9641849498191764
10.95,SLO1,Decision_Tree_NestedCV,0,0,0.9776286353467561
87.86,EURO,Logistic_Regression,0,0,0.9517230850003159
87.86,EURO,Decision_Tree_NestedCV,0,0,0.9776286353467561
88.02,NBA,Logistic_Regression,0,0,0.9574338591940691
88.02,NBA,Decision_Tree_NestedCV,0,0,0.9776286353467561
66.44,EURO,Logistic_Regression,0,0,0.9139921506134787
66.44,EURO,Decision_Tree_NestedCV,0,0,0.9776286353467561
42.43,NBA,Logistic_Regression,0,0,0.9431117257355935
42.43,NBA,Decision_Tree_NestedCV,0,0,0.9776286353467561
14.86,SLO1,Logistic_Regression,2,2,0.44253665486259086
14.86,SLO1,Decision_Tree_NestedCV,2,2,0.32558139534883723
9.19,EURO,Logistic_Regression,2,2,0.43162123588248147
9.19,EURO,Decision_Tree_NestedCV,2,2,0.4713656387665198
40.4,NBA,Logistic_Regression,4,3,0.3258765175967924
40.4,NBA,Decision_Tree_NestedCV,4,3,0.3723404255319149
72.2,EURO,Logistic_Regression,3,3,0.790920337244881
72.2,EURO,Decision_Tree_NestedCV,3,3,0.43617021276595747
75.42,U16,Logistic_Regression,0,0,0.8061243298957985
75.42,U16,Decision_Tree_NestedCV,0,0,0.76
36.21,NBA,Logistic_Regression,4,0,0.07271762237838383
36.21,NBA,Decision_Tree_NestedCV,4,0,0.012304250559284116
62.65,U14,Logistic_Regression,3,3,0.447038136445552
62.65,U14,Decision_Tree_NestedCV,3,3,0.44390243902439025
32.3,U14,Logistic_Regression,0,4,0.22692382479917841
32.3,U14,Decision_Tree_NestedCV,0,4,0.16417910447761194
44.32,EURO,Logistic_Regression,0,0,0.9508396713025685
44.32,EURO,Decision_Tree_NestedCV,0,0,0.9776286353467561
45.41,U16,Logistic_Regression,0,0,0.551351464565261
45.41,U16,Decision_Tree_NestedCV,0,0,0.9545454545454546
52.74,U14,Logistic_Regression,0,0,0.894466151710785
52.74,U14,Decision_Tree_NestedCV,0,0,0.7666666666666667
33.07,U14,Logistic_Regression,0,3,0.3511118660380048
33.07,U14,Decision_Tree_NestedCV,0,3,0.2097560975609756
87.29,U16,Logistic_Regression,0,0,0.8919445759260526
87.29,U16,Decision_Tree_NestedCV,0,0,0.888235294117647
18.59,U14,Logistic_Regression,0,3,0.11597111497058045
18.59,U14,Decision_Tree_NestedCV,0,3,0.19148936170212766
63.22,EURO,Logistic_Regression,0,0,0.9526279329126444
63.22,EURO,Decision_Tree_NestedCV,0,0,0.9776286353467561
34.6,SLO1,Logistic_Regression,0,0,0.9499854326278397
34.6,SLO1,Decision_Tree_NestedCV,0,0,0.9776286353467561
43.46,U16,Logistic_Regression,4,3,0.2020346823416166
43.46,U16,Decision_Tree_NestedCV,4,0,0.21875
34.88,SLO1,Logistic_Regression,0,0,0.9624888096055487
34.88,SLO1,Decision_Tree_NestedCV,0,0,0.9776286353467561
34.11,SLO1,Logistic_Regression,5,2,0.09700421476588791
34.11,SLO1,Decision_Tree_NestedCV,5,2,0.06976744186046512
46.99,EURO,Logistic_Regression,0,0,0.9463611475728323
46.99,EURO,Decision_Tree_NestedCV,0,0,0.9776286353467561
47.22,NBA,Logistic_Regression,0,0,0.9433160421040394
47.22,NBA,Decision_Tree_NestedCV,0,0,0.9776286353467561
1.25,SLO1,Logistic_Regression,0,0,0.9595317982590708
1.25,SLO1,Decision_Tree_NestedCV,0,0,0.9776286353467561
59.0,U16,Logistic_Regression,0,0,0.9184366395939303
59.0,U16,Decision_Tree_NestedCV,0,0,0.888235294117647
48.23,U16,Logistic_Regression,0,0,0.9325264417693219
48.23,U16,Decision_Tree_NestedCV,0,0,0.888235294117647
2.08,NBA,Logistic_Regression,0,0,0.8847584447006004
2.08,NBA,Decision_Tree_NestedCV,0,0,0.9776286353467561
28.97,NBA,Logistic_Regression,2,0,0.24304589885702507
28.97,NBA,Decision_Tree_NestedCV,2,2,0.3401639344262295
0.0,SLO1,Logistic_Regression,2,0,0.1241715499628359
0.0,SLO1,Decision_Tree_NestedCV,2,0,0.00727069351230425
54.55,EURO,Logistic_Regression,3,3,0.6217296788268634
54.55,EURO,Decision_Tree_NestedCV,3,3,0.43617021276595747
66.34,U14,Logistic_Regression,4,0,0.13297643721453556
66.34,U14,Decision_Tree_NestedCV,4,0,0.06593406593406594
0.95,NBA,Logistic_Regression,0,0,0.9314974911634328
0.95,NBA,Decision_Tree_NestedCV,0,0,0.9776286353467561
86.41,EURO,Logistic_Regression,3,3,0.9235820103666097
86.41,EURO,Decision_Tree_NestedCV,3,3,0.9629629629629629
52.08,EURO,Logistic_Regression,0,3,0.20202057959958072
52.08,EURO,Decision_Tree_NestedCV,0,3,0.2097560975609756
49.58,NBA,Logistic_Regression,3,3,0.8532174332905874
49.58,NBA,Decision_Tree_NestedCV,3,3,0.9094827586206896
51.86,SLO1,Logistic_Regression,3,3,0.5794014788011033
51.86,SLO1,Decision_Tree_NestedCV,3,3,0.8446601941747572
34.35,U14,Logistic_Regression,4,4,0.4561564491068427
34.35,U14,Decision_Tree_NestedCV,4,3,0.3723404255319149
26.12,EURO,Logistic_Regression,0,0,0.9510171691888586
26.12,EURO,Decision_Tree_NestedCV,0,0,0.9776286353467561
0.39,SLO1,Logistic_Regression,0,0,0.9634022167035073
0.39,SLO1,Decision_Tree_NestedCV,0,0,0.9776286353467561
55.91,SLO1,Logistic_Regression,0,0,0.9620348298633791
55.91,SLO1,Decision_Tree_NestedCV,0,0,0.9776286353467561
60.17,EURO,Logistic_Regression,0,0,0.9455713840412161
60.17,EURO,Decision_Tree_NestedCV,0,0,0.9776286353467561
69.83,U16,Logistic_Regression,3,3,0.8460146321532201
69.83,U16,Decision_Tree_NestedCV,3,3,0.9094827586206896
29.62,U16,Logistic_Regression,3,3,0.4193518610764185
29.62,U16,Decision_Tree_NestedCV,3,3,0.7816091954022989
67.14,NBA,Logistic_Regression,3,3,0.8398869459372296
67.14,NBA,Decision_Tree_NestedCV,3,3,0.9629629629629629
36.39,U14,Logistic_Regression,3,3,0.7407536013250566
36.39,U14,Decision_Tree_NestedCV,3,3,0.9094827586206896
74.04,SLO1,Logistic_Regression,0,0,0.9293186979636247
74.04,SLO1,Decision_Tree_NestedCV,0,0,0.9776286353467561
0.0,NBA,Logistic_Regression,4,0,0.04355451820524965
0.0,NBA,Decision_Tree_NestedCV,4,0,0.012304250559284116
40.28,SLO1,Logistic_Regression,0,0,0.9697004022126016
40.28,SLO1,Decision_Tree_NestedCV,0,0,0.9776286353467561
49.55,SLO1,Logistic_Regression,3,0,0.14198187141212407
49.55,SLO1,Decision_Tree_NestedCV,3,2,0.05726872246696035
72.34,U14,Logistic_Regression,3,3,0.631863550677307
72.34,U14,Decision_Tree_NestedCV,3,3,0.44390243902439025
26.12,SLO1,Logistic_Regression,0,0,0.964974908768442
26.12,SLO1,Decision_Tree_NestedCV,0,0,0.9776286353467561
68.48,NBA,Logistic_Regression,0,0,0.6613450883985625
68.48,NBA,Decision_Tree_NestedCV,0,2,0.4052863436123348
78.94,EURO,Logistic_Regression,4,0,0.1576201360974245
78.94,EURO,Decision_Tree_NestedCV,4,0,0.35
0.0,NBA,Logistic_Regression,1,3,0.2513921109573117
0.0,NBA,Decision_Tree_NestedCV,1,3,0.11707317073170732
84.33,SLO1,Logistic_Regression,0,0,0.9618128057591144
84.33,SLO1,Decision_Tree_NestedCV,0,0,0.9776286353467561
41.66,U14,Logistic_Regression,0,0,0.9091615625249335
41.66,U14,Decision_Tree_NestedCV,0,0,0.7666666666666667
25.16,U14,Logistic_Regression,0,0,0.8922609172912549
25.16,U14,Decision_Tree_NestedCV,0,0,0.7666666666666667
0.0,EURO,Logistic_Regression,2,2,0.5407368776273395
0.0,EURO,Decision_Tree_NestedCV,2,2,0.4713656387665198
70.9,EURO,Logistic_Regression,3,0,0.1320467315837242
70.9,EURO,Decision_Tree_NestedCV,3,0,0.06097560975609756
67.68,EURO,Logistic_Regression,2,0,0.29417405050588563
67.68,EURO,Decision_Tree_NestedCV,2,2,0.4713656387665198
38.97,U14,Logistic_Regression,0,0,0.6623519637903766
38.97,U14,Decision_Tree_NestedCV,0,0,0.6956521739130435
86.57,SLO1,Logistic_Regression,0,0,0.9622684664058552
86.57,SLO1,Decision_Tree_NestedCV,0,0,0.9776286353467561
53.57,SLO1,Logistic_Regression,0,3,0.22666267586774103
53.57,SLO1,Decision_Tree_NestedCV,0,2,0.27049180327868855
37.49,EURO,Logistic_Regression,1,0,0.1508158955903923
37.49,EURO,Decision_Tree_NestedCV,1,2,0.0778688524590164
3.84,EURO,Logistic_Regression,0,0,0.9066568918465205
3.84,EURO,Decision_Tree_NestedCV,0,0,0.9776286353467561
84.95,EURO,Logistic_Regression,2,0,0.08567630751911255
84.95,EURO,Decision_Tree_NestedCV,2,0,0.24
42.59,U14,Logistic_Regression,4,0,0.08424637352636052
42.59,U14,Decision_Tree_NestedCV,4,0,0.23333333333333334
54.11,U14,Logistic_Regression,0,0,0.8929372367297895
54.11,U14,Decision_Tree_NestedCV,0,0,0.7666666666666667
0.0,EURO,Logistic_Regression,1,5,0.10334430695105024
0.0,EURO,Decision_Tree_NestedCV,1,3,0.11707317073170732
80.67,SLO1,Logistic_Regression,0,0,0.8993601691024649
80.67,SLO1,Decision_Tree_NestedCV,0,0,0.9776286353467561
42.56,SLO1,Logistic_Regression,0,0,0.9673132649529192
42.56,SLO1,Decision_Tree_NestedCV,0,0,0.9776286353467561
38.39,U16,Logistic_Regression,0,0,0.9359785461238227
38.39,U16,Decision_Tree_NestedCV,0,0,0.888235294117647
35.08,EURO,Logistic_Regression,0,0,0.7518610063948118
35.08,EURO,Decision_Tree_NestedCV,0,0,0.7906976744186046
72.1,EURO,Logistic_Regression,0,0,0.36279321117561436
72.1,EURO,Decision_Tree_NestedCV,0,2,0.27049180327868855
20.5,NBA,Logistic_Regression,0,0,0.9325344920174322
20.5,NBA,Decision_Tree_NestedCV,0,0,0.9776286353467561
52.48,U16,Logistic_Regression,0,3,0.3308843177054145
52.48,U16,Decision_Tree_NestedCV,0,2,0.27049180327868855
80.31,EURO,Logistic_Regression,0,0,0.9442174897398784
80.31,EURO,Decision_Tree_NestedCV,0,0,0.9776286353467561
1.9,NBA,Logistic_Regression,0,0,0.9405392008970714
1.9,NBA,Decision_Tree_NestedCV,0,0,0.9776286353467561
41.88,U14,Logistic_Regression,0,0,0.9109342996719865
41.88,U14,Decision_Tree_NestedCV,0,0,0.7666666666666667
54.52,SLO1,Logistic_Regression,4,0,0.31816331950219884
54.52,SLO1,Decision_Tree_NestedCV,4,4,0.75
89.29,NBA,Logistic_Regression,0,0,0.9416625655088132
89.29,NBA,Decision_Tree_NestedCV,0,0,0.9776286353467561
62.11,SLO1,Logistic_Regression,0,0,0.7425570287267802
62.11,SLO1,Decision_Tree_NestedCV,0,0,0.76
49.65,SLO1,Logistic_Regression,3,3,0.7535909495865771
49.65,SLO1,Decision_Tree_NestedCV,3,3,0.8446601941747572
87.21,EURO,Logistic_Regression,0,0,0.925004451033107
87.21,EURO,Decision_Tree_NestedCV,0,0,0.9776286353467561
21.34,U16,Logistic_Regression,0,0,0.6725558026879515
21.34,U16,Decision_Tree_NestedCV,0,0,0.4634146341463415
64.68,NBA,Logistic_Regression,3,3,0.4165691932000136
64.68,NBA,Decision_Tree_NestedCV,3,2,0.21311475409836064
50.05,NBA,Logistic_Regression,0,3,0.31305000784832104
50.05,NBA,Decision_Tree_NestedCV,0,2,0.27049180327868855
18.12,U16,Logistic_Regression,0,0,0.9326912083916946
18.12,U16,Decision_Tree_NestedCV,0,0,0.888235294117647
36.57,SLO1,Logistic_Regression,0,2,0.2698228175906468
36.57,SLO1,Decision_Tree_NestedCV,0,0,0.41975308641975306
83.6,NBA,Logistic_Regression,0,0,0.9422830017971163
83.6,NBA,Decision_Tree_NestedCV,0,0,0.9776286353467561
9.82,U16,Logistic_Regression,4,3,0.07634259726263871
9.82,U16,Decision_Tree_NestedCV,4,3,0.22916666666666666
5.0,NBA,Logistic_Regression,0,0,0.9419131174560592
5.0,NBA,Decision_Tree_NestedCV,0,0,0.9776286353467561
39.01,NBA,Logistic_Regression,3,0,0.30717509992864644
39.01,NBA,Decision_Tree_NestedCV,3,3,0.44390243902439025
66.54,U14,Logistic_Regression,3,3,0.7188539410830403
66.54,U14,Decision_Tree_NestedCV,3,3,0.44390243902439025
3.98,NBA,Logistic_Regression,0,3,0.2511351021120394
3.98,NBA,Decision_Tree_NestedCV,0,3,0.19148936170212766
45.61,U14,Logistic_Regression,0,0,0.8127905129147658
45.61,U14,Decision_Tree_NestedCV,0,0,0.9340659340659341
45.25,SLO1,Logistic_Regression,2,0,0.31797327701558314
45.25,SLO1,Decision_Tree_NestedCV,2,2,0.3401639344262295
28.65,EURO,Logistic_Regression,0,0,0.8994441573943528
28.65,EURO,Decision_Tree_NestedCV,0,0,0.9776286353467561
59.97,EURO,Logistic_Regression,0,2,0.14178831589851593
59.97,EURO,Decision_Tree_NestedCV,0,3,0.2097560975609756
1.62,EURO,Logistic_Regression,0,0,0.9447789241672386
1.62,EURO,Decision_Tree_NestedCV,0,0,0.9776286353467561
14.14,U14,Logistic_Regression,0,0,0.5024698377694689
14.14,U14,Decision_Tree_NestedCV,0,0,0.9411764705882353
70.35,SLO1,Logistic_Regression,0,3,0.2294465072018901
70.35,SLO1,Decision_Tree_NestedCV,0,2,0.27049180327868855
21.9,U14,Logistic_Regression,0,0,0.9105430726431595
21.9,U14,Decision_Tree_NestedCV,0,0,0.7666666666666667
81.0,NBA,Logistic_Regression,2,0,0.07357356350129796
81.0,NBA,Decision_Tree_NestedCV,2,2,0.4713656387665198
18.84,NBA,Logistic_Regression,0,0,0.9420010958821177
18.84,NBA,Decision_Tree_NestedCV,0,0,0.9776286353467561
29.77,U14,Logistic_Regression,0,0,0.8588649662043011
29.77,U14,Decision_Tree_NestedCV,0,0,0.9340659340659341
76.5,SLO1,Logistic_Regression,2,0,0.06987090295469972
76.5,SLO1,Decision_Tree_NestedCV,2,0,0.2926829268292683
66.03,U14,Logistic_Regression,3,3,0.5404267186559878
66.03,U14,Decision_Tree_NestedCV,3,3,0.44390243902439025
66.03,U16,Logistic_Regression,3,3,0.8399991210216067
66.03,U16,Decision_Tree_NestedCV,3,3,0.7352941176470589
45.46,U16,Logistic_Regression,3,3,0.5834638237595079
45.46,U16,Decision_Tree_NestedCV,3,3,0.7816091954022989
51.88,U14,Logistic_Regression,0,0,0.9121803511448318
51.88,U14,Decision_Tree_NestedCV,0,0,0.7666666666666667
29.78,NBA,Logistic_Regression,0,0,0.9428000625184053
29.78,NBA,Decision_Tree_NestedCV,0,0,0.9776286353467561
25.48,NBA,Logistic_Regression,0,0,0.9339649323456376
25.48,NBA,Decision_Tree_NestedCV,0,0,0.9776286353467561
89.6,EURO,Logistic_Regression,0,0,0.9359794182604535
89.6,EURO,Decision_Tree_NestedCV,0,0,0.9776286353467561
6.47,NBA,Logistic_Regression,1,2,0.2762813922705284
6.47,NBA,Decision_Tree_NestedCV,1,3,0.11707317073170732
4.42,U14,Logistic_Regression,4,0,0.10894488513290321
4.42,U14,Decision_Tree_NestedCV,4,0,0.23333333333333334
0.42,NBA,Logistic_Regression,0,0,0.9499051700876905
0.42,NBA,Decision_Tree_NestedCV,0,0,0.9776286353467561
2.13,EURO,Logistic_Regression,2,2,0.5412799338412775
2.13,EURO,Decision_Tree_NestedCV,2,2,0.3401639344262295
19.39,NBA,Logistic_Regression,0,0,0.9000192883515232
19.39,NBA,Decision_Tree_NestedCV,0,0,0.9776286353467561
3.08,EURO,Logistic_Regression,0,0,0.9489097587107888
3.08,EURO,Decision_Tree_NestedCV,0,0,0.9776286353467561
84.77,SLO1,Logistic_Regression,0,0,0.9618389603774499
84.77,SLO1,Decision_Tree_NestedCV,0,0,0.9776286353467561
41.49,SLO1,Logistic_Regression,2,0,0.13944028272097259
41.49,SLO1,Decision_Tree_NestedCV,2,0,0.2926829268292683
87.55,NBA,Logistic_Regression,0,0,0.9495253132815824
87.55,NBA,Decision_Tree_NestedCV,0,0,0.9776286353467561
71.17,U16,Logistic_Regression,0,0,0.9147569737682134
71.17,U16,Decision_Tree_NestedCV,0,0,0.888235294117647
52.14,NBA,Logistic_Regression,0,0,0.9519855442923144
52.14,NBA,Decision_Tree_NestedCV,0,0,0.9776286353467561
60.28,NBA,Logistic_Regression,0,0,0.9426063344664252
60.28,NBA,Decision_Tree_NestedCV,0,0,0.9776286353467561
31.21,NBA,Logistic_Regression,3,3,0.8209226049890166
31.21,NBA,Decision_Tree_NestedCV,3,3,0.5625
55.59,NBA,Logistic_Regression,3,3,0.4148829630092757
55.59,NBA,Decision_Tree_NestedCV,3,3,0.44390243902439025
23.22,EURO,Logistic_Regression,0,0,0.617849886241044
23.22,EURO,Decision_Tree_NestedCV,0,2,0.4052863436123348
59.62,U14,Logistic_Regression,3,3,0.46859947646106226
59.62,U14,Decision_Tree_NestedCV,3,3,0.44390243902439025
49.96,SLO1,Logistic_Regression,3,3,0.49481122139478817
49.96,SLO1,Decision_Tree_NestedCV,3,3,0.8446601941747572
50.35,SLO1,Logistic_Regression,0,0,0.9622984436606262
50.35,SLO1,Decision_Tree_NestedCV,0,0,0.9776286353467561
42.78,U16,Logistic_Regression,3,3,0.8378284890096016
42.78,U16,Decision_Tree_NestedCV,3,3,0.9094827586206896
86.7,NBA,Logistic_Regression,0,0,0.942151439397958
86.7,NBA,Decision_Tree_NestedCV,0,0,0.9776286353467561
45.46,U16,Logistic_Regression,3,3,0.49483036265007907
45.46,U16,Decision_Tree_NestedCV,3,3,0.7816091954022989
66.63,U16,Logistic_Regression,4,3,0.22441740326774734
66.63,U16,Decision_Tree_NestedCV,4,0,0.21875
46.38,NBA,Logistic_Regression,0,0,0.5191638803438064
46.38,NBA,Decision_Tree_NestedCV,0,0,0.9545454545454546
9.23,SLO1,Logistic_Regression,0,0,0.5065159796128175
9.23,SLO1,Decision_Tree_NestedCV,0,2,0.4052863436123348
76.74,EURO,Logistic_Regression,3,3,0.8266794047132466
76.74,EURO,Decision_Tree_NestedCV,3,3,0.8055555555555556
0.0,SLO1,Logistic_Regression,0,2,0.17816851558070856
0.0,SLO1,Decision_Tree_NestedCV,0,2,0.13953488372093023
4.84,EURO,Logistic_Regression,3,3,0.7528373281424492
4.84,EURO,Decision_Tree_NestedCV,3,3,1.0
11.03,NBA,Logistic_Regression,0,0,0.9321213343297853
11.03,NBA,Decision_Tree_NestedCV,0,0,0.9776286353467561
32.02,EURO,Logistic_Regression,0,0,0.9461157967240313
32.02,EURO,Decision_Tree_NestedCV,0,0,0.9776286353467561
58.51,U16,Logistic_Regression,3,3,0.7675769252384971
58.51,U16,Decision_Tree_NestedCV,3,0,0.1875
60.91,EURO,Logistic_Regression,0,0,0.9442589989436013
60.91,EURO,Decision_Tree_NestedCV,0,0,0.9776286353467561
22.55,U14,Logistic_Regression,0,0,0.5379494130453981
22.55,U14,Decision_Tree_NestedCV,0,0,0.6956521739130435
26.49,U16,Logistic_Regression,0,0,0.9198120037301324
26.49,U16,Decision_Tree_NestedCV,0,0,0.888235294117647
49.43,EURO,Logistic_Regression,0,0,0.9527275065084245
49.43,EURO,Decision_Tree_NestedCV,0,0,0.9776286353467561
89.22,EURO,Logistic_Regression,2,0,0.010909412568702205
89.22,EURO,Decision_Tree_NestedCV,2,0,0.00727069351230425
0.0,EURO,Logistic_Regression,2,0,0.3922175513192408
0.0,EURO,Decision_Tree_NestedCV,2,0,0.2564102564102564
15.39,EURO,Logistic_Regression,0,0,0.9519188843496162
15.39,EURO,Decision_Tree_NestedCV,0,0,0.9776286353467561
45.33,SLO1,Logistic_Regression,3,3,0.8329283283619843
45.33,SLO1,Decision_Tree_NestedCV,3,3,0.8446601941747572
4.89,NBA,Logistic_Regression,0,0,0.939970163539781
4.89,NBA,Decision_Tree_NestedCV,0,0,0.9776286353467561
88.79,SLO1,Logistic_Regression,0,0,0.9627076439721424
88.79,SLO1,Decision_Tree_NestedCV,0,0,0.9776286353467561
52.74,EURO,Logistic_Regression,0,0,0.9454619267814295
52.74,EURO,Decision_Tree_NestedCV,0,0,0.9776286353467561
1.68,SLO1,Logistic_Regression,0,0,0.9589368913420594
1.68,SLO1,Decision_Tree_NestedCV,0,0,0.9776286353467561
60.06,EURO,Logistic_Regression,0,0,0.9465449839180274
60.06,EURO,Decision_Tree_NestedCV,0,0,0.9776286353467561
5.42,NBA,Logistic_Regression,0,0,0.9419358541151289
5.42,NBA,Decision_Tree_NestedCV,0,0,0.9776286353467561
11.19,U14,Logistic_Regression,0,0,0.8916504522587525
11.19,U14,Decision_Tree_NestedCV,0,0,0.7666666666666667
14.44,SLO1,Logistic_Regression,0,0,0.9148263637465893
14.44,SLO1,Decision_Tree_NestedCV,0,0,0.9776286353467561
83.3,U14,Logistic_Regression,0,0,0.8958942217734144
83.3,U14,Decision_Tree_NestedCV,0,0,0.9340659340659341
65.48,U16,Logistic_Regression,0,0,0.9182789637964609
65.48,U16,Decision_Tree_NestedCV,0,0,0.888235294117647
30.21,SLO1,Logistic_Regression,0,0,0.9696586546882965
30.21,SLO1,Decision_Tree_NestedCV,0,0,0.9776286353467561
41.56,NBA,Logistic_Regression,4,0,0.3997388795770182
41.56,NBA,Decision_Tree_NestedCV,4,4,0.896551724137931
3.07,NBA,Logistic_Regression,3,0,0.19765069215404102
3.07,NBA,Decision_Tree_NestedCV,3,3,0.44390243902439025
55.17,U14,Logistic_Regression,4,0,0.08755602098706725
55.17,U14,Decision_Tree_NestedCV,4,0,0.23333333333333334
52.99,SLO1,Logistic_Regression,0,3,0.12361488528604896
52.99,SLO1,Decision_Tree_NestedCV,0,0,0.41975308641975306
32.7,EURO,Logistic_Regression,4,3,0.08753262728084013
32.7,EURO,Decision_Tree_NestedCV,4,3,0.22916666666666666
11.39,NBA,Logistic_Regression,0,0,0.9417949343364436
11.39,NBA,Decision_Tree_NestedCV,0,0,0.9776286353467561
36.06,NBA,Logistic_Regression,0,0,0.9282788891655903
36.06,NBA,Decision_Tree_NestedCV,0,0,0.9776286353467561
87.49,EURO,Logistic_Regression,0,0,0.9038346538844308
87.49,EURO,Decision_Tree_NestedCV,0,0,0.9776286353467561
50.95,SLO1,Logistic_Regression,0,0,0.9668304484016762
50.95,SLO1,Decision_Tree_NestedCV,0,0,0.9776286353467561
12.71,NBA,Logistic_Regression,0,0,0.9401047449593779
12.71,NBA,Decision_Tree_NestedCV,0,0,0.9776286353467561
18.51,EURO,Logistic_Regression,0,0,0.9424667502097616
18.51,EURO,Decision_Tree_NestedCV,0,0,0.9776286353467561
27.27,NBA,Logistic_Regression,0,0,0.9557419232095621
27.27,NBA,Decision_Tree_NestedCV,0,0,0.9776286353467561
28.4,NBA,Logistic_Regression,0,0,0.8835987397156425
28.4,NBA,Decision_Tree_NestedCV,0,0,0.9776286353467561
43.62,U14,Logistic_Regression,0,0,0.4663523694137229
43.62,U14,Decision_Tree_NestedCV,0,0,0.6956521739130435
0.67,U16,Logistic_Regression,0,0,0.8638849074640096
0.67,U16,Decision_Tree_NestedCV,0,0,0.888235294117647
31.84,EURO,Logistic_Regression,0,0,0.9456457640761946
31.84,EURO,Decision_Tree_NestedCV,0,0,0.9776286353467561
54.85,EURO,Logistic_Regression,0,0,0.9380923425332408
54.85,EURO,Decision_Tree_NestedCV,0,0,0.9776286353467561
80.02,EURO,Logistic_Regression,3,3,0.8421498067788454
80.02,EURO,Decision_Tree_NestedCV,3,3,0.9094827586206896
61.43,U14,Logistic_Regression,0,4,0.3016433929227036
61.43,U14,Decision_Tree_NestedCV,0,4,0.16417910447761194
34.6,NBA,Logistic_Regression,0,0,0.9500400703772804
34.6,NBA,Decision_Tree_NestedCV,0,0,0.9776286353467561
79.82,EURO,Logistic_Regression,0,3,0.3331122522445627
79.82,EURO,Decision_Tree_NestedCV,0,2,0.27049180327868855
43.21,NBA,Logistic_Regression,3,3,0.7829468068483166
43.21,NBA,Decision_Tree_NestedCV,3,3,0.9094827586206896
75.89,U16,Logistic_Regression,3,3,0.8746406839500898
75.89,U16,Decision_Tree_NestedCV,3,3,0.9629629629629629
38.52,U16,Logistic_Regression,2,3,0.1387987192078844
38.52,U16,Decision_Tree_NestedCV,2,3,0.06896551724137931
80.76,U14,Logistic_Regression,4,0,0.13482293718187785
80.76,U14,Decision_Tree_NestedCV,4,0,0.06593406593406594
87.12,EURO,Logistic_Regression,3,3,0.800054707223533
87.12,EURO,Decision_Tree_NestedCV,3,3,0.9094827586206896
33.45,U14,Logistic_Regression,0,0,0.8500505095796371
33.45,U14,Decision_Tree_NestedCV,0,0,0.9340659340659341
59.84,SLO1,Logistic_Regression,4,0,0.3015785421906486
59.84,SLO1,Decision_Tree_NestedCV,4,0,0.0
62.82,EURO,Logistic_Regression,0,0,0.41822493256480997
62.82,EURO,Decision_Tree_NestedCV,0,2,0.27049180327868855
35.56,NBA,Logistic_Regression,0,0,0.8579783722253392
35.56,NBA,Decision_Tree_NestedCV,0,0,0.9776286353467561
0.0,NBA,Logistic_Regression,3,0,0.21017180866168927
0.0,NBA,Decision_Tree_NestedCV,3,2,0.21311475409836064
2.65,NBA,Logistic_Regression,0,0,0.8896092917392179
2.65,NBA,Decision_Tree_NestedCV,0,0,0.9776286353467561
21.31,SLO1,Logistic_Regression,1,2,0.0538883321100553
21.31,SLO1,Decision_Tree_NestedCV,1,2,0.13953488372093023
67.56,NBA,Logistic_Regression,0,0,0.9535003640428015
67.56,NBA,Decision_Tree_NestedCV,0,0,0.9776286353467561
68.19,EURO,Logistic_Regression,0,0,0.38118272500024575
68.19,EURO,Decision_Tree_NestedCV,0,2,0.27049180327868855
0.0,U14,Logistic_Regression,3,3,0.69125707593272
0.0,U14,Decision_Tree_NestedCV,3,3,1.0
72.56,U16,Logistic_Regression,3,3,0.8491627706962948
72.56,U16,Decision_Tree_NestedCV,3,3,0.9094827586206896
85.25,NBA,Logistic_Regression,0,0,0.9417593801367269
85.25,NBA,Decision_Tree_NestedCV,0,0,0.9776286353467561
6.79,EURO,Logistic_Regression,0,0,0.94131329073882
6.79,EURO,Decision_Tree_NestedCV,0,0,0.9776286353467561
16.05,EURO,Logistic_Regression,3,3,0.5809273049650026
16.05,EURO,Decision_Tree_NestedCV,3,3,0.43617021276595747
41.19,NBA,Logistic_Regression,0,0,0.8366208090553361
41.19,NBA,Decision_Tree_NestedCV,0,0,0.9776286353467561
62.05,U14,Logistic_Regression,0,0,0.7624643513179332
62.05,U14,Decision_Tree_NestedCV,0,0,0.9340659340659341
16.36,SLO1,Logistic_Regression,0,0,0.9635517948950807
16.36,SLO1,Decision_Tree_NestedCV,0,0,0.9776286353467561
73.83,U14,Logistic_Regression,3,3,0.7551333634868597
73.83,U14,Decision_Tree_NestedCV,3,3,0.9094827586206896
56.73,SLO1,Logistic_Regression,4,3,0.06922768978724127
56.73,SLO1,Decision_Tree_NestedCV,4,3,0.04854368932038835
15.83,SLO1,Logistic_Regression,0,0,0.9220259036881311
15.83,SLO1,Decision_Tree_NestedCV,0,0,0.9776286353467561
64.48,EURO,Logistic_Regression,3,3,0.3753922042479784
64.48,EURO,Decision_Tree_NestedCV,3,3,0.44390243902439025
43.82,NBA,Logistic_Regression,0,3,0.11918853503495522
43.82,NBA,Decision_Tree_NestedCV,0,3,0.19148936170212766
88.47,NBA,Logistic_Regression,0,0,0.9513445533549388
88.47,NBA,Decision_Tree_NestedCV,0,0,0.9776286353467561
33.39,NBA,Logistic_Regression,0,0,0.9427075027119449
33.39,NBA,Decision_Tree_NestedCV,0,0,0.9776286353467561
69.99,EURO,Logistic_Regression,2,0,0.16943158226846258
69.99,EURO,Decision_Tree_NestedCV,2,0,0.24
9.53,NBA,Logistic_Regression,0,3,0.25761104249072475
9.53,NBA,Decision_Tree_NestedCV,0,3,0.19148936170212766
57.86,EURO,Logistic_Regression,3,3,0.31988508403316435
57.86,EURO,Decision_Tree_NestedCV,3,3,0.44390243902439025
38.43,NBA,Logistic_Regression,0,0,0.9301975803911222
38.43,NBA,Decision_Tree_NestedCV,0,0,0.9776286353467561
29.07,U16,Logistic_Regression,0,0,0.8954236528476472
29.07,U16,Decision_Tree_NestedCV,0,0,0.888235294117647
54.17,NBA,Logistic_Regression,3,3,0.7876109253190257
54.17,NBA,Decision_Tree_NestedCV,3,3,0.43617021276595747
26.48,NBA,Logistic_Regression,0,0,0.8795436283653968
26.48,NBA,Decision_Tree_NestedCV,0,0,0.9776286353467561
9.33,EURO,Logistic_Regression,0,0,0.8465702247290166
9.33,EURO,Decision_Tree_NestedCV,0,0,0.9776286353467561
60.52,U14,Logistic_Regression,3,3,0.7073526996775331
60.52,U14,Decision_Tree_NestedCV,3,3,0.9094827586206896
30.72,U14,Logistic_Regression,0,0,0.8890928882630462
30.72,U14,Decision_Tree_NestedCV,0,0,0.9340659340659341
47.34,U14,Logistic_Regression,4,0,0.10340173105857667
47.34,U14,Decision_Tree_NestedCV,4,0,0.06593406593406594
18.51,EURO,Logistic_Regression,2,0,0.3538024727868885
18.51,EURO,Decision_Tree_NestedCV,2,2,0.3401639344262295
42.95,NBA,Logistic_Regression,0,0,0.9346118466329124
42.95,NBA,Decision_Tree_NestedCV,0,0,0.9776286353467561
87.46,U16,Logistic_Regression,0,0,0.8974486708485319
87.46,U16,Decision_Tree_NestedCV,0,0,0.888235294117647
55.35,U14,Logistic_Regression,0,0,0.4881930435538668
55.35,U14,Decision_Tree_NestedCV,0,0,0.6956521739130435
76.53,SLO1,Logistic_Regression,0,0,0.9627276273266742
76.53,SLO1,Decision_Tree_NestedCV,0,0,0.9776286353467561
59.97,U14,Logistic_Regression,3,3,0.7409074688761341
59.97,U14,Decision_Tree_NestedCV,3,3,0.9094827586206896
74.93,U14,Logistic_Regression,0,0,0.52657087479085
74.93,U14,Decision_Tree_NestedCV,0,0,0.65
63.6,NBA,Logistic_Regression,3,3,0.4436640720463892
63.6,NBA,Decision_Tree_NestedCV,3,3,0.44390243902439025
63.72,NBA,Logistic_Regression,0,0,0.7583638571218267
63.72,NBA,Decision_Tree_NestedCV,0,0,0.76
80.53,NBA,Logistic_Regression,2,0,0.14465149213752657
80.53,NBA,Decision_Tree_NestedCV,2,2,0.4713656387665198
86.1,U14,Logistic_Regression,0,0,0.8915500761595702
86.1,U14,Decision_Tree_NestedCV,0,0,0.5
57.09,EURO,Logistic_Regression,0,0,0.9528469215899955
57.09,EURO,Decision_Tree_NestedCV,0,0,0.9776286353467561
0.96,NBA,Logistic_Regression,0,0,0.9420446247982899
0.96,NBA,Decision_Tree_NestedCV,0,0,0.9776286353467561
41.35,EURO,Logistic_Regression,0,0,0.9449456634156103
41.35,EURO,Decision_Tree_NestedCV,0,0,0.9776286353467561
65.38,U16,Logistic_Regression,3,3,0.6903726684520677
65.38,U16,Decision_Tree_NestedCV,3,3,0.7816091954022989
82.9,U14,Logistic_Regression,4,0,0.09722506920364733
82.9,U14,Decision_Tree_NestedCV,4,0,0.5
43.36,U14,Logistic_Regression,0,3,0.399701607140664
43.36,U14,Decision_Tree_NestedCV,0,0,0.6956521739130435
41.71,NBA,Logistic_Regression,0,0,0.8758469649241425
41.71,NBA,Decision_Tree_NestedCV,0,0,0.9776286353467561
78.0,EURO,Logistic_Regression,0,3,0.16616049004172143
78.0,EURO,Decision_Tree_NestedCV,0,3,0.2097560975609756
63.81,SLO1,Logistic_Regression,0,0,0.9660579786279241
63.81,SLO1,Decision_Tree_NestedCV,0,0,0.9776286353467561
31.87,NBA,Logistic_Regression,0,0,0.9426370305477638
31.87,NBA,Decision_Tree_NestedCV,0,0,0.9776286353467561
0.41,U14,Logistic_Regression,0,0,0.8909872258593137
0.41,U14,Decision_Tree_NestedCV,0,0,0.7666666666666667
69.83,EURO,Logistic_Regression,3,3,0.3822958504617965
69.83,EURO,Decision_Tree_NestedCV,3,3,0.44390243902439025
48.91,SLO1,Logistic_Regression,2,0,0.3072844775095038
48.91,SLO1,Decision_Tree_NestedCV,2,2,0.3401639344262295
72.64,NBA,Logistic_Regression,0,0,0.928012593660283
72.64,NBA,Decision_Tree_NestedCV,0,0,0.9776286353467561
52.46,NBA,Logistic_Regression,0,0,0.9101931231131959
52.46,NBA,Decision_Tree_NestedCV,0,0,0.9776286353467561
1.26,SLO1,Logistic_Regression,0,0,0.958896329825606
1.26,SLO1,Decision_Tree_NestedCV,0,0,0.9776286353467561
10.23,SLO1,Logistic_Regression,0,0,0.8897138339936818
10.23,SLO1,Decision_Tree_NestedCV,0,0,0.9776286353467561
26.04,EURO,Logistic_Regression,0,0,0.9199434968249426
26.04,EURO,Decision_Tree_NestedCV,0,0,0.9776286353467561
75.5,EURO,Logistic_Regression,2,0,0.24872693401681475
75.5,EURO,Decision_Tree_NestedCV,2,2,0.4713656387665198
78.94,U16,Logistic_Regression,3,3,0.8951564066065504
78.94,U16,Decision_Tree_NestedCV,3,3,0.9629629629629629
64.48,EURO,Logistic_Regression,1,3,0.07068286945994832
64.48,EURO,Decision_Tree_NestedCV,1,3,0.11707317073170732
79.19,EURO,Logistic_Regression,3,3,0.6214214622797087
79.19,EURO,Decision_Tree_NestedCV,3,3,0.43617021276595747
64.56,U16,Logistic_Regression,0,0,0.9330939656490694
64.56,U16,Decision_Tree_NestedCV,0,0,0.888235294117647
21.22,U14,Logistic_Regression,2,0,0.10562417111701053
21.22,U14,Decision_Tree_NestedCV,2,0,0.0
38.14,U14,Logistic_Regression,0,0,0.8992117731456343
38.14,U14,Decision_Tree_NestedCV,0,0,0.7666666666666667
27.06,U14,Logistic_Regression,0,0,0.8891424823271713
27.06,U14,Decision_Tree_NestedCV,0,0,0.7666666666666667
40.46,NBA,Logistic_Regression,0,0,0.944752155250491
40.46,NBA,Decision_Tree_NestedCV,0,0,0.9776286353467561
79.08,SLO1,Logistic_Regression,0,0,0.9623179274021114
79.08,SLO1,Decision_Tree_NestedCV,0,0,0.9776286353467561
4.6,U16,Logistic_Regression,2,0,0.24992888281505699
4.6,U16,Decision_Tree_NestedCV,2,0,0.2564102564102564
61.28,NBA,Logistic_Regression,3,3,0.47687037375816704
61.28,NBA,Decision_Tree_NestedCV,3,3,0.44390243902439025
55.2,SLO1,Logistic_Regression,0,0,0.9671559445381798
55.2,SLO1,Decision_Tree_NestedCV,0,0,0.9776286353467561
77.73,SLO1,Logistic_Regression,0,0,0.9127679574107205
77.73,SLO1,Decision_Tree_NestedCV,0,0,0.9776286353467561
8.94,NBA,Logistic_Regression,0,0,0.5304417061007202
8.94,NBA,Decision_Tree_NestedCV,0,0,0.4634146341463415
86.57,SLO1,Logistic_Regression,0,0,0.9622684664058552
86.57,SLO1,Decision_Tree_NestedCV,0,0,0.9776286353467561
83.31,SLO1,Logistic_Regression,3,3,0.48709479766656133
83.31,SLO1,Decision_Tree_NestedCV,3,0,0.09876543209876543
54.7,U14,Logistic_Regression,3,3,0.5061558408991035
54.7,U14,Decision_Tree_NestedCV,3,3,0.44390243902439025
69.35,EURO,Logistic_Regression,4,3,0.015624271531647258
69.35,EURO,Decision_Tree_NestedCV,4,3,0.04878048780487805
6.86,NBA,Logistic_Regression,4,0,0.17521297452212964
6.86,NBA,Decision_Tree_NestedCV,4,4,0.5
86.22,NBA,Logistic_Regression,0,0,0.9395812149590594
86.22,NBA,Decision_Tree_NestedCV,0,0,0.9776286353467561
21.02,NBA,Logistic_Regression,0,0,0.8540127796186702
21.02,NBA,Decision_Tree_NestedCV,0,0,0.9776286353467561
89.17,EURO,Logistic_Regression,0,0,0.9395526991348022
89.17,EURO,Decision_Tree_NestedCV,0,0,0.9776286353467561
6.27,U16,Logistic_Regression,0,0,0.9315083074068429
6.27,U16,Decision_Tree_NestedCV,0,0,0.888235294117647
41.94,SLO1,Logistic_Regression,5,2,0.12684156375163252
41.94,SLO1,Decision_Tree_NestedCV,5,0,0.09876543209876543
50.76,SLO1,Logistic_Regression,0,3,0.23072609920447226
50.76,SLO1,Decision_Tree_NestedCV,0,0,0.41975308641975306
36.73,NBA,Logistic_Regression,0,0,0.9328329923025869
36.73,NBA,Decision_Tree_NestedCV,0,0,0.9776286353467561
19.68,NBA,Logistic_Regression,0,0,0.9307625092973265
19.68,NBA,Decision_Tree_NestedCV,0,0,0.9776286353467561
69.19,NBA,Logistic_Regression,0,0,0.9272625930179937
69.19,NBA,Decision_Tree_NestedCV,0,0,0.9776286353467561
9.45,U14,Logistic_Regression,0,0,0.8280440209512844
9.45,U14,Decision_Tree_NestedCV,0,0,0.5714285714285714
66.79,SLO1,Logistic_Regression,0,0,0.96394198509781
66.79,SLO1,Decision_Tree_NestedCV,0,0,0.9776286353467561
8.0,NBA,Logistic_Regression,0,0,0.9275433366904178
8.0,NBA,Decision_Tree_NestedCV,0,0,0.9776286353467561
52.32,SLO1,Logistic_Regression,0,0,0.9681122272823919
52.32,SLO1,Decision_Tree_NestedCV,0,0,0.9776286353467561
36.3,NBA,Logistic_Regression,0,0,0.9368025611386515
36.3,NBA,Decision_Tree_NestedCV,0,0,0.9776286353467561
30.93,NBA,Logistic_Regression,0,0,0.9425057739360254
30.93,NBA,Decision_Tree_NestedCV,0,0,0.9776286353467561
86.02,U16,Logistic_Regression,0,0,0.8933340223658314
86.02,U16,Decision_Tree_NestedCV,0,0,0.888235294117647
24.02,U14,Logistic_Regression,0,0,0.8674924763271626
24.02,U14,Decision_Tree_NestedCV,0,0,0.9340659340659341
46.35,SLO1,Logistic_Regression,0,0,0.8902329065852008
46.35,SLO1,Decision_Tree_NestedCV,0,0,0.9776286353467561
17.45,SLO1,Logistic_Regression,0,0,0.9604532853862473
17.45,SLO1,Decision_Tree_NestedCV,0,0,0.9776286353467561
55.2,EURO,Logistic_Regression,0,0,0.9453306111215501
55.2,EURO,Decision_Tree_NestedCV,0,0,0.9776286353467561
36.37,NBA,Logistic_Regression,1,3,0.1286096489605659
36.37,NBA,Decision_Tree_NestedCV,1,3,0.11707317073170732
16.6,NBA,Logistic_Regression,0,0,0.9282829248715683
16.6,NBA,Decision_Tree_NestedCV,0,0,0.9776286353467561
69.55,U16,Logistic_Regression,0,0,0.9189383449366179
69.55,U16,Decision_Tree_NestedCV,0,0,0.888235294117647
71.58,EURO,Logistic_Regression,0,0,0.95298846459675
71.58,EURO,Decision_Tree_NestedCV,0,0,0.9776286353467561
51.96,NBA,Logistic_Regression,0,0,0.8439568141099071
51.96,NBA,Decision_Tree_NestedCV,0,0,0.9776286353467561
53.07,U14,Logistic_Regression,0,0,0.9259803243262644
53.07,U14,Decision_Tree_NestedCV,0,0,0.7666666666666667
87.47,EURO,Logistic_Regression,0,0,0.9532922262636027
87.47,EURO,Decision_Tree_NestedCV,0,0,0.9776286353467561
25.98,EURO,Logistic_Regression,2,0,0.32341352755173036
25.98,EURO,Decision_Tree_NestedCV,2,2,0.4713656387665198
73.64,NBA,Logistic_Regression,0,0,0.9435420456952812
73.64,NBA,Decision_Tree_NestedCV,0,0,0.9776286353467561
69.83,EURO,Logistic_Regression,3,3,0.843288358392704
69.83,EURO,Decision_Tree_NestedCV,3,3,0.9094827586206896
69.55,EURO,Logistic_Regression,0,0,0.9458927527661338
69.55,EURO,Decision_Tree_NestedCV,0,0,0.9776286353467561
69.35,U14,Logistic_Regression,3,3,0.8697379753317498
69.35,U14,Decision_Tree_NestedCV,3,3,0.9094827586206896
77.03,EURO,Logistic_Regression,3,3,0.8139646980197988
77.03,EURO,Decision_Tree_NestedCV,3,3,0.9094827586206896
42.52,EURO,Logistic_Regression,0,0,0.9440758169316148
42.52,EURO,Decision_Tree_NestedCV,0,0,0.9776286353467561
82.29,EURO,Logistic_Regression,3,3,0.43456173432722583
82.29,EURO,Decision_Tree_NestedCV,3,3,0.44390243902439025
68.45,U14,Logistic_Regression,3,3,0.8741683371475895
68.45,U14,Decision_Tree_NestedCV,3,3,0.9094827586206896
2.88,SLO1,Logistic_Regression,3,2,0.2635636840509481
2.88,SLO1,Decision_Tree_NestedCV,3,2,0.3023255813953488
57.29,SLO1,Logistic_Regression,2,3,0.1699360710235011
57.29,SLO1,Decision_Tree_NestedCV,2,0,0.2962962962962963
51.64,SLO1,Logistic_Regression,3,3,0.7535764358291424
51.64,SLO1,Decision_Tree_NestedCV,3,3,0.8446601941747572
86.52,NBA,Logistic_Regression,0,0,0.9226099774527131
86.52,NBA,Decision_Tree_NestedCV,0,0,0.9776286353467561
23.78,NBA,Logistic_Regression,0,0,0.9221735883469221
23.78,NBA,Decision_Tree_NestedCV,0,0,0.9776286353467561
53.76,U16,Logistic_Regression,3,3,0.8098286026777315
53.76,U16,Decision_Tree_NestedCV,3,3,0.9094827586206896
6.31,NBA,Logistic_Regression,0,0,0.880909597638928
6.31,NBA,Decision_Tree_NestedCV,0,0,0.9776286353467561
75.76,U14,Logistic_Regression,0,0,0.9041651807209732
75.76,U14,Decision_Tree_NestedCV,0,0,0.9340659340659341
56.77,NBA,Logistic_Regression,0,0,0.89080657588374
56.77,NBA,Decision_Tree_NestedCV,0,0,0.9776286353467561
32.93,SLO1,Logistic_Regression,0,0,0.9631066803417355
32.93,SLO1,Decision_Tree_NestedCV,0,0,0.9776286353467561
17.81,NBA,Logistic_Regression,0,0,0.9280968215203366
17.81,NBA,Decision_Tree_NestedCV,0,0,0.9776286353467561
13.89,U14,Logistic_Regression,0,0,0.8940241755206095
13.89,U14,Decision_Tree_NestedCV,0,0,0.7666666666666667
28.0,U16,Logistic_Regression,0,0,0.9320984208473152
28.0,U16,Decision_Tree_NestedCV,0,0,0.888235294117647
40.39,U16,Logistic_Regression,0,0,0.9316110753976188
40.39,U16,Decision_Tree_NestedCV,0,0,0.888235294117647
83.42,SLO1,Logistic_Regression,0,0,0.9167034151640194
83.42,SLO1,Decision_Tree_NestedCV,0,0,0.9776286353467561
42.1,NBA,Logistic_Regression,0,0,0.9514860046511259
42.1,NBA,Decision_Tree_NestedCV,0,0,0.9776286353467561
23.85,U14,Logistic_Regression,3,3,0.486324500178702
23.85,U14,Decision_Tree_NestedCV,3,3,0.44390243902439025
29.96,NBA,Logistic_Regression,0,0,0.9460724742176041
29.96,NBA,Decision_Tree_NestedCV,0,0,0.9776286353467561
69.35,EURO,Logistic_Regression,5,3,0.10197094127814103
69.35,EURO,Decision_Tree_NestedCV,5,3,0.08536585365853659
77.65,NBA,Logistic_Regression,0,0,0.84339898139856
77.65,NBA,Decision_Tree_NestedCV,0,0,0.9776286353467561
52.08,U14,Logistic_Regression,3,3,0.7254290557220812
52.08,U14,Decision_Tree_NestedCV,3,3,0.9094827586206896
68.75,EURO,Logistic_Regression,0,0,0.9462265385040348
68.75,EURO,Decision_Tree_NestedCV,0,0,0.9776286353467561
31.88,NBA,Logistic_Regression,0,0,0.9100565412698917
31.88,NBA,Decision_Tree_NestedCV,0,0,0.9776286353467561
74.55,U16,Logistic_Regression,3,3,0.90938646760648
74.55,U16,Decision_Tree_NestedCV,3,3,0.9094827586206896
31.48,NBA,Logistic_Regression,0,0,0.9408063793436345
31.48,NBA,Decision_Tree_NestedCV,0,0,0.9776286353467561
81.69,EURO,Logistic_Regression,0,0,0.9524661566470757
81.69,EURO,Decision_Tree_NestedCV,0,0,0.9776286353467561
55.91,U16,Logistic_Regression,0,0,0.9201539429012892
55.91,U16,Decision_Tree_NestedCV,0,0,0.888235294117647
65.86,NBA,Logistic_Regression,1,0,0.06386811255670284
65.86,NBA,Decision_Tree_NestedCV,1,2,0.0778688524590164
57.91,EURO,Logistic_Regression,0,0,0.9450007457073307
57.91,EURO,Decision_Tree_NestedCV,0,0,0.9776286353467561
49.78,EURO,Logistic_Regression,0,0,0.8203790168328008
49.78,EURO,Decision_Tree_NestedCV,0,0,0.9776286353467561
14.02,U14,Logistic_Regression,0,0,0.7934925886661937
14.02,U14,Decision_Tree_NestedCV,0,0,0.9340659340659341
24.7,NBA,Logistic_Regression,0,0,0.942294337871145
24.7,NBA,Decision_Tree_NestedCV,0,0,0.9776286353467561
4.64,U16,Logistic_Regression,0,0,0.9396166478352622
4.64,U16,Decision_Tree_NestedCV,0,0,0.888235294117647
46.29,EURO,Logistic_Regression,0,0,0.7925162091236015
46.29,EURO,Decision_Tree_NestedCV,0,0,0.9776286353467561
34.0,U16,Logistic_Regression,0,3,0.28923860180664696
34.0,U16,Decision_Tree_NestedCV,0,3,0.04597701149425287
57.29,U14,Logistic_Regression,3,3,0.854756837781184
57.29,U14,Decision_Tree_NestedCV,3,3,0.9094827586206896
31.25,U16,Logistic_Regression,4,0,0.09415091827016969
31.25,U16,Decision_Tree_NestedCV,4,0,0.11176470588235295
64.55,NBA,Logistic_Regression,0,0,0.9424463341708857
64.55,NBA,Decision_Tree_NestedCV,0,0,0.9776286353467561
66.07,U14,Logistic_Regression,0,4,0.27015550677128614
66.07,U14,Decision_Tree_NestedCV,0,3,0.0
19.86,NBA,Logistic_Regression,0,3,0.13442168774184754
19.86,NBA,Decision_Tree_NestedCV,0,3,0.20833333333333334
62.94,EURO,Logistic_Regression,0,0,0.9164709841875928
62.94,EURO,Decision_Tree_NestedCV,0,0,0.9776286353467561
27.59,SLO1,Logistic_Regression,0,0,0.9630026945343232
27.59,SLO1,Decision_Tree_NestedCV,0,0,0.9776286353467561
48.83,U16,Logistic_Regression,0,0,0.932644951517821
48.83,U16,Decision_Tree_NestedCV,0,0,0.888235294117647
82.16,SLO1,Logistic_Regression,2,0,0.1830119716299197
82.16,SLO1,Decision_Tree_NestedCV,2,2,0.4713656387665198
88.35,SLO1,Logistic_Regression,0,0,0.9626836682491406
88.35,SLO1,Decision_Tree_NestedCV,0,0,0.9776286353467561
75.03,U14,Logistic_Regression,0,0,0.8665227251987773
75.03,U14,Decision_Tree_NestedCV,0,0,0.9340659340659341
40.97,U14,Logistic_Regression,0,3,0.3647063077927305
40.97,U14,Decision_Tree_NestedCV,0,3,0.2097560975609756
78.89,U14,Logistic_Regression,0,0,0.767880071014359
78.89,U14,Decision_Tree_NestedCV,0,0,0.9340659340659341
86.82,U16,Logistic_Regression,0,0,0.9178139669967578
86.82,U16,Decision_Tree_NestedCV,0,0,0.888235294117647
67.57,U16,Logistic_Regression,3,3,0.592873170873449
67.57,U16,Decision_Tree_NestedCV,3,3,0.7816091954022989
41.17,SLO1,Logistic_Regression,0,0,0.9781065569782758
41.17,SLO1,Decision_Tree_NestedCV,0,0,0.9776286353467561
19.82,NBA,Logistic_Regression,2,0,0.25289031235192794
19.82,NBA,Decision_Tree_NestedCV,2,2,0.4713656387665198
56.65,SLO1,Logistic_Regression,3,3,0.451156983180857
56.65,SLO1,Decision_Tree_NestedCV,3,2,0.21311475409836064
34.5,EURO,Logistic_Regression,0,0,0.9217758923756187
34.5,EURO,Decision_Tree_NestedCV,0,0,0.9776286353467561
42.11,NBA,Logistic_Regression,0,0,0.9302240706603617
42.11,NBA,Decision_Tree_NestedCV,0,0,0.9776286353467561
69.83,EURO,Logistic_Regression,3,3,0.8208195609977246
69.83,EURO,Decision_Tree_NestedCV,3,3,0.9629629629629629
41.68,NBA,Logistic_Regression,0,0,0.5674615819957133
41.68,NBA,Decision_Tree_NestedCV,0,2,0.4052863436123348
36.77,NBA,Logistic_Regression,0,0,0.9524369880029104
36.77,NBA,Decision_Tree_NestedCV,0,0,0.9776286353467561
13.34,EURO,Logistic_Regression,0,0,0.5287994158859333
13.34,EURO,Decision_Tree_NestedCV,0,2,0.4052863436123348
48.09,SLO1,Logistic_Regression,1,2,0.050129889336076594
48.09,SLO1,Decision_Tree_NestedCV,1,2,0.0778688524590164
84.71,EURO,Logistic_Regression,1,3,0.04749042701518545
84.71,EURO,Decision_Tree_NestedCV,1,3,0.11707317073170732
36.29,U16,Logistic_Regression,0,0,0.9189769936167573
36.29,U16,Decision_Tree_NestedCV,0,0,0.888235294117647
1.92,EURO,Logistic_Regression,0,0,0.4287433604688488
1.92,EURO,Decision_Tree_NestedCV,0,0,0.4634146341463415
40.99,U16,Logistic_Regression,4,3,0.34212711744583135
40.99,U16,Decision_Tree_NestedCV,4,0,0.21875
31.56,NBA,Logistic_Regression,0,0,0.944063478075599
31.56,NBA,Decision_Tree_NestedCV,0,0,0.9776286353467561
1.92,U14,Logistic_Regression,2,0,0.09035181900277331
1.92,U14,Decision_Tree_NestedCV,2,0,0.0
18.0,EURO,Logistic_Regression,4,4,0.6924380148077232
18.0,EURO,Decision_Tree_NestedCV,4,4,0.7164179104477612
0.0,SLO1,Logistic_Regression,0,0,0.622490141749363
0.0,SLO1,Decision_Tree_NestedCV,0,0,0.4634146341463415
47.66,NBA,Logistic_Regression,0,0,0.8321246072137114
47.66,NBA,Decision_Tree_NestedCV,0,0,0.9776286353467561
66.92,SLO1,Logistic_Regression,2,3,0.15915792682900348
66.92,SLO1,Decision_Tree_NestedCV,2,2,0.3401639344262295
60.91,EURO,Logistic_Regression,0,2,0.19453406242508714
60.91,EURO,Decision_Tree_NestedCV,0,3,0.2097560975609756
88.02,EURO,Logistic_Regression,0,0,0.885533406433874
88.02,EURO,Decision_Tree_NestedCV,0,0,0.9776286353467561
60.59,EURO,Logistic_Regression,0,0,0.9542118641971635
60.59,EURO,Decision_Tree_NestedCV,0,0,0.9776286353467561
50.94,NBA,Logistic_Regression,3,3,0.39542379293361585
50.94,NBA,Decision_Tree_NestedCV,3,3,0.44390243902439025
87.3,EURO,Logistic_Regression,0,3,0.2719785347300909
87.3,EURO,Decision_Tree_NestedCV,0,3,0.2097560975609756
45.73,NBA,Logistic_Regression,0,0,0.740567179468022
45.73,NBA,Decision_Tree_NestedCV,0,0,0.7906976744186046
60.12,EURO,Logistic_Regression,0,0,0.9443454766754694
60.12,EURO,Decision_Tree_NestedCV,0,0,0.9776286353467561
0.78,NBA,Logistic_Regression,0,0,0.9598122059551775
0.78,NBA,Decision_Tree_NestedCV,0,0,0.9776286353467561
89.58,EURO,Logistic_Regression,3,3,0.4829097646966094
89.58,EURO,Decision_Tree_NestedCV,3,4,0.11940298507462686
85.15,U16,Logistic_Regression,0,0,0.8862017131640919
85.15,U16,Decision_Tree_NestedCV,0,0,0.888235294117647
50.27,SLO1,Logistic_Regression,2,2,0.32821142620257393
50.27,SLO1,Decision_Tree_NestedCV,2,0,0.2962962962962963
23.64,SLO1,Logistic_Regression,0,0,0.9640957637140629
23.64,SLO1,Decision_Tree_NestedCV,0,0,0.9776286353467561
27.03,SLO1,Logistic_Regression,3,2,0.23557569562017505
27.03,SLO1,Decision_Tree_NestedCV,3,2,0.3023255813953488
45.84,EURO,Logistic_Regression,0,0,0.943903189390221
45.84,EURO,Decision_Tree_NestedCV,0,0,0.9776286353467561
64.28,SLO1,Logistic_Regression,2,3,0.2347803638580846
64.28,SLO1,Decision_Tree_NestedCV,2,0,0.2962962962962963
16.78,NBA,Logistic_Regression,0,0,0.9307432077722213
16.78,NBA,Decision_Tree_NestedCV,0,0,0.9776286353467561
81.46,NBA,Logistic_Regression,0,0,0.7750994879181072
81.46,NBA,Decision_Tree_NestedCV,0,0,0.76
41.91,SLO1,Logistic_Regression,0,0,0.9614198999425068
41.91,SLO1,Decision_Tree_NestedCV,0,0,0.9776286353467561
0.0,EURO,Logistic_Regression,3,2,0.10154025006690223
0.0,EURO,Decision_Tree_NestedCV,3,3,0.44390243902439025
4.52,U14,Logistic_Regression,0,0,0.5526947437736064
4.52,U14,Decision_Tree_NestedCV,0,0,0.9411764705882353
45.46,EURO,Logistic_Regression,3,3,0.7686150818645145
45.46,EURO,Decision_Tree_NestedCV,3,3,0.8055555555555556
21.04,SLO1,Logistic_Regression,0,0,0.966382047094265
21.04,SLO1,Decision_Tree_NestedCV,0,0,0.9776286353467561
45.62,NBA,Logistic_Regression,0,0,0.9269370284145584
45.62,NBA,Decision_Tree_NestedCV,0,0,0.9776286353467561
26.88,SLO1,Logistic_Regression,0,0,0.9603600400456933
26.88,SLO1,Decision_Tree_NestedCV,0,0,0.9776286353467561
43.27,EURO,Logistic_Regression,0,0,0.958089967228186
43.27,EURO,Decision_Tree_NestedCV,0,0,0.9776286353467561
24.46,EURO,Logistic_Regression,4,3,0.09557693107341561
24.46,EURO,Decision_Tree_NestedCV,4,3,0.22916666666666666
23.3,U14,Logistic_Regression,4,0,0.10447431594669468
23.3,U14,Decision_Tree_NestedCV,4,0,0.23333333333333334
33.84,EURO,Logistic_Regression,0,0,0.9464465132443541
33.84,EURO,Decision_Tree_NestedCV,0,0,0.9776286353467561
67.08,U16,Logistic_Regression,0,0,0.9323694508435068
67.08,U16,Decision_Tree_NestedCV,0,0,0.888235294117647
8.17,NBA,Logistic_Regression,4,4,0.37659106245006907
8.17,NBA,Decision_Tree_NestedCV,4,4,0.7164179104477612
65.16,SLO1,Logistic_Regression,0,3,0.3083558082565327
65.16,SLO1,Decision_Tree_NestedCV,0,2,0.27049180327868855
40.99,SLO1,Logistic_Regression,0,0,0.961451322481911
40.99,SLO1,Decision_Tree_NestedCV,0,0,0.9776286353467561
53.53,NBA,Logistic_Regression,0,3,0.26373529055490413
53.53,NBA,Decision_Tree_NestedCV,0,2,0.27049180327868855
41.84,NBA,Logistic_Regression,3,3,0.3671307567396727
41.84,NBA,Decision_Tree_NestedCV,3,3,0.44390243902439025
41.98,SLO1,Logistic_Regression,3,0,0.18368569234360999
41.98,SLO1,Decision_Tree_NestedCV,3,2,0.05726872246696035
53.42,SLO1,Logistic_Regression,0,0,0.9621242376157089
53.42,SLO1,Decision_Tree_NestedCV,0,0,0.9776286353467561
41.49,SLO1,Logistic_Regression,0,2,0.23386059981798374
41.49,SLO1,Decision_Tree_NestedCV,0,2,0.27049180327868855
71.36,U14,Logistic_Regression,0,0,0.6826167519640302
71.36,U14,Decision_Tree_NestedCV,0,0,0.6956521739130435
79.52,U16,Logistic_Regression,4,4,0.48523591624224477
79.52,U16,Decision_Tree_NestedCV,4,4,0.5
58.51,SLO1,Logistic_Regression,0,3,0.2784164318258619
58.51,SLO1,Decision_Tree_NestedCV,0,0,0.41975308641975306
3.21,U16,Logistic_Regression,2,0,0.22733451259816592
3.21,U16,Decision_Tree_NestedCV,2,3,0.06896551724137931
78.83,EURO,Logistic_Regression,3,3,0.41361926712013514
78.83,EURO,Decision_Tree_NestedCV,3,3,0.44390243902439025
76.42,SLO1,Logistic_Regression,0,0,0.96709442651863
76.42,SLO1,Decision_Tree_NestedCV,0,0,0.9776286353467561
88.87,EURO,Logistic_Regression,0,0,0.9104089730971483
88.87,EURO,Decision_Tree_NestedCV,0,0,0.9776286353467561
88.45,EURO,Logistic_Regression,4,0,0.4333521832416791
88.45,EURO,Decision_Tree_NestedCV,4,4,0.896551724137931
28.17,U16,Logistic_Regression,0,0,0.9191568599129998
28.17,U16,Decision_Tree_NestedCV,0,0,0.888235294117647
69.83,U16,Logistic_Regression,3,3,0.9051969375664796
69.83,U16,Decision_Tree_NestedCV,3,3,0.9094827586206896
21.19,EURO,Logistic_Regression,0,0,0.9500228434044748
21.19,EURO,Decision_Tree_NestedCV,0,0,0.9776286353467561
30.89,U14,Logistic_Regression,0,0,0.9111436803416092
30.89,U14,Decision_Tree_NestedCV,0,0,0.7666666666666667
3.38,NBA,Logistic_Regression,0,3,0.2490058692558783
3.38,NBA,Decision_Tree_NestedCV,0,4,0.16417910447761194
24.69,NBA,Logistic_Regression,0,0,0.7830109483300812
24.69,NBA,Decision_Tree_NestedCV,0,0,0.7906976744186046
39.39,EURO,Logistic_Regression,3,2,0.18563973123316177
39.39,EURO,Decision_Tree_NestedCV,3,2,0.21311475409836064
43.68,NBA,Logistic_Regression,4,3,0.11551202291594548
43.68,NBA,Decision_Tree_NestedCV,4,3,0.05555555555555555
64.28,EURO,Logistic_Regression,3,3,0.8407843017520432
64.28,EURO,Decision_Tree_NestedCV,3,3,0.9094827586206896
73.08,EURO,Logistic_Regression,3,3,0.7038586335203306
73.08,EURO,Decision_Tree_NestedCV,3,3,0.43617021276595747
87.01,SLO1,Logistic_Regression,0,0,0.9676618933905495
87.01,SLO1,Decision_Tree_NestedCV,0,0,0.9776286353467561
30.37,U14,Logistic_Regression,0,0,0.8914750407702259
30.37,U14,Decision_Tree_NestedCV,0,0,0.7666666666666667
31.48,SLO1,Logistic_Regression,3,0,0.1947480968484242
31.48,SLO1,Decision_Tree_NestedCV,3,2,0.21311475409836064
88.76,EURO,Logistic_Regression,0,0,0.9517897796032568
88.76,EURO,Decision_Tree_NestedCV,0,0,0.9776286353467561
23.25,U14,Logistic_Regression,0,0,0.8923050940108048
23.25,U14,Decision_Tree_NestedCV,0,0,0.7666666666666667
9.13,EURO,Logistic_Regression,2,2,0.4576407962467792
9.13,EURO,Decision_Tree_NestedCV,2,2,0.3401639344262295
26.31,EURO,Logistic_Regression,0,0,0.9470120888328263
26.31,EURO,Decision_Tree_NestedCV,0,0,0.9776286353467561
75.89,U14,Logistic_Regression,3,3,0.8709499135508558
75.89,U14,Decision_Tree_NestedCV,3,3,0.9094827586206896
88.55,EURO,Logistic_Regression,0,0,0.9442599195800366
88.55,EURO,Decision_Tree_NestedCV,0,0,0.9776286353467561
18.17,NBA,Logistic_Regression,0,0,0.9512386143773992
18.17,NBA,Decision_Tree_NestedCV,0,0,0.9776286353467561
81.43,EURO,Logistic_Regression,0,0,0.9266374572421026
81.43,EURO,Decision_Tree_NestedCV,0,0,0.9776286353467561
19.64,EURO,Logistic_Regression,0,0,0.7497517637543214
19.64,EURO,Decision_Tree_NestedCV,0,0,0.7906976744186046
28.47,NBA,Logistic_Regression,0,0,0.951683495863657
28.47,NBA,Decision_Tree_NestedCV,0,0,0.9776286353467561
1.94,NBA,Logistic_Regression,2,0,0.03465436764576781
1.94,NBA,Decision_Tree_NestedCV,2,0,0.00727069351230425
36.45,NBA,Logistic_Regression,4,0,0.2245949511919345
36.45,NBA,Decision_Tree_NestedCV,4,0,0.15853658536585366
28.54,SLO1,Logistic_Regression,2,0,0.3067114566434214
28.54,SLO1,Decision_Tree_NestedCV,2,2,0.4713656387665198
17.4,U14,Logistic_Regression,4,0,0.33701397485293955
17.4,U14,Decision_Tree_NestedCV,4,0,0.058823529411764705
89.22,EURO,Logistic_Regression,0,0,0.9523394471469486
89.22,EURO,Decision_Tree_NestedCV,0,0,0.9776286353467561
6.49,SLO1,Logistic_Regression,5,1,0.21980928511829345
6.49,SLO1,Decision_Tree_NestedCV,5,2,0.06976744186046512
52.3,U16,Logistic_Regression,0,0,0.9173254515013982
52.3,U16,Decision_Tree_NestedCV,0,0,0.888235294117647
78.91,U14,Logistic_Regression,4,0,0.08556762132899148
78.91,U14,Decision_Tree_NestedCV,4,0,0.5
39.23,U16,Logistic_Regression,3,3,0.8658160442895825
39.23,U16,Decision_Tree_NestedCV,3,3,0.9094827586206896
60.73,NBA,Logistic_Regression,3,3,0.35520317666818507
60.73,NBA,Decision_Tree_NestedCV,3,3,0.44390243902439025
47.67,SLO1,Logistic_Regression,2,0,0.37281864478624904
47.67,SLO1,Decision_Tree_NestedCV,2,2,0.4713656387665198
66.16,SLO1,Logistic_Regression,0,0,0.4640116972882768
66.16,SLO1,Decision_Tree_NestedCV,0,0,0.4634146341463415
74.55,SLO1,Logistic_Regression,3,3,0.9352887515655142
74.55,SLO1,Decision_Tree_NestedCV,3,3,0.9629629629629629
69.83,EURO,Logistic_Regression,3,3,0.843288358392704
69.83,EURO,Decision_Tree_NestedCV,3,3,0.9094827586206896
13.18,EURO,Logistic_Regression,0,2,0.1994666574705164
13.18,EURO,Decision_Tree_NestedCV,0,3,0.2097560975609756
52.99,U14,Logistic_Regression,3,3,0.7496087454692961
52.99,U14,Decision_Tree_NestedCV,3,3,0.9094827586206896
63.2,U16,Logistic_Regression,0,0,0.918518323775773
63.2,U16,Decision_Tree_NestedCV,0,0,0.888235294117647
45.51,U16,Logistic_Regression,3,3,0.5765023282247331
45.51,U16,Decision_Tree_NestedCV,3,3,0.7752808988764045
52.99,EURO,Logistic_Regression,2,2,0.29840705099892295
52.99,EURO,Decision_Tree_NestedCV,2,3,0.09090909090909091
16.54,U14,Logistic_Regression,0,0,0.5028073143194536
16.54,U14,Decision_Tree_NestedCV,0,4,0.36363636363636365
12.81,SLO1,Logistic_Regression,0,0,0.8209706511120478
12.81,SLO1,Decision_Tree_NestedCV,0,0,0.9802816901408451
13.02,U16,Logistic_Regression,0,0,0.8710070912393433
13.02,U16,Decision_Tree_NestedCV,0,0,0.898876404494382
8.38,SLO1,Logistic_Regression,4,0,0.01951904906806793
8.38,SLO1,Decision_Tree_NestedCV,4,2,0.03125
87.27,EURO,Logistic_Regression,0,0,0.946748755006019
87.27,EURO,Decision_Tree_NestedCV,0,0,0.9802816901408451
12.76,SLO1,Logistic_Regression,0,0,0.9609906765105539
12.76,SLO1,Decision_Tree_NestedCV,0,0,0.9802816901408451
14.81,NBA,Logistic_Regression,0,0,0.39977621548015324
14.81,NBA,Decision_Tree_NestedCV,0,2,0.3515625
83.99,EURO,Logistic_Regression,0,0,0.8702990576662561
83.99,EURO,Decision_Tree_NestedCV,0,0,0.9802816901408451
12.22,NBA,Logistic_Regression,0,0,0.855418012700083
12.22,NBA,Decision_Tree_NestedCV,0,0,0.9802816901408451
37.99,NBA,Logistic_Regression,0,0,0.9247772829438392
37.99,NBA,Decision_Tree_NestedCV,0,0,0.9802816901408451
1.41,NBA,Logistic_Regression,4,0,0.03714765877726024
1.41,NBA,Decision_Tree_NestedCV,4,0,0.011830985915492958
87.01,EURO,Logistic_Regression,0,0,0.9550446525828585
87.01,EURO,Decision_Tree_NestedCV,0,0,0.9802816901408451
22.13,EURO,Logistic_Regression,0,0,0.946426325072493
22.13,EURO,Decision_Tree_NestedCV,0,0,0.9802816901408451
36.79,SLO1,Logistic_Regression,0,0,0.9650212814596201
36.79,SLO1,Decision_Tree_NestedCV,0,0,0.9802816901408451
42.25,SLO1,Logistic_Regression,0,0,0.9664146414082824
42.25,SLO1,Decision_Tree_NestedCV,0,0,0.9802816901408451
69.35,U14,Logistic_Regression,3,3,0.6926129585594097
69.35,U14,Decision_Tree_NestedCV,3,3,0.4643734643734644
56.5,EURO,Logistic_Regression,0,0,0.9486713683552478
56.5,EURO,Decision_Tree_NestedCV,0,0,0.9802816901408451
4.84,EURO,Logistic_Regression,0,0,0.9502575870886786
4.84,EURO,Decision_Tree_NestedCV,0,0,0.9802816901408451
35.41,SLO1,Logistic_Regression,0,0,0.9679450606987603
35.41,SLO1,Decision_Tree_NestedCV,0,0,0.9802816901408451
80.53,EURO,Logistic_Regression,0,0,0.9556646880118926
80.53,EURO,Decision_Tree_NestedCV,0,0,0.9802816901408451
28.06,NBA,Logistic_Regression,3,3,0.35599986214797935
28.06,NBA,Decision_Tree_NestedCV,3,3,0.4643734643734644
86.79,EURO,Logistic_Regression,0,0,0.9609830276396564
86.79,EURO,Decision_Tree_NestedCV,0,0,0.9802816901408451
76.7,EURO,Logistic_Regression,0,0,0.9033549653716084
76.7,EURO,Decision_Tree_NestedCV,0,0,0.9802816901408451
20.96,SLO1,Logistic_Regression,0,0,0.8083566213654417
20.96,SLO1,Decision_Tree_NestedCV,0,0,0.9802816901408451
81.28,EURO,Logistic_Regression,2,0,0.06398171523763994
81.28,EURO,Decision_Tree_NestedCV,2,0,0.006197183098591549
26.89,NBA,Logistic_Regression,0,0,0.931148538322163
26.89,NBA,Decision_Tree_NestedCV,0,0,0.9802816901408451
87.48,U16,Logistic_Regression,0,0,0.9252454501238458
87.48,U16,Decision_Tree_NestedCV,0,0,0.898876404494382
17.27,NBA,Logistic_Regression,2,0,0.3031935182490214
17.27,NBA,Decision_Tree_NestedCV,2,2,0.4453125
4.2,EURO,Logistic_Regression,0,0,0.7621292462915913
4.2,EURO,Decision_Tree_NestedCV,0,0,0.9802816901408451
0.0,NBA,Logistic_Regression,0,0,0.9197022416432165
0.0,NBA,Decision_Tree_NestedCV,0,0,0.9802816901408451
80.02,U16,Logistic_Regression,4,3,0.015422989241041069
80.02,U16,Decision_Tree_NestedCV,4,3,0.033707865168539325
74.55,EURO,Logistic_Regression,0,3,0.1300881457471593
74.55,EURO,Decision_Tree_NestedCV,0,3,0.20393120393120392
35.54,SLO1,Logistic_Regression,3,3,0.8868333477850077
35.54,SLO1,Decision_Tree_NestedCV,3,3,0.8951612903225806
4.68,EURO,Logistic_Regression,0,0,0.9507009897302237
4.68,EURO,Decision_Tree_NestedCV,0,0,0.9802816901408451
27.74,U14,Logistic_Regression,4,0,0.08725420602604697
27.74,U14,Decision_Tree_NestedCV,4,4,1.0
47.75,U14,Logistic_Regression,0,3,0.3499223543798596
47.75,U14,Decision_Tree_NestedCV,0,3,0.20393120393120392
1.12,SLO1,Logistic_Regression,0,0,0.925077018735871
1.12,SLO1,Decision_Tree_NestedCV,0,0,0.9802816901408451
85.53,U14,Logistic_Regression,0,0,0.8494178744707012
85.53,U14,Decision_Tree_NestedCV,0,0,0.9285714285714286
10.93,U16,Logistic_Regression,0,3,0.15662120382776237
10.93,U16,Decision_Tree_NestedCV,0,3,0.3333333333333333
27.25,EURO,Logistic_Regression,0,0,0.943326376441392
27.25,EURO,Decision_Tree_NestedCV,0,0,0.9802816901408451
19.83,U14,Logistic_Regression,0,0,0.862422373296917
19.83,U14,Decision_Tree_NestedCV,0,0,0.9285714285714286
72.79,EURO,Logistic_Regression,0,0,0.9529318298251124
72.79,EURO,Decision_Tree_NestedCV,0,0,0.9802816901408451
35.95,EURO,Logistic_Regression,0,0,0.9497585764031932
35.95,EURO,Decision_Tree_NestedCV,0,0,0.9802816901408451
0.0,SLO1,Logistic_Regression,2,2,0.4792749813448706
0.0,SLO1,Decision_Tree_NestedCV,2,2,0.4453125
61.59,U16,Logistic_Regression,0,0,0.8472303132647997
61.59,U16,Decision_Tree_NestedCV,0,0,0.898876404494382
63.96,SLO1,Logistic_Regression,2,3,0.18258356074116952
63.96,SLO1,Decision_Tree_NestedCV,2,0,0.23157894736842105
45.46,SLO1,Logistic_Regression,5,3,0.06574786894824701
45.46,SLO1,Decision_Tree_NestedCV,5,0,0.09090909090909091
0.0,U14,Logistic_Regression,0,3,0.22740583064547948
0.0,U14,Decision_Tree_NestedCV,0,3,0.20393120393120392
30.92,EURO,Logistic_Regression,0,0,0.8878604000893142
30.92,EURO,Decision_Tree_NestedCV,0,0,0.9802816901408451
26.49,SLO1,Logistic_Regression,0,0,0.9629069062919984
26.49,SLO1,Decision_Tree_NestedCV,0,0,0.9802816901408451
67.57,EURO,Logistic_Regression,3,3,0.8111616323443539
67.57,EURO,Decision_Tree_NestedCV,3,3,1.0
41.52,SLO1,Logistic_Regression,0,0,0.9666801171779347
41.52,SLO1,Decision_Tree_NestedCV,0,0,0.9802816901408451
64.56,EURO,Logistic_Regression,0,0,0.9522425436339402
64.56,EURO,Decision_Tree_NestedCV,0,0,0.9802816901408451
37.2,NBA,Logistic_Regression,2,3,0.12049803389529702
37.2,NBA,Decision_Tree_NestedCV,2,3,0.09090909090909091
11.51,U16,Logistic_Regression,0,0,0.7555026313293713
11.51,U16,Decision_Tree_NestedCV,0,0,0.7920792079207921
26.81,SLO1,Logistic_Regression,2,2,0.3745189522548714
26.81,SLO1,Decision_Tree_NestedCV,2,2,0.28888888888888886
2.4,SLO1,Logistic_Regression,3,3,0.6039587473263693
2.4,SLO1,Decision_Tree_NestedCV,3,3,0.8349514563106796
28.35,SLO1,Logistic_Regression,3,2,0.21599055271238685
28.35,SLO1,Decision_Tree_NestedCV,3,2,0.26666666666666666
54.31,SLO1,Logistic_Regression,0,0,0.9334254154206126
54.31,SLO1,Decision_Tree_NestedCV,0,0,0.9802816901408451
83.71,SLO1,Logistic_Regression,0,0,0.9412483344828093
83.71,SLO1,Decision_Tree_NestedCV,0,0,0.9802816901408451
38.91,EURO,Logistic_Regression,0,0,0.9444728280521719
38.91,EURO,Decision_Tree_NestedCV,0,0,0.9802816901408451
87.86,EURO,Logistic_Regression,0,0,0.9508778342846061
87.86,EURO,Decision_Tree_NestedCV,0,0,0.9802816901408451
0.85,SLO1,Logistic_Regression,2,0,0.01086043743335535
0.85,SLO1,Decision_Tree_NestedCV,2,0,0.006197183098591549
24.87,SLO1,Logistic_Regression,0,0,0.9491601263602596
24.87,SLO1,Decision_Tree_NestedCV,0,0,0.9802816901408451
71.44,EURO,Logistic_Regression,0,0,0.9474897946762868
71.44,EURO,Decision_Tree_NestedCV,0,0,0.9802816901408451
5.48,SLO1,Logistic_Regression,3,2,0.1814181362639867
5.48,SLO1,Decision_Tree_NestedCV,3,0,0.2
26.77,EURO,Logistic_Regression,5,2,0.06205579148261515
26.77,EURO,Decision_Tree_NestedCV,5,0,0.031578947368421054
50.46,U14,Logistic_Regression,3,3,0.7167809479476773
50.46,U14,Decision_Tree_NestedCV,3,3,0.4643734643734644
45.28,SLO1,Logistic_Regression,0,0,0.34056755218023954
45.28,SLO1,Decision_Tree_NestedCV,0,2,0.3515625
31.66,U16,Logistic_Regression,0,0,0.8978183454579254
31.66,U16,Decision_Tree_NestedCV,0,0,0.898876404494382
88.09,SLO1,Logistic_Regression,0,0,0.9199051237366308
88.09,SLO1,Decision_Tree_NestedCV,0,0,0.9802816901408451
72.12,U14,Logistic_Regression,4,0,0.09838527507440477
72.12,U14,Decision_Tree_NestedCV,4,0,0.4444444444444444
15.45,SLO1,Logistic_Regression,0,0,0.9644658862003078
15.45,SLO1,Decision_Tree_NestedCV,0,0,0.9802816901408451
29.54,U16,Logistic_Regression,0,0,0.8840022323468102
29.54,U16,Decision_Tree_NestedCV,0,0,0.898876404494382
0.0,NBA,Logistic_Regression,0,0,0.8853819707208798
0.0,NBA,Decision_Tree_NestedCV,0,0,0.9802816901408451
42.91,U14,Logistic_Regression,4,0,0.09639780456497739
42.91,U14,Decision_Tree_NestedCV,4,0,0.2116788321167883
52.1,U16,Logistic_Regression,0,0,0.9330198110463722
52.1,U16,Decision_Tree_NestedCV,0,0,0.898876404494382
83.15,U14,Logistic_Regression,4,3,0.07560756796322583
83.15,U14,Decision_Tree_NestedCV,4,0,0.04878048780487805
47.29,SLO1,Logistic_Regression,0,0,0.9672067095086357
47.29,SLO1,Decision_Tree_NestedCV,0,0,0.9802816901408451
64.77,EURO,Logistic_Regression,3,3,0.44078926078373676
64.77,EURO,Decision_Tree_NestedCV,3,3,0.4643734643734644
16.42,EURO,Logistic_Regression,4,4,0.3998899543159018
16.42,EURO,Decision_Tree_NestedCV,4,4,0.5189873417721519
4.77,U14,Logistic_Regression,0,4,0.25456558187712086
4.77,U14,Decision_Tree_NestedCV,0,4,0.34177215189873417
52.25,NBA,Logistic_Regression,3,3,0.7953459767233031
52.25,NBA,Decision_Tree_NestedCV,3,3,0.8951612903225806
87.0,SLO1,Logistic_Regression,0,0,0.9301195979385924
87.0,SLO1,Decision_Tree_NestedCV,0,0,0.9802816901408451
59.42,EURO,Logistic_Regression,2,0,0.32046202333701385
59.42,EURO,Decision_Tree_NestedCV,2,2,0.4453125
41.74,SLO1,Logistic_Regression,0,0,0.9697308122845346
41.74,SLO1,Decision_Tree_NestedCV,0,0,0.9802816901408451
41.47,NBA,Logistic_Regression,3,1,0.26674987922302434
41.47,NBA,Decision_Tree_NestedCV,3,3,0.4643734643734644
4.3,NBA,Logistic_Regression,2,0,0.12533597192014434
4.3,NBA,Decision_Tree_NestedCV,2,0,0.35443037974683544
53.11,NBA,Logistic_Regression,3,3,0.4346969362092997
53.11,NBA,Decision_Tree_NestedCV,3,3,0.4643734643734644
38.71,EURO,Logistic_Regression,0,0,0.9455810707939794
38.71,EURO,Decision_Tree_NestedCV,0,0,0.9802816901408451
54.03,EURO,Logistic_Regression,0,0,0.9493291389465525
54.03,EURO,Decision_Tree_NestedCV,0,0,0.9802816901408451
37.02,SLO1,Logistic_Regression,2,2,0.4233789289080601
37.02,SLO1,Decision_Tree_NestedCV,2,2,0.4453125
65.54,SLO1,Logistic_Regression,0,0,0.9669017528236078
65.54,SLO1,Decision_Tree_NestedCV,0,0,0.9802816901408451
8.38,NBA,Logistic_Regression,3,3,0.7524600674706428
8.38,NBA,Decision_Tree_NestedCV,3,4,0.0
28.7,U16,Logistic_Regression,0,0,0.9062816622824724
28.7,U16,Decision_Tree_NestedCV,0,0,0.898876404494382
11.91,SLO1,Logistic_Regression,0,2,0.4211802584411525
11.91,SLO1,Decision_Tree_NestedCV,0,2,0.3515625
18.79,U16,Logistic_Regression,0,0,0.9269571692851157
18.79,U16,Decision_Tree_NestedCV,0,0,0.898876404494382
8.23,EURO,Logistic_Regression,3,3,0.7047483775335237
8.23,EURO,Decision_Tree_NestedCV,3,4,0.0
73.83,U14,Logistic_Regression,0,3,0.22024418873804558
73.83,U14,Decision_Tree_NestedCV,0,3,0.20393120393120392
46.02,NBA,Logistic_Regression,0,0,0.9458843984516335
46.02,NBA,Decision_Tree_NestedCV,0,0,0.9802816901408451
12.86,U14,Logistic_Regression,4,0,0.10079091455314929
12.86,U14,Decision_Tree_NestedCV,4,0,0.2116788321167883
0.0,EURO,Logistic_Regression,0,0,0.5127563948152232
0.0,EURO,Decision_Tree_NestedCV,0,2,0.3515625
76.29,SLO1,Logistic_Regression,0,0,0.8634496991422118
76.29,SLO1,Decision_Tree_NestedCV,0,0,0.9802816901408451
71.05,EURO,Logistic_Regression,0,0,0.9139094962654626
71.05,EURO,Decision_Tree_NestedCV,0,0,0.9802816901408451
28.02,NBA,Logistic_Regression,3,0,0.13076291431912315
28.02,NBA,Decision_Tree_NestedCV,3,0,0.5
86.28,EURO,Logistic_Regression,0,0,0.9111875764195182
86.28,EURO,Decision_Tree_NestedCV,0,0,0.9802816901408451
70.72,EURO,Logistic_Regression,0,0,0.8614934834374727
70.72,EURO,Decision_Tree_NestedCV,0,0,0.9802816901408451
7.12,EURO,Logistic_Regression,0,0,0.6144243058469306
7.12,EURO,Decision_Tree_NestedCV,0,0,0.7920792079207921
49.7,SLO1,Logistic_Regression,3,3,0.40235652430263263
49.7,SLO1,Decision_Tree_NestedCV,3,0,0.1038961038961039
18.65,NBA,Logistic_Regression,0,0,0.4257836988272941
18.65,NBA,Decision_Tree_NestedCV,0,2,0.3515625
41.7,NBA,Logistic_Regression,0,3,0.24333112138200147
41.7,NBA,Decision_Tree_NestedCV,0,3,0.20393120393120392
7.0,NBA,Logistic_Regression,0,0,0.886602301342793
7.0,NBA,Decision_Tree_NestedCV,0,0,0.9802816901408451
73.83,EURO,Logistic_Regression,3,3,0.43551195468854526
73.83,EURO,Decision_Tree_NestedCV,3,3,0.4643734643734644
7.01,NBA,Logistic_Regression,0,0,0.9059053507461381
7.01,NBA,Decision_Tree_NestedCV,0,0,0.9802816901408451
53.54,EURO,Logistic_Regression,0,0,0.9232242109336909
53.54,EURO,Decision_Tree_NestedCV,0,0,0.9802816901408451
25.15,U14,Logistic_Regression,0,0,0.8691432896170721
25.15,U14,Decision_Tree_NestedCV,0,0,0.9285714285714286
23.19,U14,Logistic_Regression,0,0,0.9005323729629874
23.19,U14,Decision_Tree_NestedCV,0,0,0.7883211678832117
0.0,EURO,Logistic_Regression,3,3,0.7338750922202419
0.0,EURO,Decision_Tree_NestedCV,3,3,1.0
62.05,EURO,Logistic_Regression,5,3,0.12260295555246396
62.05,EURO,Decision_Tree_NestedCV,5,3,0.07862407862407862
49.7,U14,Logistic_Regression,3,3,0.7503418641989383
49.7,U14,Decision_Tree_NestedCV,3,3,0.8951612903225806
48.34,U14,Logistic_Regression,4,0,0.10065681065573163
48.34,U14,Decision_Tree_NestedCV,4,0,0.2116788321167883
9.03,NBA,Logistic_Regression,0,0,0.921010808731706
9.03,NBA,Decision_Tree_NestedCV,0,0,0.9802816901408451
77.5,EURO,Logistic_Regression,3,3,0.415267612814275
77.5,EURO,Decision_Tree_NestedCV,3,3,0.4643734643734644
20.01,NBA,Logistic_Regression,0,0,0.7163430832120752
20.01,NBA,Decision_Tree_NestedCV,0,2,0.3515625
71.09,U14,Logistic_Regression,3,3,0.6140078187407225
71.09,U14,Decision_Tree_NestedCV,3,3,0.4643734643734644
35.36,EURO,Logistic_Regression,0,0,0.9447158725425618
35.36,EURO,Decision_Tree_NestedCV,0,0,0.9802816901408451
8.59,EURO,Logistic_Regression,2,2,0.4777953031198672
8.59,EURO,Decision_Tree_NestedCV,2,0,0.23157894736842105
45.76,EURO,Logistic_Regression,1,1,0.3382356449818898
45.76,EURO,Decision_Tree_NestedCV,1,3,0.11793611793611794
87.7,EURO,Logistic_Regression,0,0,0.9184439057412853
87.7,EURO,Decision_Tree_NestedCV,0,0,0.9802816901408451
45.21,SLO1,Logistic_Regression,3,3,0.7446574956423375
45.21,SLO1,Decision_Tree_NestedCV,3,3,0.8349514563106796
24.83,U14,Logistic_Regression,4,4,0.9395520231864579
24.83,U14,Decision_Tree_NestedCV,4,4,0.9545454545454546
6.06,U16,Logistic_Regression,0,3,0.13019075357222792
6.06,U16,Decision_Tree_NestedCV,0,3,0.3333333333333333
63.46,NBA,Logistic_Regression,1,3,0.2813003897363818
63.46,NBA,Decision_Tree_NestedCV,1,3,0.11793611793611794
82.89,SLO1,Logistic_Regression,4,0,0.02487705898491271
82.89,SLO1,Decision_Tree_NestedCV,4,0,0.011830985915492958
82.84,EURO,Logistic_Regression,3,3,0.8504887350285306
82.84,EURO,Decision_Tree_NestedCV,3,3,0.8951612903225806
32.68,SLO1,Logistic_Regression,0,0,0.965448804077353
32.68,SLO1,Decision_Tree_NestedCV,0,0,0.9802816901408451
76.87,NBA,Logistic_Regression,0,0,0.9568951421609159
76.87,NBA,Decision_Tree_NestedCV,0,0,0.9802816901408451
71.09,U16,Logistic_Regression,4,0,0.26729386921523685
71.09,U16,Decision_Tree_NestedCV,4,0,0.13953488372093023
39.16,U16,Logistic_Regression,0,0,0.8929155982104678
39.16,U16,Decision_Tree_NestedCV,0,0,0.898876404494382
41.49,NBA,Logistic_Regression,0,0,0.9371983458763024
41.49,NBA,Decision_Tree_NestedCV,0,0,0.9802816901408451
16.55,NBA,Logistic_Regression,0,0,0.9363505440225669
16.55,NBA,Decision_Tree_NestedCV,0,0,0.9802816901408451
65.66,U16,Logistic_Regression,0,0,0.8872017875191338
65.66,U16,Decision_Tree_NestedCV,0,0,0.898876404494382
0.69,EURO,Logistic_Regression,0,0,0.8081654950142856
0.69,EURO,Decision_Tree_NestedCV,0,0,0.9802816901408451
62.28,EURO,Logistic_Regression,3,3,0.7888035888810042
62.28,EURO,Decision_Tree_NestedCV,3,3,0.8951612903225806
73.3,EURO,Logistic_Regression,0,0,0.9300500755828003
73.3,EURO,Decision_Tree_NestedCV,0,0,0.9802816901408451
29.12,NBA,Logistic_Regression,0,3,0.09950812746311455
29.12,NBA,Decision_Tree_NestedCV,0,3,0.1702127659574468
0.0,EURO,Logistic_Regression,0,2,0.3723810648923854
0.0,EURO,Decision_Tree_NestedCV,0,2,0.3515625
57.01,U14,Logistic_Regression,4,3,0.20398243541320563
57.01,U14,Decision_Tree_NestedCV,4,3,0.06048387096774194
54.45,NBA,Logistic_Regression,2,0,0.2089981358818369
54.45,NBA,Decision_Tree_NestedCV,2,2,0.4453125
81.47,NBA,Logistic_Regression,0,0,0.9487103195656488
81.47,NBA,Decision_Tree_NestedCV,0,0,0.9802816901408451
9.13,EURO,Logistic_Regression,2,2,0.4347059002689181
9.13,EURO,Decision_Tree_NestedCV,2,0,0.35443037974683544
40.69,EURO,Logistic_Regression,0,0,0.9487070336013755
40.69,EURO,Decision_Tree_NestedCV,0,0,0.9802816901408451
8.57,NBA,Logistic_Regression,4,4,0.8690443398127842
8.57,NBA,Decision_Tree_NestedCV,4,0,0.0
41.03,SLO1,Logistic_Regression,0,0,0.9656112591879262
41.03,SLO1,Decision_Tree_NestedCV,0,0,0.9802816901408451
22.91,EURO,Logistic_Regression,0,0,0.8861347806582073
22.91,EURO,Decision_Tree_NestedCV,0,0,0.9802816901408451
88.4,NBA,Logistic_Regression,0,0,0.9509992927066231
88.4,NBA,Decision_Tree_NestedCV,0,0,0.9802816901408451
11.57,SLO1,Logistic_Regression,0,0,0.493039819806607
11.57,SLO1,Decision_Tree_NestedCV,0,2,0.3515625
76.74,EURO,Logistic_Regression,1,3,0.04337701077494799
76.74,EURO,Decision_Tree_NestedCV,1,3,0.11793611793611794
74.55,U14,Logistic_Regression,0,3,0.22539271612804537
74.55,U14,Decision_Tree_NestedCV,0,3,0.20393120393120392
72.56,U16,Logistic_Regression,0,0,0.47603636451461795
72.56,U16,Decision_Tree_NestedCV,0,0,0.8372093023255814
3.25,NBA,Logistic_Regression,0,0,0.9271031718555004
3.25,NBA,Decision_Tree_NestedCV,0,0,0.9802816901408451
65.96,SLO1,Logistic_Regression,3,3,0.3711113297620146
65.96,SLO1,Decision_Tree_NestedCV,3,3,0.8349514563106796
58.33,U16,Logistic_Regression,3,3,0.8779902616445173
58.33,U16,Decision_Tree_NestedCV,3,3,0.8951612903225806
36.37,NBA,Logistic_Regression,0,3,0.10069760382894344
36.37,NBA,Decision_Tree_NestedCV,0,3,0.04477611940298507
1.64,SLO1,Logistic_Regression,0,0,0.9617197562314785
1.64,SLO1,Decision_Tree_NestedCV,0,0,0.9802816901408451
0.0,SLO1,Logistic_Regression,0,2,0.41437093873405184
0.0,SLO1,Decision_Tree_NestedCV,0,0,0.3924050632911392
22.58,U14,Logistic_Regression,4,3,0.061266158943322754
22.58,U14,Decision_Tree_NestedCV,4,3,0.044226044226044224
36.41,NBA,Logistic_Regression,0,0,0.9326692362733131
36.41,NBA,Decision_Tree_NestedCV,0,0,0.9802816901408451
62.82,SLO1,Logistic_Regression,3,3,0.4433883475231648
62.82,SLO1,Decision_Tree_NestedCV,3,2,0.13020833333333334
41.89,SLO1,Logistic_Regression,2,2,0.34541728526934656
41.89,SLO1,Decision_Tree_NestedCV,2,2,0.4453125
41.94,SLO1,Logistic_Regression,2,3,0.2729029217049425
41.94,SLO1,Decision_Tree_NestedCV,2,0,0.3116883116883117
50.35,EURO,Logistic_Regression,0,0,0.9454131644622712
50.35,EURO,Decision_Tree_NestedCV,0,0,0.9802816901408451
52.4,EURO,Logistic_Regression,0,0,0.951596440237667
52.4,EURO,Decision_Tree_NestedCV,0,0,0.9802816901408451
26.88,SLO1,Logistic_Regression,0,0,0.9620687538134876
26.88,SLO1,Decision_Tree_NestedCV,0,0,0.9802816901408451
57.01,U16,Logistic_Regression,3,3,0.8123430915771784
57.01,U16,Decision_Tree_NestedCV,3,3,0.8951612903225806
74.75,EURO,Logistic_Regression,0,0,0.6765469245766406
74.75,EURO,Decision_Tree_NestedCV,0,0,0.3924050632911392
0.0,NBA,Logistic_Regression,5,1,0.11225455900079023
0.0,NBA,Decision_Tree_NestedCV,5,3,0.07862407862407862
17.08,EURO,Logistic_Regression,0,0,0.9507908902344276
17.08,EURO,Decision_Tree_NestedCV,0,0,0.9802816901408451
48.38,U16,Logistic_Regression,2,0,0.15897988427336648
48.38,U16,Decision_Tree_NestedCV,2,2,0.4453125
42.25,U16,Logistic_Regression,0,0,0.9302559339565872
42.25,U16,Decision_Tree_NestedCV,0,0,0.898876404494382
3.61,U16,Logistic_Regression,3,3,0.4472117188024079
3.61,U16,Decision_Tree_NestedCV,3,3,0.7752808988764045
24.59,NBA,Logistic_Regression,4,4,0.9477818106531304
24.59,NBA,Decision_Tree_NestedCV,4,4,0.9545454545454546
6.98,U14,Logistic_Regression,0,0,0.757549041250893
6.98,U14,Decision_Tree_NestedCV,0,0,0.8536585365853658
60.91,EURO,Logistic_Regression,2,3,0.2088879382077086
60.91,EURO,Decision_Tree_NestedCV,2,3,0.09090909090909091
60.67,EURO,Logistic_Regression,0,0,0.9220843575992753
60.67,EURO,Decision_Tree_NestedCV,0,0,0.9802816901408451
29.62,U14,Logistic_Regression,0,0,0.9157313951231776
29.62,U14,Decision_Tree_NestedCV,0,0,0.7883211678832117
74.55,SLO1,Logistic_Regression,2,3,0.11939387989409278
74.55,SLO1,Decision_Tree_NestedCV,2,0,0.3116883116883117
11.61,U14,Logistic_Regression,4,4,0.5757992805138288
11.61,U14,Decision_Tree_NestedCV,4,4,0.5189873417721519
55.84,U14,Logistic_Regression,3,3,0.8090776675340473
55.84,U14,Decision_Tree_NestedCV,3,3,0.8951612903225806
21.19,NBA,Logistic_Regression,0,0,0.9478749963285252
21.19,NBA,Decision_Tree_NestedCV,0,0,0.9802816901408451
26.86,EURO,Logistic_Regression,3,3,0.739859117183713
26.86,EURO,Decision_Tree_NestedCV,3,3,0.5957446808510638
6.14,SLO1,Logistic_Regression,0,0,0.9639664978396287
6.14,SLO1,Decision_Tree_NestedCV,0,0,0.9802816901408451
78.54,SLO1,Logistic_Regression,3,0,0.003681878526243027
78.54,SLO1,Decision_Tree_NestedCV,3,0,0.0016901408450704226
27.43,SLO1,Logistic_Regression,0,0,0.9629931894169215
27.43,SLO1,Decision_Tree_NestedCV,0,0,0.9802816901408451
72.93,U14,Logistic_Regression,0,3,0.1456396105512611
72.93,U14,Decision_Tree_NestedCV,0,3,0.20393120393120392
48.3,SLO1,Logistic_Regression,3,3,0.8263603348215777
48.3,SLO1,Decision_Tree_NestedCV,3,3,1.0
54.23,U14,Logistic_Regression,3,3,0.7625708451008265
54.23,U14,Decision_Tree_NestedCV,3,3,0.41379310344827586
8.12,U14,Logistic_Regression,0,4,0.2973674191674055
8.12,U14,Decision_Tree_NestedCV,0,4,0.045454545454545456
25.98,U14,Logistic_Regression,0,0,0.7002472522389144
25.98,U14,Decision_Tree_NestedCV,0,0,0.8536585365853658
77.03,U14,Logistic_Regression,3,3,0.784453181871119
77.03,U14,Decision_Tree_NestedCV,3,3,0.8951612903225806
83.2,SLO1,Logistic_Regression,0,0,0.9447340254684412
83.2,SLO1,Decision_Tree_NestedCV,0,0,0.9802816901408451
84.41,U16,Logistic_Regression,0,0,0.9305476874592072
84.41,U16,Decision_Tree_NestedCV,0,0,0.898876404494382
34.78,EURO,Logistic_Regression,0,0,0.9499502925714952
34.78,EURO,Decision_Tree_NestedCV,0,0,0.9802816901408451
40.96,NBA,Logistic_Regression,0,0,0.9556750525836183
40.96,NBA,Decision_Tree_NestedCV,0,0,0.9802816901408451
76.74,EURO,Logistic_Regression,3,3,0.8221378059617223
76.74,EURO,Decision_Tree_NestedCV,3,3,0.8507462686567164
38.52,SLO1,Logistic_Regression,0,2,0.3313495814732362
38.52,SLO1,Decision_Tree_NestedCV,0,2,0.3515625
62.28,U16,Logistic_Regression,3,3,0.6444524777795627
62.28,U16,Decision_Tree_NestedCV,3,3,0.7752808988764045
43.59,NBA,Logistic_Regression,4,3,0.018139583143367784
43.59,NBA,Decision_Tree_NestedCV,4,3,0.044226044226044224
86.59,U14,Logistic_Regression,4,0,0.06647828220237928
86.59,U14,Decision_Tree_NestedCV,4,0,0.14285714285714285
59.21,EURO,Logistic_Regression,2,0,0.33492127130444443
59.21,EURO,Decision_Tree_NestedCV,2,2,0.4453125
27.98,EURO,Logistic_Regression,0,0,0.9501325159989141
27.98,EURO,Decision_Tree_NestedCV,0,0,0.9802816901408451
87.82,NBA,Logistic_Regression,0,3,0.17289435014403007
87.82,NBA,Decision_Tree_NestedCV,0,3,0.20393120393120392
31.48,EURO,Logistic_Regression,3,1,0.18952470812916208
31.48,EURO,Decision_Tree_NestedCV,3,3,0.4643734643734644
49.99,EURO,Logistic_Regression,4,4,0.868633148743403
49.99,EURO,Decision_Tree_NestedCV,4,4,0.9545454545454546
46.53,SLO1,Logistic_Regression,3,3,0.5967966058415718
46.53,SLO1,Decision_Tree_NestedCV,3,3,0.8349514563106796
88.37,NBA,Logistic_Regression,0,0,0.9235616591454099
88.37,NBA,Decision_Tree_NestedCV,0,0,0.9802816901408451
5.23,U14,Logistic_Regression,0,0,0.49490217305942924
5.23,U14,Decision_Tree_NestedCV,0,0,0.6363636363636364
28.17,SLO1,Logistic_Regression,0,0,0.9634765406643868
28.17,SLO1,Decision_Tree_NestedCV,0,0,0.9802816901408451
59.85,EURO,Logistic_Regression,0,0,0.9276323131365593
59.85,EURO,Decision_Tree_NestedCV,0,0,0.9802816901408451
28.35,U16,Logistic_Regression,0,3,0.08379299606423998
28.35,U16,Decision_Tree_NestedCV,0,3,0.1702127659574468
59.68,SLO1,Logistic_Regression,0,0,0.9631777292893062
59.68,SLO1,Decision_Tree_NestedCV,0,0,0.9802816901408451
52.56,EURO,Logistic_Regression,0,0,0.9500649176896652
52.56,EURO,Decision_Tree_NestedCV,0,0,0.9802816901408451
50.41,EURO,Logistic_Regression,0,0,0.9581086219328183
50.41,EURO,Decision_Tree_NestedCV,0,0,0.9802816901408451
23.19,SLO1,Logistic_Regression,0,0,0.9638552580028394
23.19,SLO1,Decision_Tree_NestedCV,0,0,0.9802816901408451
34.19,EURO,Logistic_Regression,0,0,0.9448929390036681
34.19,EURO,Decision_Tree_NestedCV,0,0,0.9802816901408451
49.18,SLO1,Logistic_Regression,3,3,0.8434394632724127
49.18,SLO1,Decision_Tree_NestedCV,3,3,0.8349514563106796
87.23,EURO,Logistic_Regression,0,0,0.8834493556381502
87.23,EURO,Decision_Tree_NestedCV,0,0,0.9802816901408451
38.43,NBA,Logistic_Regression,0,0,0.9361030094023208
38.43,NBA,Decision_Tree_NestedCV,0,0,0.9802816901408451
66.63,EURO,Logistic_Regression,0,0,0.5616449415844914
66.63,EURO,Decision_Tree_NestedCV,0,0,0.3924050632911392
67.57,U14,Logistic_Regression,4,3,0.19973934048207656
67.57,U14,Decision_Tree_NestedCV,4,3,0.0
74.55,U14,Logistic_Regression,3,3,0.802404114280042
74.55,U14,Decision_Tree_NestedCV,3,3,0.8951612903225806
18.08,NBA,Logistic_Regression,0,0,0.7106590877811002
18.08,NBA,Decision_Tree_NestedCV,0,0,0.7920792079207921
61.9,U16,Logistic_Regression,0,0,0.931154390972955
61.9,U16,Decision_Tree_NestedCV,0,0,0.898876404494382
54.77,EURO,Logistic_Regression,0,0,0.9390826010164421
54.77,EURO,Decision_Tree_NestedCV,0,0,0.9802816901408451
63.64,SLO1,Logistic_Regression,3,3,0.577612784485593
63.64,SLO1,Decision_Tree_NestedCV,3,3,0.8349514563106796
54.09,SLO1,Logistic_Regression,0,0,0.929884606165285
54.09,SLO1,Decision_Tree_NestedCV,0,0,0.9802816901408451
42.29,U16,Logistic_Regression,3,3,0.8667152262186792
42.29,U16,Decision_Tree_NestedCV,3,3,0.8951612903225806
33.5,EURO,Logistic_Regression,0,0,0.9442491993900263
33.5,EURO,Decision_Tree_NestedCV,0,0,0.9802816901408451
67.88,EURO,Logistic_Regression,0,0,0.945729749752693
67.88,EURO,Decision_Tree_NestedCV,0,0,0.9802816901408451
34.84,NBA,Logistic_Regression,0,0,0.9375019859970138
34.84,NBA,Decision_Tree_NestedCV,0,0,0.9802816901408451
0.59,U16,Logistic_Regression,0,0,0.9082872813555892
0.59,U16,Decision_Tree_NestedCV,0,0,0.898876404494382
23.85,U14,Logistic_Regression,0,3,0.12791335418365674
23.85,U14,Decision_Tree_NestedCV,0,3,0.1702127659574468
1.69,NBA,Logistic_Regression,0,0,0.9214484043776747
1.69,NBA,Decision_Tree_NestedCV,0,0,0.9802816901408451
47.57,EURO,Logistic_Regression,0,0,0.8153688005272937
47.57,EURO,Decision_Tree_NestedCV,0,0,0.9802816901408451
67.71,U16,Logistic_Regression,3,3,0.8104488504032198
67.71,U16,Decision_Tree_NestedCV,3,3,0.41379310344827586
73.5,NBA,Logistic_Regression,4,0,0.054307456679161974
73.5,NBA,Decision_Tree_NestedCV,4,2,0.03125
0.42,SLO1,Logistic_Regression,0,0,0.9600500006124937
0.42,SLO1,Decision_Tree_NestedCV,0,0,0.9802816901408451
50.05,NBA,Logistic_Regression,4,3,0.028126462193036272
50.05,NBA,Decision_Tree_NestedCV,4,0,0.09473684210526316
29.25,EURO,Logistic_Regression,0,0,0.5422012594189108
29.25,EURO,Decision_Tree_NestedCV,0,2,0.3515625
2.3,U16,Logistic_Regression,2,0,0.15740500461831264
2.3,U16,Decision_Tree_NestedCV,2,2,0.4453125
65.78,U14,Logistic_Regression,4,0,0.11034597212606205
65.78,U14,Decision_Tree_NestedCV,4,0,0.4444444444444444
67.3,NBA,Logistic_Regression,0,0,0.9135980674963772
67.3,NBA,Decision_Tree_NestedCV,0,0,0.9802816901408451
8.23,EURO,Logistic_Regression,2,0,0.12289710769809568
8.23,EURO,Decision_Tree_NestedCV,2,0,0.006197183098591549
44.93,U14,Logistic_Regression,0,0,0.9149000864097634
44.93,U14,Decision_Tree_NestedCV,0,0,0.7883211678832117
48.7,NBA,Logistic_Regression,3,3,0.7603619294854502
48.7,NBA,Decision_Tree_NestedCV,3,3,0.8507462686567164
27.39,NBA,Logistic_Regression,2,0,0.26771007152320014
27.39,NBA,Decision_Tree_NestedCV,2,2,0.4453125
53.24,EURO,Logistic_Regression,0,0,0.946710942272323
53.24,EURO,Decision_Tree_NestedCV,0,0,0.9802816901408451
0.99,NBA,Logistic_Regression,0,0,0.8049246139676843
0.99,NBA,Decision_Tree_NestedCV,0,0,0.7920792079207921
61.52,EURO,Logistic_Regression,0,0,0.6691159066747734
61.52,EURO,Decision_Tree_NestedCV,0,0,0.3924050632911392
66.68,EURO,Logistic_Regression,0,0,0.9248204722182599
66.68,EURO,Decision_Tree_NestedCV,0,0,0.9802816901408451
2.5,SLO1,Logistic_Regression,0,2,0.28647091253861157
2.5,SLO1,Decision_Tree_NestedCV,0,2,0.3515625
57.98,NBA,Logistic_Regression,3,3,0.792332563189977
57.98,NBA,Decision_Tree_NestedCV,3,3,0.8951612903225806
8.48,U16,Logistic_Regression,0,0,0.8979860166528878
8.48,U16,Decision_Tree_NestedCV,0,0,0.898876404494382
52.99,SLO1,Logistic_Regression,0,3,0.1580128674290141
52.99,SLO1,Decision_Tree_NestedCV,0,0,0.4155844155844156
60.37,EURO,Logistic_Regression,0,0,0.35219488152995104
60.37,EURO,Decision_Tree_NestedCV,0,0,0.29473684210526313
29.91,NBA,Logistic_Regression,0,0,0.8955041665450716
29.91,NBA,Decision_Tree_NestedCV,0,0,0.9802816901408451
56.03,SLO1,Logistic_Regression,0,0,0.9675414209549201
56.03,SLO1,Decision_Tree_NestedCV,0,0,0.9802816901408451
25.24,NBA,Logistic_Regression,0,0,0.9338192837237048
25.24,NBA,Decision_Tree_NestedCV,0,0,0.9802816901408451
2.64,NBA,Logistic_Regression,4,3,0.26096864247353524
2.64,NBA,Decision_Tree_NestedCV,4,3,0.25287356321839083
56.73,SLO1,Logistic_Regression,0,3,0.2971601431166054
56.73,SLO1,Decision_Tree_NestedCV,0,0,0.29473684210526313
6.95,NBA,Logistic_Regression,0,0,0.5631790682913789
6.95,NBA,Decision_Tree_NestedCV,0,2,0.3515625
49.1,NBA,Logistic_Regression,4,3,0.1188577092716658
49.1,NBA,Decision_Tree_NestedCV,4,3,0.0
59.97,U16,Logistic_Regression,3,3,0.8906233048284456
59.97,U16,Decision_Tree_NestedCV,3,3,0.8951612903225806
67.28,EURO,Logistic_Regression,0,3,0.17401529087359224
67.28,EURO,Decision_Tree_NestedCV,0,3,0.20393120393120392
85.37,EURO,Logistic_Regression,0,0,0.7982554158092124
85.37,EURO,Decision_Tree_NestedCV,0,0,0.7920792079207921
78.36,SLO1,Logistic_Regression,0,0,0.9561798115890643
78.36,SLO1,Decision_Tree_NestedCV,0,0,0.9802816901408451
39.79,U14,Logistic_Regression,0,0,0.8376551547544301
39.79,U14,Decision_Tree_NestedCV,0,0,0.9285714285714286
69.19,NBA,Logistic_Regression,0,0,0.9312682589715631
69.19,NBA,Decision_Tree_NestedCV,0,0,0.9802816901408451
35.51,SLO1,Logistic_Regression,0,0,0.9642395711721968
35.51,SLO1,Decision_Tree_NestedCV,0,0,0.9802816901408451
8.38,SLO1,Logistic_Regression,4,0,0.026131912635774867
8.38,SLO1,Decision_Tree_NestedCV,4,2,0.03125
89.22,U16,Logistic_Regression,4,0,0.08050771404607958
89.22,U16,Decision_Tree_NestedCV,4,0,0.10112359550561797
0.82,SLO1,Logistic_Regression,0,0,0.7804301872398038
0.82,SLO1,Decision_Tree_NestedCV,0,0,0.9802816901408451
74.78,EURO,Logistic_Regression,0,0,0.9460588728715115
74.78,EURO,Decision_Tree_NestedCV,0,0,0.9802816901408451
86.99,EURO,Logistic_Regression,0,0,0.9456074039714248
86.99,EURO,Decision_Tree_NestedCV,0,0,0.9802816901408451
62.29,NBA,Logistic_Regression,2,0,0.17678130093703193
62.29,NBA,Decision_Tree_NestedCV,2,0,0.35443037974683544
33.73,EURO,Logistic_Regression,0,0,0.9438767618587439
33.73,EURO,Decision_Tree_NestedCV,0,0,0.9802816901408451
62.82,EURO,Logistic_Regression,2,2,0.370178558148828
62.82,EURO,Decision_Tree_NestedCV,2,2,0.4453125
70.35,SLO1,Logistic_Regression,0,0,0.9677904978382004
70.35,SLO1,Decision_Tree_NestedCV,0,0,0.9802816901408451
13.14,NBA,Logistic_Regression,0,0,0.9457464490336348
13.14,NBA,Decision_Tree_NestedCV,0,0,0.9802816901408451
7.62,EURO,Logistic_Regression,0,2,0.4029676283309241
7.62,EURO,Decision_Tree_NestedCV,0,2,0.3515625
86.6,EURO,Logistic_Regression,0,0,0.9465118379732397
86.6,EURO,Decision_Tree_NestedCV,0,0,0.9802816901408451
87.01,EURO,Logistic_Regression,0,0,0.9460384768070439
87.01,EURO,Decision_Tree_NestedCV,0,0,0.9802816901408451
87.74,SLO1,Logistic_Regression,2,0,0.058274137541171944
87.74,SLO1,Decision_Tree_NestedCV,2,0,0.006197183098591549
64.04,SLO1,Logistic_Regression,2,3,0.2587771085186572
64.04,SLO1,Decision_Tree_NestedCV,2,0,0.3116883116883117
52.74,NBA,Logistic_Regression,0,0,0.9456322897797591
52.74,NBA,Decision_Tree_NestedCV,0,0,0.9802816901408451
38.52,EURO,Logistic_Regression,1,3,0.10959268206027982
38.52,EURO,Decision_Tree_NestedCV,1,3,0.11793611793611794
66.29,SLO1,Logistic_Regression,0,0,0.9676650797900433
66.29,SLO1,Decision_Tree_NestedCV,0,0,0.9802816901408451
27.15,EURO,Logistic_Regression,0,0,0.9337064121629343
27.15,EURO,Decision_Tree_NestedCV,0,0,0.9802816901408451
87.43,EURO,Logistic_Regression,0,0,0.9456420537743461
87.43,EURO,Decision_Tree_NestedCV,0,0,0.9802816901408451
64.98,SLO1,Logistic_Regression,3,2,0.29518698290536416
64.98,SLO1,Decision_Tree_NestedCV,3,2,0.13020833333333334
0.0,EURO,Logistic_Regression,0,0,0.9448693017112672
0.0,EURO,Decision_Tree_NestedCV,0,0,0.9802816901408451
85.21,SLO1,Logistic_Regression,0,0,0.9645491450760643
85.21,SLO1,Decision_Tree_NestedCV,0,0,0.9802816901408451
27.18,U14,Logistic_Regression,4,0,0.379502629339091
27.18,U14,Decision_Tree_NestedCV,4,4,0.5454545454545454
71.35,U16,Logistic_Regression,0,0,0.5860407977589255
71.35,U16,Decision_Tree_NestedCV,0,2,0.3515625
42.59,EURO,Logistic_Regression,0,0,0.9465367836394143
42.59,EURO,Decision_Tree_NestedCV,0,0,0.9802816901408451
32.24,EURO,Logistic_Regression,0,0,0.9113719940034899
32.24,EURO,Decision_Tree_NestedCV,0,0,0.9802816901408451
1.31,EURO,Logistic_Regression,0,0,0.8533483654216205
1.31,EURO,Decision_Tree_NestedCV,0,0,0.9802816901408451
3.48,EURO,Logistic_Regression,2,2,0.4537267410744841
3.48,EURO,Decision_Tree_NestedCV,2,2,0.4453125
71.22,EURO,Logistic_Regression,3,3,0.7282259381019824
71.22,EURO,Decision_Tree_NestedCV,3,3,0.8507462686567164
0.0,SLO1,Logistic_Regression,0,0,0.8391710894923848
0.0,SLO1,Decision_Tree_NestedCV,0,0,0.9802816901408451
45.23,U14,Logistic_Regression,0,0,0.582244168375965
45.23,U14,Decision_Tree_NestedCV,0,0,0.8536585365853658
77.6,U16,Logistic_Regression,3,3,0.8952180846625746
77.6,U16,Decision_Tree_NestedCV,3,3,0.8951612903225806
62.65,U14,Logistic_Regression,3,3,0.5077273737535362
62.65,U14,Decision_Tree_NestedCV,3,3,0.4643734643734644
49.12,SLO1,Logistic_Regression,0,3,0.1669896002586463
49.12,SLO1,Decision_Tree_NestedCV,0,0,0.4155844155844156
79.59,SLO1,Logistic_Regression,0,0,0.9652218905712807
79.59,SLO1,Decision_Tree_NestedCV,0,0,0.9802816901408451
10.49,EURO,Logistic_Regression,5,2,0.12842862321771628
10.49,EURO,Decision_Tree_NestedCV,5,3,0.07862407862407862
1.65,SLO1,Logistic_Regression,0,0,0.9622991086963423
1.65,SLO1,Decision_Tree_NestedCV,0,0,0.9802816901408451
30.57,NBA,Logistic_Regression,1,0,0.06239187362172423
30.57,NBA,Decision_Tree_NestedCV,1,2,0.028645833333333332
41.27,U14,Logistic_Regression,0,0,0.8984381397704473
41.27,U14,Decision_Tree_NestedCV,0,0,0.7883211678832117
79.56,EURO,Logistic_Regression,0,3,0.24853595540247292
79.56,EURO,Decision_Tree_NestedCV,0,3,0.20393120393120392
4.25,EURO,Logistic_Regression,0,2,0.2750583373842703
4.25,EURO,Decision_Tree_NestedCV,0,2,0.3515625
74.31,SLO1,Logistic_Regression,0,3,0.23831832675246037
74.31,SLO1,Decision_Tree_NestedCV,0,0,0.4155844155844156
40.75,EURO,Logistic_Regression,0,0,0.9451161832192176
40.75,EURO,Decision_Tree_NestedCV,0,0,0.9802816901408451
66.6,U16,Logistic_Regression,2,3,0.12929797073484417
66.6,U16,Decision_Tree_NestedCV,2,3,0.07865168539325842
46.32,SLO1,Logistic_Regression,2,3,0.2269907995256953
46.32,SLO1,Decision_Tree_NestedCV,2,0,0.3116883116883117
84.81,SLO1,Logistic_Regression,0,0,0.9649509490999972
84.81,SLO1,Decision_Tree_NestedCV,0,0,0.9802816901408451
86.54,EURO,Logistic_Regression,0,0,0.9455718531197228
86.54,EURO,Decision_Tree_NestedCV,0,0,0.9802816901408451
81.52,U16,Logistic_Regression,0,0,0.8033036819943467
81.52,U16,Decision_Tree_NestedCV,0,0,0.7920792079207921
48.55,EURO,Logistic_Regression,0,0,0.9450713080642237
48.55,EURO,Decision_Tree_NestedCV,0,0,0.9802816901408451
1.13,EURO,Logistic_Regression,0,0,0.9493648922376409
1.13,EURO,Decision_Tree_NestedCV,0,0,0.9802816901408451
32.36,NBA,Logistic_Regression,0,0,0.7141653380667758
32.36,NBA,Decision_Tree_NestedCV,0,2,0.3515625
28.35,SLO1,Logistic_Regression,3,2,0.21599055271238685
28.35,SLO1,Decision_Tree_NestedCV,3,2,0.26666666666666666
33.38,U14,Logistic_Regression,0,0,0.9135069398486081
33.38,U14,Decision_Tree_NestedCV,0,0,0.7883211678832117
21.28,U14,Logistic_Regression,0,0,0.8994147484924072
21.28,U14,Decision_Tree_NestedCV,0,0,0.7883211678832117
53.76,EURO,Logistic_Regression,3,3,0.7370249358979312
53.76,EURO,Decision_Tree_NestedCV,3,3,1.0
17.47,SLO1,Logistic_Regression,0,0,0.9651756646237543
17.47,SLO1,Decision_Tree_NestedCV,0,0,0.9802816901408451
1.12,SLO1,Logistic_Regression,0,0,0.5049428934914867
1.12,SLO1,Decision_Tree_NestedCV,0,0,1.0
8.79,EURO,Logistic_Regression,0,0,0.8439650206337529
8.79,EURO,Decision_Tree_NestedCV,0,0,0.9802816901408451
48.51,EURO,Logistic_Regression,0,0,0.9457067956219384
48.51,EURO,Decision_Tree_NestedCV,0,0,0.9802816901408451
69.35,U16,Logistic_Regression,3,3,0.870409468315666
69.35,U16,Decision_Tree_NestedCV,3,3,0.8951612903225806
84.92,NBA,Logistic_Regression,0,0,0.9458399313489407
84.92,NBA,Decision_Tree_NestedCV,0,0,0.9802816901408451
6.3,NBA,Logistic_Regression,0,0,0.94826015432003
6.3,NBA,Decision_Tree_NestedCV,0,0,0.9802816901408451
69.46,NBA,Logistic_Regression,0,0,0.9514043823015472
69.46,NBA,Decision_Tree_NestedCV,0,0,0.9802816901408451
66.74,EURO,Logistic_Regression,0,0,0.9451890869764481
66.74,EURO,Decision_Tree_NestedCV,0,0,0.9802816901408451
62.68,NBA,Logistic_Regression,0,0,0.724721374071184
62.68,NBA,Decision_Tree_NestedCV,0,2,0.3515625
65.94,SLO1,Logistic_Regression,0,0,0.964380577636807
65.94,SLO1,Decision_Tree_NestedCV,0,0,0.9802816901408451
22.75,EURO,Logistic_Regression,0,0,0.9437858108095911
22.75,EURO,Decision_Tree_NestedCV,0,0,0.9802816901408451
6.49,EURO,Logistic_Regression,5,2,0.16602704301443785
6.49,EURO,Decision_Tree_NestedCV,5,3,0.07862407862407862
35.56,SLO1,Logistic_Regression,0,0,0.6165222157375182
35.56,SLO1,Decision_Tree_NestedCV,0,0,0.5789473684210527
33.26,SLO1,Logistic_Regression,4,2,0.009416689631509788
33.26,SLO1,Decision_Tree_NestedCV,4,2,0.03125
53.9,EURO,Logistic_Regression,4,0,0.4168099671046101
53.9,EURO,Decision_Tree_NestedCV,4,4,0.5189873417721519
3.8,SLO1,Logistic_Regression,4,0,0.024871103302346927
3.8,SLO1,Decision_Tree_NestedCV,4,0,0.011830985915492958
87.88,U14,Logistic_Regression,4,0,0.09959494365016129
87.88,U14,Decision_Tree_NestedCV,4,0,0.4444444444444444
52.9,SLO1,Logistic_Regression,0,0,0.9688481844266131
52.9,SLO1,Decision_Tree_NestedCV,0,0,0.9802816901408451
50.8,NBA,Logistic_Regression,0,0,0.9464195118499433
50.8,NBA,Decision_Tree_NestedCV,0,0,0.9802816901408451
17.02,U14,Logistic_Regression,3,3,0.685429963968961
17.02,U14,Decision_Tree_NestedCV,3,3,0.5957446808510638
44.53,NBA,Logistic_Regression,0,0,0.9466240013600523
44.53,NBA,Decision_Tree_NestedCV,0,0,0.9802816901408451
42.79,NBA,Logistic_Regression,2,0,0.19966488497002866
42.79,NBA,Decision_Tree_NestedCV,2,2,0.4453125
50.89,U14,Logistic_Regression,0,0,0.5217207370178988
50.89,U14,Decision_Tree_NestedCV,0,0,0.6363636363636364
60.48,NBA,Logistic_Regression,0,0,0.8215512655204102
60.48,NBA,Decision_Tree_NestedCV,0,0,0.7920792079207921
0.0,EURO,Logistic_Regression,2,0,0.4051499026649018
0.0,EURO,Decision_Tree_NestedCV,2,2,0.4453125
60.33,U16,Logistic_Regression,0,0,0.9179450255556362
60.33,U16,Decision_Tree_NestedCV,0,0,0.898876404494382
26.14,SLO1,Logistic_Regression,0,0,0.9662996100109877
26.14,SLO1,Decision_Tree_NestedCV,0,0,0.9802816901408451
53.69,EURO,Logistic_Regression,0,0,0.922881208181273
53.69,EURO,Decision_Tree_NestedCV,0,0,0.9802816901408451
65.46,NBA,Logistic_Regression,1,3,0.296595545707817
65.46,NBA,Decision_Tree_NestedCV,1,3,0.11793611793611794
16.3,NBA,Logistic_Regression,4,0,0.195495748428252
16.3,NBA,Decision_Tree_NestedCV,4,0,0.25316455696202533
87.9,EURO,Logistic_Regression,0,0,0.9489927330076267
87.9,EURO,Decision_Tree_NestedCV,0,0,0.9802816901408451
84.92,NBA,Logistic_Regression,0,0,0.953305145526923
84.92,NBA,Decision_Tree_NestedCV,0,0,0.9802816901408451
67.48,U14,Logistic_Regression,0,0,0.9149506815798993
67.48,U14,Decision_Tree_NestedCV,0,0,0.5555555555555556
16.75,U14,Logistic_Regression,3,4,0.3582201530197797
16.75,U14,Decision_Tree_NestedCV,3,4,0.13924050632911392
70.78,U14,Logistic_Regression,2,0,0.10035130391779135
70.78,U14,Decision_Tree_NestedCV,2,0,0.0975609756097561
42.08,NBA,Logistic_Regression,1,3,0.11146184547782417
42.08,NBA,Decision_Tree_NestedCV,1,2,0.028645833333333332
41.06,NBA,Logistic_Regression,4,0,0.021518384801878534
41.06,NBA,Decision_Tree_NestedCV,4,2,0.03125
51.78,SLO1,Logistic_Regression,3,3,0.8352082753665682
51.78,SLO1,Decision_Tree_NestedCV,3,3,0.8349514563106796
55.59,NBA,Logistic_Regression,3,3,0.4597475324233476
55.59,NBA,Decision_Tree_NestedCV,3,3,0.4643734643734644
1.18,EURO,Logistic_Regression,0,0,0.8948824458958288
1.18,EURO,Decision_Tree_NestedCV,0,0,0.9802816901408451
25.96,NBA,Logistic_Regression,0,0,0.9355912586592564
25.96,NBA,Decision_Tree_NestedCV,0,0,0.9802816901408451
13.05,SLO1,Logistic_Regression,3,3,0.5815176200553733
13.05,SLO1,Decision_Tree_NestedCV,3,3,0.8349514563106796
79.98,NBA,Logistic_Regression,0,0,0.4695735595553745
79.98,NBA,Decision_Tree_NestedCV,0,2,0.3515625
20.99,U16,Logistic_Regression,2,0,0.18470224627107326
20.99,U16,Decision_Tree_NestedCV,2,0,0.23157894736842105
36.88,EURO,Logistic_Regression,0,0,0.9500883398140674
36.88,EURO,Decision_Tree_NestedCV,0,0,0.9802816901408451
14.51,EURO,Logistic_Regression,0,0,0.9534486245310886
14.51,EURO,Decision_Tree_NestedCV,0,0,0.9802816901408451
38.98,SLO1,Logistic_Regression,0,0,0.9659649529836739
38.98,SLO1,Decision_Tree_NestedCV,0,0,0.9802816901408451
73.95,U16,Logistic_Regression,0,0,0.8836547375531096
73.95,U16,Decision_Tree_NestedCV,0,0,0.898876404494382
27.83,EURO,Logistic_Regression,0,0,0.9479186806538804
27.83,EURO,Decision_Tree_NestedCV,0,0,0.9802816901408451
26.91,NBA,Logistic_Regression,0,0,0.9323963544317968
26.91,NBA,Decision_Tree_NestedCV,0,0,0.9802816901408451
50.76,U14,Logistic_Regression,3,3,0.4925640923999871
50.76,U14,Decision_Tree_NestedCV,3,3,0.4643734643734644
58.33,U14,Logistic_Regression,3,3,0.5638226925458218
58.33,U14,Decision_Tree_NestedCV,3,3,0.4643734643734644
31.97,NBA,Logistic_Regression,4,3,0.027112104985410463
31.97,NBA,Decision_Tree_NestedCV,4,0,0.09473684210526316
9.3,U14,Logistic_Regression,0,4,0.2941316594991371
9.3,U14,Decision_Tree_NestedCV,0,4,0.045454545454545456
49.43,EURO,Logistic_Regression,0,0,0.9455150835728353
49.43,EURO,Decision_Tree_NestedCV,0,0,0.9802816901408451
29.62,EURO,Logistic_Regression,1,1,0.42124518938279076
29.62,EURO,Decision_Tree_NestedCV,1,3,0.11793611793611794
5.6,U14,Logistic_Regression,4,4,0.9176785120045852
5.6,U14,Decision_Tree_NestedCV,4,0,0.0
62.05,EURO,Logistic_Regression,0,0,0.950596022199887
62.05,EURO,Decision_Tree_NestedCV,0,0,0.9802816901408451
29.65,NBA,Logistic_Regression,1,3,0.14276122338331232
29.65,NBA,Decision_Tree_NestedCV,1,3,0.11793611793611794
36.34,NBA,Logistic_Regression,0,0,0.9546421354803738
36.34,NBA,Decision_Tree_NestedCV,0,0,0.9802816901408451
39.07,NBA,Logistic_Regression,0,0,0.8901194355089559
39.07,NBA,Decision_Tree_NestedCV,0,0,0.9802816901408451
69.86,EURO,Logistic_Regression,0,0,0.9281871525841662
69.86,EURO,Decision_Tree_NestedCV,0,0,0.9802816901408451
19.62,SLO1,Logistic_Regression,3,3,0.7488711346423844
19.62,SLO1,Decision_Tree_NestedCV,3,3,0.5957446808510638
65.72,SLO1,Logistic_Regression,0,0,0.9648771890951103
65.72,SLO1,Decision_Tree_NestedCV,0,0,0.9802816901408451
0.82,NBA,Logistic_Regression,0,0,0.9442844362085304
0.82,NBA,Decision_Tree_NestedCV,0,0,0.9802816901408451
36.52,SLO1,Logistic_Regression,0,3,0.18417976863238264
36.52,SLO1,Decision_Tree_NestedCV,0,2,0.15555555555555556
25.75,EURO,Logistic_Regression,2,2,0.4162842738471452
25.75,EURO,Decision_Tree_NestedCV,2,2,0.4453125
0.41,SLO1,Logistic_Regression,0,0,0.9621175656245399
0.41,SLO1,Decision_Tree_NestedCV,0,0,0.9802816901408451
34.3,U14,Logistic_Regression,3,3,0.7141956408760254
34.3,U14,Decision_Tree_NestedCV,3,3,0.5957446808510638
18.71,NBA,Logistic_Regression,2,0,0.1802058994626076
18.71,NBA,Decision_Tree_NestedCV,2,0,0.23157894736842105
58.72,NBA,Logistic_Regression,0,4,0.4440937812063398
58.72,NBA,Decision_Tree_NestedCV,0,4,0.045454545454545456
55.92,SLO1,Logistic_Regression,0,3,0.1611526724651495
55.92,SLO1,Decision_Tree_NestedCV,0,0,0.4155844155844156
53.16,EURO,Logistic_Regression,0,0,0.9502397708179163
53.16,EURO,Decision_Tree_NestedCV,0,0,0.9802816901408451
52.08,EURO,Logistic_Regression,0,0,0.9321398943541509
52.08,EURO,Decision_Tree_NestedCV,0,0,0.9802816901408451
0.48,EURO,Logistic_Regression,0,0,0.9276985256323347
0.48,EURO,Decision_Tree_NestedCV,0,0,0.9802816901408451
84.54,SLO1,Logistic_Regression,0,0,0.9364550473490383
84.54,SLO1,Decision_Tree_NestedCV,0,0,0.9802816901408451
87.17,EURO,Logistic_Regression,4,4,0.4499040914075385
87.17,EURO,Decision_Tree_NestedCV,4,4,0.9545454545454546
66.54,U16,Logistic_Regression,3,3,0.894664771747352
66.54,U16,Decision_Tree_NestedCV,3,3,0.8951612903225806
80.22,U14,Logistic_Regression,4,0,0.08684863815625139
80.22,U14,Decision_Tree_NestedCV,4,0,0.4444444444444444
56.71,EURO,Logistic_Regression,0,0,0.9329909205736584
56.71,EURO,Decision_Tree_NestedCV,0,0,0.9802816901408451
52.99,EURO,Logistic_Regression,3,3,0.7359984247589119
52.99,EURO,Decision_Tree_NestedCV,3,3,0.8507462686567164
74.63,EURO,Logistic_Regression,4,3,0.28296014141156595
74.63,EURO,Decision_Tree_NestedCV,4,4,0.5189873417721519
46.83,NBA,Logistic_Regression,3,3,0.4387235796406817
46.83,NBA,Decision_Tree_NestedCV,3,3,0.4643734643734644
56.73,SLO1,Logistic_Regression,0,3,0.2971601431166054
56.73,SLO1,Decision_Tree_NestedCV,0,0,0.29473684210526313
60.06,U16,Logistic_Regression,0,3,0.12707649356044326
60.06,U16,Decision_Tree_NestedCV,0,4,0.34177215189873417
46.7,EURO,Logistic_Regression,0,0,0.9550059388765538
46.7,EURO,Decision_Tree_NestedCV,0,0,0.9802816901408451
47.32,SLO1,Logistic_Regression,0,0,0.9643654081848759
47.32,SLO1,Decision_Tree_NestedCV,0,0,0.9802816901408451
36.85,NBA,Logistic_Regression,0,0,0.8482438246202617
36.85,NBA,Decision_Tree_NestedCV,0,0,0.9802816901408451
69.83,U14,Logistic_Regression,3,3,0.7461663469100983
69.83,U14,Decision_Tree_NestedCV,3,3,0.8951612903225806
72.49,NBA,Logistic_Regression,0,0,0.6236893287805315
72.49,NBA,Decision_Tree_NestedCV,0,0,0.3924050632911392
72.41,SLO1,Logistic_Regression,0,0,0.9672209864356652
72.41,SLO1,Decision_Tree_NestedCV,0,0,0.9802816901408451
1.59,U16,Logistic_Regression,0,0,0.8417412596620892
1.59,U16,Decision_Tree_NestedCV,0,0,0.898876404494382
86.99,EURO,Logistic_Regression,3,0,0.00010706565695613926
86.99,EURO,Decision_Tree_NestedCV,3,0,0.0016901408450704226
64.53,SLO1,Logistic_Regression,0,0,0.870029129662569
64.53,SLO1,Decision_Tree_NestedCV,0,0,0.9802816901408451
18.79,U16,Logistic_Regression,4,0,0.0817095284585577
18.79,U16,Decision_Tree_NestedCV,4,0,0.10112359550561797
25.75,U14,Logistic_Regression,0,0,0.5271323507406278
25.75,U14,Decision_Tree_NestedCV,0,0,0.8536585365853658
67.33,SLO1,Logistic_Regression,0,0,0.9061396760100376
67.33,SLO1,Decision_Tree_NestedCV,0,0,0.9802816901408451
62.03,NBA,Logistic_Regression,1,0,0.006882738536146128
62.03,NBA,Decision_Tree_NestedCV,1,2,0.028645833333333332
59.02,EURO,Logistic_Regression,3,3,0.7264013973000828
59.02,EURO,Decision_Tree_NestedCV,3,3,0.41379310344827586
1.44,NBA,Logistic_Regression,2,0,0.3145617888355347
1.44,NBA,Decision_Tree_NestedCV,2,2,0.4453125
58.98,SLO1,Logistic_Regression,4,0,0.07138284432000226
58.98,SLO1,Decision_Tree_NestedCV,4,0,0.25316455696202533
3.04,SLO1,Logistic_Regression,1,2,0.1229954279466502
3.04,SLO1,Decision_Tree_NestedCV,1,2,0.13333333333333333
5.83,NBA,Logistic_Regression,0,0,0.9440769414909764
5.83,NBA,Decision_Tree_NestedCV,0,0,0.9802816901408451
41.94,EURO,Logistic_Regression,0,2,0.11982726089630437
41.94,EURO,Decision_Tree_NestedCV,0,3,0.20393120393120392
49.36,NBA,Logistic_Regression,0,0,0.3668884895558603
49.36,NBA,Decision_Tree_NestedCV,0,2,0.3515625
3.86,U16,Logistic_Regression,3,3,0.3558936145888632
3.86,U16,Decision_Tree_NestedCV,3,3,0.7752808988764045
40.23,SLO1,Logistic_Regression,0,0,0.5937360950963102
40.23,SLO1,Decision_Tree_NestedCV,0,0,0.3924050632911392
16.0,EURO,Logistic_Regression,4,3,0.28945895855863507
16.0,EURO,Decision_Tree_NestedCV,4,4,0.5189873417721519
88.34,SLO1,Logistic_Regression,0,0,0.9650523180477629
88.34,SLO1,Decision_Tree_NestedCV,0,0,0.9802816901408451
46.7,SLO1,Logistic_Regression,3,3,0.7080539334433572
46.7,SLO1,Decision_Tree_NestedCV,3,3,0.8349514563106796
34.3,EURO,Logistic_Regression,4,3,0.1834395860780607
34.3,EURO,Decision_Tree_NestedCV,4,3,0.23404255319148937
11.91,SLO1,Logistic_Regression,0,2,0.4211802584411525
11.91,SLO1,Decision_Tree_NestedCV,0,2,0.3515625
38.98,NBA,Logistic_Regression,0,0,0.9540447545179993
38.98,NBA,Decision_Tree_NestedCV,0,0,0.9802816901408451
29.91,U16,Logistic_Regression,0,0,0.4148100236799505
29.91,U16,Decision_Tree_NestedCV,0,2,0.3515625
80.91,EURO,Logistic_Regression,4,3,0.01732242458311985
80.91,EURO,Decision_Tree_NestedCV,4,3,0.044226044226044224
2.97,NBA,Logistic_Regression,0,0,0.9494184079692429
2.97,NBA,Decision_Tree_NestedCV,0,0,0.9802816901408451
82.65,EURO,Logistic_Regression,2,0,0.22522919654438064
82.65,EURO,Decision_Tree_NestedCV,2,2,0.4453125
19.32,NBA,Logistic_Regression,0,0,0.9410703534058618
19.32,NBA,Decision_Tree_NestedCV,0,0,0.9802816901408451
81.38,SLO1,Logistic_Regression,0,0,0.9682064262809568
81.38,SLO1,Decision_Tree_NestedCV,0,0,0.9802816901408451
75.97,NBA,Logistic_Regression,0,0,0.9360208117989498
75.97,NBA,Decision_Tree_NestedCV,0,0,0.9802816901408451
83.93,U14,Logistic_Regression,0,0,0.5181471315988828
83.93,U14,Decision_Tree_NestedCV,0,0,0.8536585365853658
0.0,SLO1,Logistic_Regression,2,2,0.46530366798673967
0.0,SLO1,Decision_Tree_NestedCV,2,2,0.28888888888888886
58.93,EURO,Logistic_Regression,2,0,0.021013114518697813
58.93,EURO,Decision_Tree_NestedCV,2,0,0.006197183098591549
71.31,SLO1,Logistic_Regression,0,0,0.9676449150132614
71.31,SLO1,Decision_Tree_NestedCV,0,0,0.9802816901408451
48.88,EURO,Logistic_Regression,0,0,0.9210743805496775
48.88,EURO,Decision_Tree_NestedCV,0,0,0.9802816901408451
1.26,U16,Logistic_Regression,0,0,0.9270840909045539
1.26,U16,Decision_Tree_NestedCV,0,0,0.898876404494382
45.58,SLO1,Logistic_Regression,1,2,0.15173061148339012
45.58,SLO1,Decision_Tree_NestedCV,1,0,0.05194805194805195
51.44,EURO,Logistic_Regression,0,0,0.9358399486442811
51.44,EURO,Decision_Tree_NestedCV,0,0,0.9802816901408451
52.99,SLO1,Logistic_Regression,0,3,0.11241450858555402
52.99,SLO1,Decision_Tree_NestedCV,0,0,0.4155844155844156
0.84,NBA,Logistic_Regression,0,0,0.9434115281603641
0.84,NBA,Decision_Tree_NestedCV,0,0,0.9802816901408451
75.26,NBA,Logistic_Regression,0,0,0.8809344010227718
75.26,NBA,Decision_Tree_NestedCV,0,0,0.9802816901408451
64.29,NBA,Logistic_Regression,0,0,0.9390257647744915
64.29,NBA,Decision_Tree_NestedCV,0,0,0.9802816901408451
43.36,NBA,Logistic_Regression,3,3,0.791193035993579
43.36,NBA,Decision_Tree_NestedCV,3,3,0.8951612903225806
33.59,NBA,Logistic_Regression,3,3,0.7776815855637492
33.59,NBA,Decision_Tree_NestedCV,3,3,0.5957446808510638
21.48,U16,Logistic_Regression,3,0,0.3163595479509559
21.48,U16,Decision_Tree_NestedCV,3,2,0.13020833333333334
35.51,EURO,Logistic_Regression,0,0,0.9524299141327738
35.51,EURO,Decision_Tree_NestedCV,0,0,0.9802816901408451
69.35,U14,Logistic_Regression,4,3,0.18841966049288936
69.35,U14,Decision_Tree_NestedCV,4,3,0.25287356321839083
58.33,U14,Logistic_Regression,3,3,0.8038348423530096
58.33,U14,Decision_Tree_NestedCV,3,3,0.8951612903225806
15.46,EURO,Logistic_Regression,0,0,0.6752969402471468
15.46,EURO,Decision_Tree_NestedCV,0,2,0.3515625
16.2,NBA,Logistic_Regression,0,0,0.9301587330496485
16.2,NBA,Decision_Tree_NestedCV,0,0,0.9802816901408451
63.22,EURO,Logistic_Regression,0,0,0.9486681326608228
63.22,EURO,Decision_Tree_NestedCV,0,0,0.9802816901408451
16.25,U14,Logistic_Regression,0,0,0.9040355828184484
16.25,U14,Decision_Tree_NestedCV,0,0,0.9285714285714286
30.52,SLO1,Logistic_Regression,3,2,0.22767302039599
30.52,SLO1,Decision_Tree_NestedCV,3,2,0.26666666666666666
86.02,SLO1,Logistic_Regression,0,0,0.9197354730536755
86.02,SLO1,Decision_Tree_NestedCV,0,0,0.9802816901408451
13.6,NBA,Logistic_Regression,2,2,0.2873342512097015
13.6,NBA,Decision_Tree_NestedCV,2,0,0.23157894736842105
47.59,NBA,Logistic_Regression,0,0,0.9385266329309585
47.59,NBA,Decision_Tree_NestedCV,0,0,0.9802816901408451
54.89,EURO,Logistic_Regression,0,0,0.9382284546398609
54.89,EURO,Decision_Tree_NestedCV,0,0,0.9802816901408451
69.93,NBA,Logistic_Regression,3,3,0.8361606526206805
69.93,NBA,Decision_Tree_NestedCV,3,3,0.8507462686567164
0.0,EURO,Logistic_Regression,0,0,0.9558501024635849
0.0,EURO,Decision_Tree_NestedCV,0,0,0.9802816901408451
14.57,NBA,Logistic_Regression,0,0,0.5458983709447361
14.57,NBA,Decision_Tree_NestedCV,0,2,0.3515625
84.77,SLO1,Logistic_Regression,0,0,0.9645903717203272
84.77,SLO1,Decision_Tree_NestedCV,0,0,0.9802816901408451
68.15,EURO,Logistic_Regression,2,0,0.25009396610814977
68.15,EURO,Decision_Tree_NestedCV,2,2,0.4453125
89.66,U16,Logistic_Regression,0,0,0.9171146032286094
89.66,U16,Decision_Tree_NestedCV,0,0,0.898876404494382
64.04,EURO,Logistic_Regression,0,2,0.21709346861972012
64.04,EURO,Decision_Tree_NestedCV,0,3,0.20393120393120392
15.06,U14,Logistic_Regression,0,0,0.8804187464051797
15.06,U14,Decision_Tree_NestedCV,0,0,0.9285714285714286
38.65,EURO,Logistic_Regression,0,0,0.9499687145665037
38.65,EURO,Decision_Tree_NestedCV,0,0,0.9802816901408451
77.26,EURO,Logistic_Regression,0,0,0.42065331881454304
77.26,EURO,Decision_Tree_NestedCV,0,2,0.3515625
45.21,U16,Logistic_Regression,3,3,0.6060187126307643
45.21,U16,Decision_Tree_NestedCV,3,4,0.13924050632911392
68.17,NBA,Logistic_Regression,0,0,0.9331279872821392
68.17,NBA,Decision_Tree_NestedCV,0,0,0.9802816901408451
87.24,SLO1,Logistic_Regression,0,0,0.9624835973075799
87.24,SLO1,Decision_Tree_NestedCV,0,0,0.9802816901408451
42.07,NBA,Logistic_Regression,0,0,0.9260317884394851
42.07,NBA,Decision_Tree_NestedCV,0,0,0.9802816901408451
0.0,EURO,Logistic_Regression,3,3,0.6076142506248671
0.0,EURO,Decision_Tree_NestedCV,3,3,1.0
65.27,SLO1,Logistic_Regression,3,3,0.9218856149890255
65.27,SLO1,Decision_Tree_NestedCV,3,3,0.8951612903225806
74.14,U14,Logistic_Regression,0,0,0.8838349091958554
74.14,U14,Decision_Tree_NestedCV,0,0,0.9285714285714286
85.69,EURO,Logistic_Regression,3,3,0.8904452425253186
85.69,EURO,Decision_Tree_NestedCV,3,3,0.921161825726141
34.54,NBA,Logistic_Regression,0,0,0.9311320713299799
34.54,NBA,Decision_Tree_NestedCV,0,0,0.976536312849162
24.85,EURO,Logistic_Regression,4,4,0.9437555248272542
24.85,EURO,Decision_Tree_NestedCV,4,4,0.9230769230769231
1.88,EURO,Logistic_Regression,0,0,0.8835839847732564
1.88,EURO,Decision_Tree_NestedCV,0,0,0.976536312849162
88.45,NBA,Logistic_Regression,0,0,0.9520530258149802
88.45,NBA,Decision_Tree_NestedCV,0,0,0.976536312849162
47.57,EURO,Logistic_Regression,0,0,0.9515839008768113
47.57,EURO,Decision_Tree_NestedCV,0,0,0.976536312849162
79.56,EURO,Logistic_Regression,3,3,0.7739778852476596
79.56,EURO,Decision_Tree_NestedCV,3,3,0.921161825726141
82.05,EURO,Logistic_Regression,3,3,0.8664716905377094
82.05,EURO,Decision_Tree_NestedCV,3,3,0.921161825726141
3.8,U16,Logistic_Regression,0,0,0.9387466433598516
3.8,U16,Decision_Tree_NestedCV,0,0,0.8932584269662921
37.88,NBA,Logistic_Regression,0,0,0.9442447892604753
37.88,NBA,Decision_Tree_NestedCV,0,0,0.976536312849162
69.35,EURO,Logistic_Regression,3,3,0.8337309624396122
69.35,EURO,Decision_Tree_NestedCV,3,3,0.921161825726141
88.76,SLO1,Logistic_Regression,0,0,0.9597420872505757
88.76,SLO1,Decision_Tree_NestedCV,0,0,0.976536312849162
48.01,EURO,Logistic_Regression,0,0,0.950232615124933
48.01,EURO,Decision_Tree_NestedCV,0,0,0.976536312849162
50.54,SLO1,Logistic_Regression,3,0,0.12883356680221797
50.54,SLO1,Decision_Tree_NestedCV,3,2,0.08656716417910448
41.52,NBA,Logistic_Regression,0,0,0.9545164072080977
41.52,NBA,Decision_Tree_NestedCV,0,0,0.976536312849162
67.87,NBA,Logistic_Regression,0,0,0.9514525566083255
67.87,NBA,Decision_Tree_NestedCV,0,0,0.976536312849162
44.93,EURO,Logistic_Regression,0,0,0.9508194803537267
44.93,EURO,Decision_Tree_NestedCV,0,0,0.976536312849162
40.47,NBA,Logistic_Regression,4,0,0.452530309744578
40.47,NBA,Decision_Tree_NestedCV,4,4,0.9230769230769231
30.91,NBA,Logistic_Regression,0,0,0.9401033518630432
30.91,NBA,Decision_Tree_NestedCV,0,0,0.976536312849162
88.8,U16,Logistic_Regression,0,0,0.9105005230275764
88.8,U16,Decision_Tree_NestedCV,0,0,0.8932584269662921
71.09,EURO,Logistic_Regression,5,3,0.08723454222251871
71.09,EURO,Decision_Tree_NestedCV,5,3,0.07317073170731707
50.76,SLO1,Logistic_Regression,2,2,0.3155901789980517
50.76,SLO1,Decision_Tree_NestedCV,2,0,0.3058823529411765
61.26,U14,Logistic_Regression,4,0,0.11225452674252506
61.26,U14,Decision_Tree_NestedCV,4,4,0.5142857142857142
74.65,SLO1,Logistic_Regression,0,0,0.7849192481063186
74.65,SLO1,Decision_Tree_NestedCV,0,0,0.8536585365853658
24.73,EURO,Logistic_Regression,0,0,0.8944236307436041
24.73,EURO,Decision_Tree_NestedCV,0,0,0.976536312849162
45.96,SLO1,Logistic_Regression,3,0,0.2880844921289233
45.96,SLO1,Decision_Tree_NestedCV,3,3,0.84
10.79,U14,Logistic_Regression,0,0,0.9135247691655397
10.79,U14,Decision_Tree_NestedCV,0,0,0.7878787878787878
82.29,EURO,Logistic_Regression,3,3,0.3948332049039038
82.29,EURO,Decision_Tree_NestedCV,3,3,0.5060975609756098
6.24,NBA,Logistic_Regression,0,0,0.9201997774737096
6.24,NBA,Decision_Tree_NestedCV,0,0,0.976536312849162
41.94,U16,Logistic_Regression,3,3,0.5282180659522036
41.94,U16,Decision_Tree_NestedCV,3,3,0.5060975609756098
27.65,U14,Logistic_Regression,0,0,0.8889675656910657
27.65,U14,Decision_Tree_NestedCV,0,0,0.7878787878787878
2.88,EURO,Logistic_Regression,0,2,0.20006017487702024
2.88,EURO,Decision_Tree_NestedCV,0,3,0.18495934959349594
80.63,NBA,Logistic_Regression,4,4,0.9076041029931359
80.63,NBA,Decision_Tree_NestedCV,4,4,0.9230769230769231
10.49,SLO1,Logistic_Regression,2,2,0.3572238136193082
10.49,SLO1,Decision_Tree_NestedCV,2,2,0.30434782608695654
83.76,EURO,Logistic_Regression,4,4,0.8607972718628458
83.76,EURO,Decision_Tree_NestedCV,4,4,0.9230769230769231
68.3,U16,Logistic_Regression,0,0,0.459568479026013
68.3,U16,Decision_Tree_NestedCV,0,0,0.65
53.11,NBA,Logistic_Regression,3,3,0.3868656969120415
53.11,NBA,Decision_Tree_NestedCV,3,3,0.5060975609756098
40.49,NBA,Logistic_Regression,3,3,0.8532822939419095
40.49,NBA,Decision_Tree_NestedCV,3,3,0.8461538461538461
9.53,NBA,Logistic_Regression,0,0,0.9457377617194376
9.53,NBA,Decision_Tree_NestedCV,0,0,0.976536312849162
86.35,U16,Logistic_Regression,0,0,0.9270223812355834
86.35,U16,Decision_Tree_NestedCV,0,0,0.8932584269662921
26.71,EURO,Logistic_Regression,2,2,0.4582812143761584
26.71,EURO,Decision_Tree_NestedCV,2,2,0.4716417910447761
42.83,EURO,Logistic_Regression,0,0,0.943727403070065
42.83,EURO,Decision_Tree_NestedCV,0,0,0.976536312849162
85.14,U16,Logistic_Regression,0,0,0.9256246067849178
85.14,U16,Decision_Tree_NestedCV,0,0,0.8932584269662921
21.37,NBA,Logistic_Regression,2,0,0.01569717994837058
21.37,NBA,Decision_Tree_NestedCV,2,0,0.00782122905027933
12.73,EURO,Logistic_Regression,4,0,0.3379518391970873
12.73,EURO,Decision_Tree_NestedCV,4,0,0.2
54.64,NBA,Logistic_Regression,3,3,0.8480551001553063
54.64,NBA,Decision_Tree_NestedCV,3,3,0.921161825726141
30.27,NBA,Logistic_Regression,0,0,0.927831165452184
30.27,NBA,Decision_Tree_NestedCV,0,0,0.976536312849162
18.55,U14,Logistic_Regression,0,3,0.18346559178789537
18.55,U14,Decision_Tree_NestedCV,0,3,0.21568627450980393
69.3,NBA,Logistic_Regression,0,0,0.816840235929653
69.3,NBA,Decision_Tree_NestedCV,0,0,0.76
75.57,U14,Logistic_Regression,0,0,0.6951806272026831
75.57,U14,Decision_Tree_NestedCV,0,0,0.375
52.99,U16,Logistic_Regression,3,3,0.8702972699063795
52.99,U16,Decision_Tree_NestedCV,3,3,0.921161825726141
44.93,U14,Logistic_Regression,4,0,0.08871568120573647
44.93,U14,Decision_Tree_NestedCV,4,0,0.21212121212121213
22.85,NBA,Logistic_Regression,3,3,0.7518023349691692
22.85,NBA,Decision_Tree_NestedCV,3,3,0.42105263157894735
55.97,U14,Logistic_Regression,3,3,0.601029439067017
55.97,U14,Decision_Tree_NestedCV,3,3,0.45098039215686275
6.76,EURO,Logistic_Regression,0,0,0.947241195752281
6.76,EURO,Decision_Tree_NestedCV,0,0,0.976536312849162
44.08,SLO1,Logistic_Regression,0,0,0.9651163890571368
44.08,SLO1,Decision_Tree_NestedCV,0,0,0.976536312849162
21.34,NBA,Logistic_Regression,0,0,0.9451094469592398
21.34,NBA,Decision_Tree_NestedCV,0,0,0.976536312849162
61.7,EURO,Logistic_Regression,0,0,0.9392832808141156
61.7,EURO,Decision_Tree_NestedCV,0,0,0.976536312849162
74.55,U14,Logistic_Regression,0,3,0.058679579199927306
74.55,U14,Decision_Tree_NestedCV,0,3,0.03734439834024896
62.05,U14,Logistic_Regression,3,3,0.6481440120647849
62.05,U14,Decision_Tree_NestedCV,3,3,0.5060975609756098
15.13,U14,Logistic_Regression,4,3,0.39847758312141984
15.13,U14,Decision_Tree_NestedCV,4,3,0.3333333333333333
40.26,SLO1,Logistic_Regression,0,3,0.22593868333049894
40.26,SLO1,Decision_Tree_NestedCV,0,0,0.4117647058823529
23.35,EURO,Logistic_Regression,0,0,0.9448297890534468
23.35,EURO,Decision_Tree_NestedCV,0,0,0.976536312849162
74.13,SLO1,Logistic_Regression,3,0,0.1511482419713803
74.13,SLO1,Decision_Tree_NestedCV,3,2,0.08656716417910448
78.0,EURO,Logistic_Regression,0,3,0.15924960089330262
78.0,EURO,Decision_Tree_NestedCV,0,3,0.18495934959349594
52.99,SLO1,Logistic_Regression,3,3,0.8941286010135078
52.99,SLO1,Decision_Tree_NestedCV,3,3,0.921161825726141
62.21,NBA,Logistic_Regression,2,0,0.17260840700131913
62.21,NBA,Decision_Tree_NestedCV,2,0,0.2719298245614035
33.85,U14,Logistic_Regression,0,0,0.8904355994974499
33.85,U14,Decision_Tree_NestedCV,0,0,0.7878787878787878
78.78,SLO1,Logistic_Regression,4,0,0.122885758552138
78.78,SLO1,Decision_Tree_NestedCV,4,0,0.35
30.53,NBA,Logistic_Regression,0,0,0.9217775510273257
30.53,NBA,Decision_Tree_NestedCV,0,0,0.976536312849162
84.36,NBA,Logistic_Regression,0,0,0.8924523029709315
84.36,NBA,Decision_Tree_NestedCV,0,0,0.976536312849162
48.47,EURO,Logistic_Regression,0,0,0.9450372881701519
48.47,EURO,Decision_Tree_NestedCV,0,0,0.976536312849162
89.24,EURO,Logistic_Regression,0,0,0.9431912573531953
89.24,EURO,Decision_Tree_NestedCV,0,0,0.976536312849162
0.0,U14,Logistic_Regression,0,0,0.8517849778835617
0.0,U14,Decision_Tree_NestedCV,0,0,0.9382716049382716
53.45,SLO1,Logistic_Regression,2,0,0.3046950583580513
53.45,SLO1,Decision_Tree_NestedCV,2,2,0.4716417910447761
22.95,EURO,Logistic_Regression,2,3,0.20799825894160312
22.95,EURO,Decision_Tree_NestedCV,2,3,0.09349593495934959
15.83,EURO,Logistic_Regression,0,0,0.9046484779546097
15.83,EURO,Decision_Tree_NestedCV,0,0,0.976536312849162
28.56,U14,Logistic_Regression,0,0,0.8873497948798942
28.56,U14,Decision_Tree_NestedCV,0,0,0.9382716049382716
13.18,U16,Logistic_Regression,3,3,0.4595637600088472
13.18,U16,Decision_Tree_NestedCV,3,3,0.5060975609756098
30.98,EURO,Logistic_Regression,0,0,0.9331711474567211
30.98,EURO,Decision_Tree_NestedCV,0,0,0.976536312849162
19.85,SLO1,Logistic_Regression,0,0,0.9602337917968821
19.85,SLO1,Decision_Tree_NestedCV,0,0,0.976536312849162
88.39,NBA,Logistic_Regression,0,0,0.938970204807452
88.39,NBA,Decision_Tree_NestedCV,0,0,0.976536312849162
84.85,EURO,Logistic_Regression,0,0,0.9429302329937653
84.85,EURO,Decision_Tree_NestedCV,0,0,0.976536312849162
88.06,EURO,Logistic_Regression,2,0,0.11213508281200636
88.06,EURO,Decision_Tree_NestedCV,2,0,0.04878048780487805
1.68,EURO,Logistic_Regression,0,0,0.9496368548985807
1.68,EURO,Decision_Tree_NestedCV,0,0,0.976536312849162
48.83,EURO,Logistic_Regression,0,0,0.9440136951766983
48.83,EURO,Decision_Tree_NestedCV,0,0,0.976536312849162
82.23,U14,Logistic_Regression,0,0,0.5725227323612663
82.23,U14,Decision_Tree_NestedCV,0,0,0.375
50.76,U16,Logistic_Regression,0,0,0.44735568590903535
50.76,U16,Decision_Tree_NestedCV,0,0,0.8947368421052632
78.94,U14,Logistic_Regression,3,3,0.8740201034986842
78.94,U14,Decision_Tree_NestedCV,3,3,0.921161825726141
1.66,NBA,Logistic_Regression,0,0,0.9452761411584217
1.66,NBA,Decision_Tree_NestedCV,0,0,0.976536312849162
37.42,SLO1,Logistic_Regression,0,0,0.9654098280692442
37.42,SLO1,Decision_Tree_NestedCV,0,0,0.976536312849162
76.77,NBA,Logistic_Regression,3,3,0.40535157664846144
76.77,NBA,Decision_Tree_NestedCV,3,3,0.5060975609756098
88.02,U14,Logistic_Regression,0,0,0.8380545243358387
88.02,U14,Decision_Tree_NestedCV,0,4,0.0
50.52,SLO1,Logistic_Regression,0,2,0.27677723090313017
50.52,SLO1,Decision_Tree_NestedCV,0,0,0.30701754385964913
83.94,NBA,Logistic_Regression,0,0,0.9415030838212659
83.94,NBA,Decision_Tree_NestedCV,0,0,0.976536312849162
64.61,NBA,Logistic_Regression,0,0,0.8923270342882693
64.61,NBA,Decision_Tree_NestedCV,0,0,0.976536312849162
25.05,SLO1,Logistic_Regression,0,0,0.9044030636261731
25.05,SLO1,Decision_Tree_NestedCV,0,0,0.976536312849162
43.49,NBA,Logistic_Regression,0,3,0.2601473727204232
43.49,NBA,Decision_Tree_NestedCV,0,3,0.18495934959349594
89.67,SLO1,Logistic_Regression,0,0,0.960168847769832
89.67,SLO1,Decision_Tree_NestedCV,0,0,0.976536312849162
51.65,NBA,Logistic_Regression,4,3,0.18314027334083358
51.65,NBA,Decision_Tree_NestedCV,4,3,0.3333333333333333
54.17,NBA,Logistic_Regression,1,3,0.16923141810855558
54.17,NBA,Decision_Tree_NestedCV,1,0,0.07894736842105263
52.99,U14,Logistic_Regression,0,0,0.8727521108209609
52.99,U14,Decision_Tree_NestedCV,0,0,0.7878787878787878
50.18,NBA,Logistic_Regression,3,1,0.2744045594120418
50.18,NBA,Decision_Tree_NestedCV,3,3,0.5060975609756098
59.45,NBA,Logistic_Regression,3,3,0.46083362758187624
59.45,NBA,Decision_Tree_NestedCV,3,3,0.5060975609756098
6.52,EURO,Logistic_Regression,0,0,0.8783863476902155
6.52,EURO,Decision_Tree_NestedCV,0,0,0.976536312849162
30.52,SLO1,Logistic_Regression,3,2,0.2378242502159664
30.52,SLO1,Decision_Tree_NestedCV,3,2,0.30434782608695654
80.31,EURO,Logistic_Regression,0,0,0.9419847977856177
80.31,EURO,Decision_Tree_NestedCV,0,0,0.976536312849162
66.81,SLO1,Logistic_Regression,3,0,0.3045946117831056
66.81,SLO1,Decision_Tree_NestedCV,3,3,0.84
86.79,U16,Logistic_Regression,0,0,0.9221758936249504
86.79,U16,Decision_Tree_NestedCV,0,0,0.8932584269662921
76.25,NBA,Logistic_Regression,0,0,0.9381094426308136
76.25,NBA,Decision_Tree_NestedCV,0,0,0.976536312849162
42.23,SLO1,Logistic_Regression,0,0,0.9659374269630079
42.23,SLO1,Decision_Tree_NestedCV,0,0,0.976536312849162
29.82,U16,Logistic_Regression,0,0,0.8954512351671452
29.82,U16,Decision_Tree_NestedCV,0,0,0.8932584269662921
2.38,NBA,Logistic_Regression,0,0,0.9477977439943776
2.38,NBA,Decision_Tree_NestedCV,0,0,0.976536312849162
40.11,EURO,Logistic_Regression,0,0,0.939101673991853
40.11,EURO,Decision_Tree_NestedCV,0,0,0.976536312849162
3.34,NBA,Logistic_Regression,0,0,0.9448884482192477
3.34,NBA,Decision_Tree_NestedCV,0,0,0.976536312849162
30.67,SLO1,Logistic_Regression,0,0,0.9606981895149758
30.67,SLO1,Decision_Tree_NestedCV,0,0,0.976536312849162
84.0,SLO1,Logistic_Regression,0,0,0.9620737938725609
84.0,SLO1,Decision_Tree_NestedCV,0,0,0.976536312849162
11.03,U16,Logistic_Regression,0,0,0.922774374695788
11.03,U16,Decision_Tree_NestedCV,0,0,0.8932584269662921
4.13,EURO,Logistic_Regression,0,0,0.8626944145609128
4.13,EURO,Decision_Tree_NestedCV,0,0,0.976536312849162
47.04,SLO1,Logistic_Regression,3,3,0.7213746048165113
47.04,SLO1,Decision_Tree_NestedCV,3,3,0.84
53.4,SLO1,Logistic_Regression,0,0,0.9684169407024561
53.4,SLO1,Decision_Tree_NestedCV,0,0,0.976536312849162
52.2,SLO1,Logistic_Regression,2,0,0.22749711072910359
52.2,SLO1,Decision_Tree_NestedCV,2,0,0.2641509433962264
34.88,EURO,Logistic_Regression,0,0,0.9589051728122283
34.88,EURO,Decision_Tree_NestedCV,0,0,0.976536312849162
14.44,NBA,Logistic_Regression,0,0,0.9541748335055465
14.44,NBA,Decision_Tree_NestedCV,0,0,0.976536312849162
8.37,NBA,Logistic_Regression,0,0,0.9371616063988435
8.37,NBA,Decision_Tree_NestedCV,0,0,0.976536312849162
59.62,EURO,Logistic_Regression,3,2,0.23421732371488652
59.62,EURO,Decision_Tree_NestedCV,3,3,0.5060975609756098
10.96,NBA,Logistic_Regression,0,0,0.8725157881606209
10.96,NBA,Decision_Tree_NestedCV,0,0,0.976536312849162
66.26,EURO,Logistic_Regression,0,2,0.2723887143650107
66.26,EURO,Decision_Tree_NestedCV,0,0,0.5416666666666666
46.11,EURO,Logistic_Regression,0,0,0.9448821111006941
46.11,EURO,Decision_Tree_NestedCV,0,0,0.976536312849162
51.26,NBA,Logistic_Regression,0,0,0.943494857868181
51.26,NBA,Decision_Tree_NestedCV,0,0,0.976536312849162
53.73,EURO,Logistic_Regression,0,0,0.9544238275975422
53.73,EURO,Decision_Tree_NestedCV,0,0,0.976536312849162
2.52,EURO,Logistic_Regression,0,0,0.9426984264789532
2.52,EURO,Decision_Tree_NestedCV,0,0,0.976536312849162
52.99,U16,Logistic_Regression,3,3,0.5290064148807082
52.99,U16,Decision_Tree_NestedCV,3,3,0.5060975609756098
6.43,SLO1,Logistic_Regression,2,0,0.19882507089209336
6.43,SLO1,Decision_Tree_NestedCV,2,0,0.24
79.87,NBA,Logistic_Regression,0,0,0.9193636482523999
79.87,NBA,Decision_Tree_NestedCV,0,0,0.976536312849162
44.33,EURO,Logistic_Regression,0,0,0.9433803921404108
44.33,EURO,Decision_Tree_NestedCV,0,0,0.976536312849162
34.27,U16,Logistic_Regression,0,0,0.918757356341945
34.27,U16,Decision_Tree_NestedCV,0,0,0.8932584269662921
17.36,NBA,Logistic_Regression,2,0,0.16867253818190436
17.36,NBA,Decision_Tree_NestedCV,2,0,0.24
45.76,EURO,Logistic_Regression,0,2,0.19438583371630758
45.76,EURO,Decision_Tree_NestedCV,0,3,0.18495934959349594
31.64,NBA,Logistic_Regression,3,3,0.35805345345679956
31.64,NBA,Decision_Tree_NestedCV,3,3,0.5060975609756098
76.38,EURO,Logistic_Regression,0,0,0.3800100050038627
76.38,EURO,Decision_Tree_NestedCV,0,2,0.3582089552238806
84.44,U16,Logistic_Regression,0,0,0.9261124955340533
84.44,U16,Decision_Tree_NestedCV,0,0,0.8932584269662921
87.9,EURO,Logistic_Regression,0,0,0.94225132957353
87.9,EURO,Decision_Tree_NestedCV,0,0,0.976536312849162
31.01,EURO,Logistic_Regression,0,0,0.9064294061930461
31.01,EURO,Decision_Tree_NestedCV,0,0,0.976536312849162
42.64,SLO1,Logistic_Regression,0,0,0.9591637156275961
42.64,SLO1,Decision_Tree_NestedCV,0,0,0.976536312849162
45.58,U14,Logistic_Regression,3,3,0.46868170326190073
45.58,U14,Decision_Tree_NestedCV,3,3,0.5060975609756098
1.51,EURO,Logistic_Regression,2,2,0.488016514715602
1.51,EURO,Decision_Tree_NestedCV,2,2,0.4716417910447761
53.45,EURO,Logistic_Regression,2,2,0.3877811801537122
53.45,EURO,Decision_Tree_NestedCV,2,2,0.4716417910447761
78.0,U16,Logistic_Regression,3,3,0.8502734816714448
78.0,U16,Decision_Tree_NestedCV,3,3,0.921161825726141
23.28,EURO,Logistic_Regression,0,0,0.4717998412420439
23.28,EURO,Decision_Tree_NestedCV,0,0,0.44339622641509435
40.75,EURO,Logistic_Regression,0,0,0.9397140800268756
40.75,EURO,Decision_Tree_NestedCV,0,0,0.976536312849162
54.03,EURO,Logistic_Regression,0,0,0.9478022082138375
54.03,EURO,Decision_Tree_NestedCV,0,0,0.976536312849162
63.79,U16,Logistic_Regression,0,0,0.9131998504467915
63.79,U16,Decision_Tree_NestedCV,0,0,0.8932584269662921
85.25,SLO1,Logistic_Regression,0,0,0.9606612778690783
85.25,SLO1,Decision_Tree_NestedCV,0,0,0.976536312849162
59.62,U16,Logistic_Regression,3,3,0.7699743147734023
59.62,U16,Decision_Tree_NestedCV,3,3,0.8181818181818182
63.96,SLO1,Logistic_Regression,2,3,0.3103117107206186
63.96,SLO1,Decision_Tree_NestedCV,2,0,0.2719298245614035
62.44,EURO,Logistic_Regression,3,3,0.8062663546572606
62.44,EURO,Decision_Tree_NestedCV,3,3,0.8461538461538461
22.69,EURO,Logistic_Regression,0,0,0.9502782667794167
22.69,EURO,Decision_Tree_NestedCV,0,0,0.976536312849162
82.52,U14,Logistic_Regression,0,0,0.878381238388034
82.52,U14,Decision_Tree_NestedCV,0,0,0.9382716049382716
66.03,U14,Logistic_Regression,3,3,0.5451137181385577
66.03,U14,Decision_Tree_NestedCV,3,3,0.5060975609756098
65.66,U14,Logistic_Regression,3,3,0.6271558684253614
65.66,U14,Decision_Tree_NestedCV,3,3,0.5060975609756098
15.1,U14,Logistic_Regression,0,3,0.3413898987518482
15.1,U14,Decision_Tree_NestedCV,0,3,0.18495934959349594
60.12,EURO,Logistic_Regression,0,0,0.9515140144689032
60.12,EURO,Decision_Tree_NestedCV,0,0,0.976536312849162
27.63,SLO1,Logistic_Regression,0,0,0.9652027277159095
27.63,SLO1,Decision_Tree_NestedCV,0,0,0.976536312849162
71.09,U16,Logistic_Regression,3,3,0.8522867994528768
71.09,U16,Decision_Tree_NestedCV,3,3,0.8461538461538461
5.48,SLO1,Logistic_Regression,5,2,0.06909127010536131
5.48,SLO1,Decision_Tree_NestedCV,5,0,0.03508771929824561
23.62,U14,Logistic_Regression,0,0,0.5238077398925058
23.62,U14,Decision_Tree_NestedCV,0,0,0.7894736842105263
69.35,U16,Logistic_Regression,3,3,0.6262826062285215
69.35,U16,Decision_Tree_NestedCV,3,3,0.5060975609756098
14.25,U16,Logistic_Regression,3,3,0.3677747959326749
14.25,U16,Decision_Tree_NestedCV,3,3,0.5060975609756098
40.51,EURO,Logistic_Regression,0,0,0.735279828588492
40.51,EURO,Decision_Tree_NestedCV,0,0,0.976536312849162
58.61,SLO1,Logistic_Regression,4,2,0.011829756175617625
58.61,SLO1,Decision_Tree_NestedCV,4,2,0.04477611940298507
86.16,EURO,Logistic_Regression,0,0,0.9427724406304471
86.16,EURO,Decision_Tree_NestedCV,0,0,0.976536312849162
57.61,NBA,Logistic_Regression,0,0,0.4803367527316523
57.61,NBA,Decision_Tree_NestedCV,0,2,0.3582089552238806
0.0,EURO,Logistic_Regression,0,0,0.4679207634044086
0.0,EURO,Decision_Tree_NestedCV,0,2,0.3582089552238806
1.55,SLO1,Logistic_Regression,2,0,0.31830343763785174
1.55,SLO1,Decision_Tree_NestedCV,2,0,0.2641509433962264
84.18,U16,Logistic_Regression,4,0,0.07648199008575954
84.18,U16,Decision_Tree_NestedCV,4,0,0.10674157303370786
5.75,SLO1,Logistic_Regression,1,2,0.09229944033295975
5.75,SLO1,Decision_Tree_NestedCV,1,0,0.07894736842105263
28.06,NBA,Logistic_Regression,0,0,0.9166156989642466
28.06,NBA,Decision_Tree_NestedCV,0,0,0.976536312849162
9.92,SLO1,Logistic_Regression,2,2,0.4267530711487311
9.92,SLO1,Decision_Tree_NestedCV,2,0,0.2719298245614035
26.06,NBA,Logistic_Regression,0,0,0.7473520043894883
26.06,NBA,Decision_Tree_NestedCV,0,0,0.44339622641509435
51.31,SLO1,Logistic_Regression,2,2,0.34931745539923986
51.31,SLO1,Decision_Tree_NestedCV,2,0,0.2719298245614035
22.35,NBA,Logistic_Regression,0,0,0.48395330277586307
22.35,NBA,Decision_Tree_NestedCV,0,4,0.1111111111111111
80.88,EURO,Logistic_Regression,2,0,0.10157565555589657
80.88,EURO,Decision_Tree_NestedCV,2,0,0.2641509433962264
59.02,U16,Logistic_Regression,0,0,0.9101847692521807
59.02,U16,Decision_Tree_NestedCV,0,0,0.8932584269662921
35.45,EURO,Logistic_Regression,0,0,0.9635321905513595
35.45,EURO,Decision_Tree_NestedCV,0,0,0.976536312849162
14.64,NBA,Logistic_Regression,0,0,0.9353132513854597
14.64,NBA,Decision_Tree_NestedCV,0,0,0.976536312849162
33.06,SLO1,Logistic_Regression,0,0,0.9696474119604814
33.06,SLO1,Decision_Tree_NestedCV,0,0,0.976536312849162
69.17,SLO1,Logistic_Regression,0,0,0.9495475813875838
69.17,SLO1,Decision_Tree_NestedCV,0,0,0.976536312849162
77.71,NBA,Logistic_Regression,0,0,0.9606878687880641
77.71,NBA,Decision_Tree_NestedCV,0,0,0.976536312849162
0.0,SLO1,Logistic_Regression,0,0,0.7655618300775353
0.0,SLO1,Decision_Tree_NestedCV,0,0,0.8536585365853658
11.85,U14,Logistic_Regression,0,0,0.8911331703404334
11.85,U14,Decision_Tree_NestedCV,0,0,0.7878787878787878
29.35,NBA,Logistic_Regression,4,4,0.40656714124876575
29.35,NBA,Decision_Tree_NestedCV,4,4,0.6911764705882353
52.08,U16,Logistic_Regression,3,3,0.5114909495851446
52.08,U16,Decision_Tree_NestedCV,3,3,0.5060975609756098
32.8,NBA,Logistic_Regression,0,0,0.9546604177778374
32.8,NBA,Decision_Tree_NestedCV,0,0,0.976536312849162
59.57,SLO1,Logistic_Regression,0,0,0.9257021895701153
59.57,SLO1,Decision_Tree_NestedCV,0,0,0.976536312849162
6.36,NBA,Logistic_Regression,0,0,0.9237917490995997
6.36,NBA,Decision_Tree_NestedCV,0,0,0.976536312849162
64.28,U16,Logistic_Regression,3,3,0.6856454045342658
64.28,U16,Decision_Tree_NestedCV,3,3,0.5060975609756098
28.99,SLO1,Logistic_Regression,0,3,0.15714430606660387
28.99,SLO1,Decision_Tree_NestedCV,0,3,0.1
77.48,NBA,Logistic_Regression,4,3,0.017159796677836573
77.48,NBA,Decision_Tree_NestedCV,4,3,0.042682926829268296
52.38,U14,Logistic_Regression,0,0,0.8865167149368656
52.38,U14,Decision_Tree_NestedCV,0,0,0.7878787878787878
28.23,NBA,Logistic_Regression,0,0,0.8785661475468023
28.23,NBA,Decision_Tree_NestedCV,0,0,0.976536312849162
75.89,EURO,Logistic_Regression,4,0,0.4283625667017272
75.89,EURO,Decision_Tree_NestedCV,4,4,0.9230769230769231
60.52,U16,Logistic_Regression,0,0,0.4507606073828602
60.52,U16,Decision_Tree_NestedCV,0,0,0.8947368421052632
86.08,U14,Logistic_Regression,3,3,0.8188838165921876
86.08,U14,Decision_Tree_NestedCV,3,3,0.921161825726141
0.0,EURO,Logistic_Regression,0,0,0.9490270647400341
0.0,EURO,Decision_Tree_NestedCV,0,0,0.976536312849162
0.42,NBA,Logistic_Regression,0,0,0.9447722797033589
0.42,NBA,Decision_Tree_NestedCV,0,0,0.976536312849162
68.16,EURO,Logistic_Regression,0,0,0.6215586630187517
68.16,EURO,Decision_Tree_NestedCV,0,0,0.44339622641509435
27.54,NBA,Logistic_Regression,2,0,0.166862821512926
27.54,NBA,Decision_Tree_NestedCV,2,0,0.2641509433962264
43.92,EURO,Logistic_Regression,0,0,0.8604194224070693
43.92,EURO,Decision_Tree_NestedCV,0,0,0.976536312849162
82.95,SLO1,Logistic_Regression,0,0,0.95995863627979
82.95,SLO1,Decision_Tree_NestedCV,0,0,0.976536312849162
18.04,NBA,Logistic_Regression,0,0,0.9457071754280969
18.04,NBA,Decision_Tree_NestedCV,0,0,0.976536312849162
47.5,NBA,Logistic_Regression,0,0,0.9449960341481042
47.5,NBA,Decision_Tree_NestedCV,0,0,0.976536312849162
10.53,EURO,Logistic_Regression,0,0,0.9432329968133174
10.53,EURO,Decision_Tree_NestedCV,0,0,0.976536312849162
36.94,EURO,Logistic_Regression,0,0,0.3647725543690015
36.94,EURO,Decision_Tree_NestedCV,0,4,0.20588235294117646
6.11,U16,Logistic_Regression,0,0,0.9216779758151699
6.11,U16,Decision_Tree_NestedCV,0,0,0.8932584269662921
5.56,U14,Logistic_Regression,0,0,0.8428629644089516
5.56,U14,Decision_Tree_NestedCV,0,0,0.9382716049382716
74.45,EURO,Logistic_Regression,3,3,0.5525489476846329
74.45,EURO,Decision_Tree_NestedCV,3,3,0.45098039215686275
49.18,SLO1,Logistic_Regression,3,0,0.2873264127725931
49.18,SLO1,Decision_Tree_NestedCV,3,0,0.19298245614035087
40.08,SLO1,Logistic_Regression,0,0,0.9428084030021813
40.08,SLO1,Decision_Tree_NestedCV,0,0,0.976536312849162
15.79,NBA,Logistic_Regression,4,0,0.4445999701764211
15.79,NBA,Decision_Tree_NestedCV,4,0,0.2
36.37,NBA,Logistic_Regression,3,3,0.7248848950876968
36.37,NBA,Decision_Tree_NestedCV,3,3,0.8181818181818182
76.23,EURO,Logistic_Regression,2,0,0.2881702961994109
76.23,EURO,Decision_Tree_NestedCV,2,2,0.4716417910447761
50.18,NBA,Logistic_Regression,3,3,0.868997693161715
50.18,NBA,Decision_Tree_NestedCV,3,3,0.921161825726141
9.82,EURO,Logistic_Regression,2,2,0.4356120501446799
9.82,EURO,Decision_Tree_NestedCV,2,2,0.4716417910447761
30.27,NBA,Logistic_Regression,0,0,0.927831165452184
30.27,NBA,Decision_Tree_NestedCV,0,0,0.976536312849162
48.41,SLO1,Logistic_Regression,0,0,0.9019495250913694
48.41,SLO1,Decision_Tree_NestedCV,0,0,0.976536312849162
83.27,U14,Logistic_Regression,0,0,0.8698286642390124
83.27,U14,Decision_Tree_NestedCV,0,0,0.9382716049382716
68.68,SLO1,Logistic_Regression,3,0,0.044320425898024915
68.68,SLO1,Decision_Tree_NestedCV,3,0,0.04878048780487805
78.94,U16,Logistic_Regression,3,3,0.8835916739140777
78.94,U16,Decision_Tree_NestedCV,3,3,0.8461538461538461
63.96,NBA,Logistic_Regression,3,3,0.8959668571066642
63.96,NBA,Decision_Tree_NestedCV,3,3,0.921161825726141
0.0,EURO,Logistic_Regression,0,0,0.9407364496326626
0.0,EURO,Decision_Tree_NestedCV,0,0,0.976536312849162
87.59,NBA,Logistic_Regression,0,0,0.952843076937921
87.59,NBA,Decision_Tree_NestedCV,0,0,0.976536312849162
8.9,U16,Logistic_Regression,2,0,0.1636577836820425
8.9,U16,Decision_Tree_NestedCV,2,2,0.4716417910447761
39.79,U14,Logistic_Regression,3,3,0.6652578151411752
39.79,U14,Decision_Tree_NestedCV,3,3,0.921161825726141
24.07,SLO1,Logistic_Regression,0,0,0.9613386712204277
24.07,SLO1,Decision_Tree_NestedCV,0,0,0.976536312849162
71.72,U16,Logistic_Regression,0,0,0.9273238631541382
71.72,U16,Decision_Tree_NestedCV,0,0,0.8932584269662921
11.03,SLO1,Logistic_Regression,0,0,0.95992034555944
11.03,SLO1,Decision_Tree_NestedCV,0,0,0.976536312849162
60.91,SLO1,Logistic_Regression,0,3,0.24175003991203672
60.91,SLO1,Decision_Tree_NestedCV,0,0,0.4117647058823529
29.69,U16,Logistic_Regression,0,0,0.915017357364504
29.69,U16,Decision_Tree_NestedCV,0,0,0.8932584269662921
6.49,SLO1,Logistic_Regression,5,1,0.27366329693907493
6.49,SLO1,Decision_Tree_NestedCV,5,2,0.08695652173913043
32.09,NBA,Logistic_Regression,0,0,0.9443816170905529
32.09,NBA,Decision_Tree_NestedCV,0,0,0.976536312849162
60.71,EURO,Logistic_Regression,0,0,0.9431059315923009
60.71,EURO,Decision_Tree_NestedCV,0,0,0.976536312849162
27.9,NBA,Logistic_Regression,0,0,0.9448294638221783
27.9,NBA,Decision_Tree_NestedCV,0,0,0.976536312849162
24.9,NBA,Logistic_Regression,0,0,0.9452775761842961
24.9,NBA,Decision_Tree_NestedCV,0,0,0.976536312849162
68.3,U14,Logistic_Regression,3,3,0.7970459109202536
68.3,U14,Decision_Tree_NestedCV,3,3,0.921161825726141
71.64,EURO,Logistic_Regression,0,0,0.9052035229228238
71.64,EURO,Decision_Tree_NestedCV,0,0,0.976536312849162
80.54,U14,Logistic_Regression,0,0,0.8892720860252514
80.54,U14,Decision_Tree_NestedCV,0,4,0.4857142857142857
3.04,SLO1,Logistic_Regression,1,2,0.10009200440767246
3.04,SLO1,Decision_Tree_NestedCV,1,2,0.13043478260869565
43.43,EURO,Logistic_Regression,0,0,0.9520325329858688
43.43,EURO,Decision_Tree_NestedCV,0,0,0.976536312849162
74.85,EURO,Logistic_Regression,0,0,0.9386156532895567
74.85,EURO,Decision_Tree_NestedCV,0,0,0.976536312849162
58.78,U14,Logistic_Regression,0,0,0.9094308721653572
58.78,U14,Decision_Tree_NestedCV,0,4,0.4857142857142857
61.29,SLO1,Logistic_Regression,0,0,0.9611370757640213
61.29,SLO1,Decision_Tree_NestedCV,0,0,0.976536312849162
66.64,NBA,Logistic_Regression,3,3,0.9094253517003749
66.64,NBA,Decision_Tree_NestedCV,3,3,0.921161825726141
17.78,NBA,Logistic_Regression,0,0,0.9451679625536549
17.78,NBA,Decision_Tree_NestedCV,0,0,0.976536312849162
42.39,NBA,Logistic_Regression,0,0,0.9536327711718605
42.39,NBA,Decision_Tree_NestedCV,0,0,0.976536312849162
9.51,EURO,Logistic_Regression,2,2,0.5012316673101339
9.51,EURO,Decision_Tree_NestedCV,2,2,0.4716417910447761
43.46,SLO1,Logistic_Regression,1,2,0.02673582020552481
43.46,SLO1,Decision_Tree_NestedCV,1,0,0.07894736842105263
88.31,EURO,Logistic_Regression,0,0,0.9412092005403035
88.31,EURO,Decision_Tree_NestedCV,0,0,0.976536312849162
46.96,NBA,Logistic_Regression,0,0,0.9437990647718377
46.96,NBA,Decision_Tree_NestedCV,0,0,0.976536312849162
4.6,SLO1,Logistic_Regression,3,2,0.12225025176558235
4.6,SLO1,Decision_Tree_NestedCV,3,2,0.08656716417910448
43.82,NBA,Logistic_Regression,1,0,0.233686955088787
43.82,NBA,Decision_Tree_NestedCV,1,0,0.07894736842105263
80.02,U14,Logistic_Regression,3,3,0.8669834204638116
80.02,U14,Decision_Tree_NestedCV,3,3,0.921161825726141
55.24,NBA,Logistic_Regression,4,0,0.0532005107793322
55.24,NBA,Decision_Tree_NestedCV,4,0,0.012849162011173185
83.68,NBA,Logistic_Regression,0,0,0.9199937399943067
83.68,NBA,Decision_Tree_NestedCV,0,0,0.976536312849162
38.98,SLO1,Logistic_Regression,0,0,0.9616549212308814
38.98,SLO1,Decision_Tree_NestedCV,0,0,0.976536312849162
57.65,EURO,Logistic_Regression,0,0,0.9391684266170223
57.65,EURO,Decision_Tree_NestedCV,0,0,0.976536312849162
45.23,EURO,Logistic_Regression,0,0,0.9437076672694381
45.23,EURO,Decision_Tree_NestedCV,0,0,0.976536312849162
71.63,EURO,Logistic_Regression,0,0,0.9090970718676142
71.63,EURO,Decision_Tree_NestedCV,0,0,0.976536312849162
48.67,U16,Logistic_Regression,3,3,0.8758266836963233
48.67,U16,Decision_Tree_NestedCV,3,3,0.921161825726141
52.57,U14,Logistic_Regression,0,0,0.5043544037291232
52.57,U14,Decision_Tree_NestedCV,0,0,0.7894736842105263
34.77,NBA,Logistic_Regression,0,0,0.9455930731288323
34.77,NBA,Decision_Tree_NestedCV,0,0,0.976536312849162
45.9,EURO,Logistic_Regression,4,3,0.07537039818851062
45.9,EURO,Decision_Tree_NestedCV,4,3,0.04149377593360996
45.42,NBA,Logistic_Regression,0,0,0.9547213150041365
45.42,NBA,Decision_Tree_NestedCV,0,0,0.976536312849162
13.23,NBA,Logistic_Regression,0,0,0.4268234568509152
13.23,NBA,Decision_Tree_NestedCV,0,2,0.3582089552238806
82.9,EURO,Logistic_Regression,0,0,0.9362347538329704
82.9,EURO,Decision_Tree_NestedCV,0,0,0.976536312849162
34.02,NBA,Logistic_Regression,3,0,0.17802681676832416
34.02,NBA,Decision_Tree_NestedCV,3,2,0.08656716417910448
37.16,NBA,Logistic_Regression,0,0,0.9273685644944287
37.16,NBA,Decision_Tree_NestedCV,0,0,0.976536312849162
71.65,SLO1,Logistic_Regression,0,0,0.8988038395417731
71.65,SLO1,Decision_Tree_NestedCV,0,0,0.976536312849162
64.48,U16,Logistic_Regression,3,3,0.8854324364404692
64.48,U16,Decision_Tree_NestedCV,3,3,0.921161825726141
69.83,U14,Logistic_Regression,0,3,0.2615450618359055
69.83,U14,Decision_Tree_NestedCV,0,3,0.18495934959349594
46.74,SLO1,Logistic_Regression,0,0,0.9610698647213222
46.74,SLO1,Decision_Tree_NestedCV,0,0,0.976536312849162
40.67,U14,Logistic_Regression,0,0,0.8883609477966835
40.67,U14,Decision_Tree_NestedCV,0,0,0.7878787878787878
21.04,U14,Logistic_Regression,4,0,0.10729491173180553
21.04,U14,Decision_Tree_NestedCV,4,0,0.21212121212121213
51.91,NBA,Logistic_Regression,0,0,0.9455575209034988
51.91,NBA,Decision_Tree_NestedCV,0,0,0.976536312849162
4.64,SLO1,Logistic_Regression,0,0,0.9595258980474819
4.64,SLO1,Decision_Tree_NestedCV,0,0,0.976536312849162
56.03,EURO,Logistic_Regression,0,0,0.9532110382828887
56.03,EURO,Decision_Tree_NestedCV,0,0,0.976536312849162
46.43,U14,Logistic_Regression,0,0,0.8892678577927865
46.43,U14,Decision_Tree_NestedCV,0,0,0.7878787878787878
19.89,EURO,Logistic_Regression,4,3,0.07625836500080534
19.89,EURO,Decision_Tree_NestedCV,4,3,0.11764705882352941
81.07,EURO,Logistic_Regression,2,0,0.08584594114596235
81.07,EURO,Decision_Tree_NestedCV,2,0,0.0
1.92,SLO1,Logistic_Regression,3,3,0.4758055027693246
1.92,SLO1,Decision_Tree_NestedCV,3,3,0.84
25.2,SLO1,Logistic_Regression,0,0,0.9618953514833153
25.2,SLO1,Decision_Tree_NestedCV,0,0,0.976536312849162
54.7,U16,Logistic_Regression,0,3,0.0613832685703178
54.7,U16,Decision_Tree_NestedCV,0,3,0.03734439834024896
26.62,EURO,Logistic_Regression,2,0,0.3427908773336932
26.62,EURO,Decision_Tree_NestedCV,2,2,0.4716417910447761
41.17,SLO1,Logistic_Regression,0,0,0.9671986150663899
41.17,SLO1,Decision_Tree_NestedCV,0,0,0.976536312849162
13.36,U16,Logistic_Regression,3,0,0.3336784162709017
13.36,U16,Decision_Tree_NestedCV,3,3,0.5060975609756098
78.0,U16,Logistic_Regression,3,3,0.6830243747843255
78.0,U16,Decision_Tree_NestedCV,3,3,0.5060975609756098
3.81,SLO1,Logistic_Regression,0,0,0.9028886963141214
3.81,SLO1,Decision_Tree_NestedCV,0,0,0.976536312849162
62.72,SLO1,Logistic_Regression,2,2,0.32116220991769057
62.72,SLO1,Decision_Tree_NestedCV,2,0,0.2719298245614035
77.6,U14,Logistic_Regression,3,3,0.8266614831394539
77.6,U14,Decision_Tree_NestedCV,3,3,0.921161825726141
32.3,U14,Logistic_Regression,4,4,0.47517360315299983
32.3,U14,Decision_Tree_NestedCV,4,4,0.6911764705882353
50.63,EURO,Logistic_Regression,0,0,0.9229922490105452
50.63,EURO,Decision_Tree_NestedCV,0,0,0.976536312849162
15.9,SLO1,Logistic_Regression,0,0,0.939584898643062
15.9,SLO1,Decision_Tree_NestedCV,0,0,0.976536312849162
0.0,NBA,Logistic_Regression,3,3,0.7915960146215371
0.0,NBA,Decision_Tree_NestedCV,3,3,1.0
28.04,SLO1,Logistic_Regression,2,0,0.41488822590632535
28.04,SLO1,Decision_Tree_NestedCV,2,2,0.4716417910447761
76.6,U14,Logistic_Regression,3,4,0.10751478291649876
76.6,U14,Decision_Tree_NestedCV,3,4,0.02564102564102564
37.03,SLO1,Logistic_Regression,0,0,0.9646831631572579
37.03,SLO1,Decision_Tree_NestedCV,0,0,0.976536312849162
14.11,SLO1,Logistic_Regression,3,3,0.7048744701612787
14.11,SLO1,Decision_Tree_NestedCV,3,3,0.84
5.87,SLO1,Logistic_Regression,0,0,0.9198170438398983
5.87,SLO1,Decision_Tree_NestedCV,0,0,0.976536312849162
10.86,U16,Logistic_Regression,3,0,0.26767005069024336
10.86,U16,Decision_Tree_NestedCV,3,0,0.19298245614035087
61.28,NBA,Logistic_Regression,0,3,0.044219265634748296
61.28,NBA,Decision_Tree_NestedCV,0,3,0.03734439834024896
37.55,NBA,Logistic_Regression,4,4,0.9021284376940403
37.55,NBA,Decision_Tree_NestedCV,4,0,0.3333333333333333
62.28,U16,Logistic_Regression,3,3,0.8701808919926967
62.28,U16,Decision_Tree_NestedCV,3,3,0.921161825726141
55.84,U14,Logistic_Regression,0,0,0.46199648455346587
55.84,U14,Decision_Tree_NestedCV,0,0,0.8947368421052632
49.35,NBA,Logistic_Regression,0,0,0.94030465724611
49.35,NBA,Decision_Tree_NestedCV,0,0,0.976536312849162
23.05,EURO,Logistic_Regression,0,0,0.6335067955206084
23.05,EURO,Decision_Tree_NestedCV,0,0,0.44339622641509435
29.29,U16,Logistic_Regression,0,0,0.8277257803577087
29.29,U16,Decision_Tree_NestedCV,0,0,0.8932584269662921
44.05,NBA,Logistic_Regression,0,0,0.918847986355402
44.05,NBA,Decision_Tree_NestedCV,0,0,0.976536312849162
37.25,NBA,Logistic_Regression,0,0,0.9463109686889575
37.25,NBA,Decision_Tree_NestedCV,0,0,0.976536312849162
48.46,SLO1,Logistic_Regression,3,3,0.7757767410414591
48.46,SLO1,Decision_Tree_NestedCV,3,3,0.84
62.05,EURO,Logistic_Regression,3,3,0.8734315291849869
62.05,EURO,Decision_Tree_NestedCV,3,3,0.921161825726141
0.0,SLO1,Logistic_Regression,1,2,0.17572790113986866
0.0,SLO1,Decision_Tree_NestedCV,1,0,0.07894736842105263
13.07,NBA,Logistic_Regression,0,0,0.9484400546075754
13.07,NBA,Decision_Tree_NestedCV,0,0,0.976536312849162
4.25,EURO,Logistic_Regression,0,0,0.9486802994519968
4.25,EURO,Decision_Tree_NestedCV,0,0,0.976536312849162
80.34,NBA,Logistic_Regression,0,0,0.7977397678328195
80.34,NBA,Decision_Tree_NestedCV,0,0,0.76
52.16,EURO,Logistic_Regression,0,0,0.9374821280688053
52.16,EURO,Decision_Tree_NestedCV,0,0,0.976536312849162
62.28,EURO,Logistic_Regression,3,3,0.8005240439516877
62.28,EURO,Decision_Tree_NestedCV,3,3,0.921161825726141
16.81,U16,Logistic_Regression,0,0,0.9312181101202747
16.81,U16,Decision_Tree_NestedCV,0,0,0.8932584269662921
59.72,NBA,Logistic_Regression,0,0,0.9203268910875528
59.72,NBA,Decision_Tree_NestedCV,0,0,0.976536312849162
46.38,NBA,Logistic_Regression,3,3,0.4079135170186808
46.38,NBA,Decision_Tree_NestedCV,3,3,0.5060975609756098
2.29,EURO,Logistic_Regression,0,0,0.8314886191115813
2.29,EURO,Decision_Tree_NestedCV,0,0,0.976536312849162
61.07,EURO,Logistic_Regression,0,2,0.36855627549660475
61.07,EURO,Decision_Tree_NestedCV,0,2,0.3582089552238806
55.03,U16,Logistic_Regression,4,4,0.43234348023905145
55.03,U16,Decision_Tree_NestedCV,4,4,0.6911764705882353
82.77,NBA,Logistic_Regression,0,0,0.941332199850487
82.77,NBA,Decision_Tree_NestedCV,0,0,0.976536312849162
11.85,NBA,Logistic_Regression,3,3,0.25329380535553786
11.85,NBA,Decision_Tree_NestedCV,3,3,0.5060975609756098
82.49,U16,Logistic_Regression,0,0,0.88784082692506
82.49,U16,Decision_Tree_NestedCV,0,0,0.8932584269662921
29.62,U14,Logistic_Regression,3,3,0.7679474297344995
29.62,U14,Decision_Tree_NestedCV,3,3,0.6470588235294118
43.75,NBA,Logistic_Regression,0,0,0.8482303324549488
43.75,NBA,Decision_Tree_NestedCV,0,0,0.976536312849162
44.93,EURO,Logistic_Regression,0,0,0.9434007692957511
44.93,EURO,Decision_Tree_NestedCV,0,0,0.976536312849162
32.48,NBA,Logistic_Regression,3,3,0.35242767063030955
32.48,NBA,Decision_Tree_NestedCV,3,3,0.5060975609756098
63.9,SLO1,Logistic_Regression,0,2,0.2635682091570965
63.9,SLO1,Decision_Tree_NestedCV,0,0,0.30701754385964913
9.48,U14,Logistic_Regression,0,0,0.6525042699786568
9.48,U14,Decision_Tree_NestedCV,0,0,0.7894736842105263
45.46,U14,Logistic_Regression,3,3,0.6469643878831219
45.46,U14,Decision_Tree_NestedCV,3,3,0.8181818181818182
1.1,EURO,Logistic_Regression,4,0,0.4313392100945273
1.1,EURO,Decision_Tree_NestedCV,4,0,0.0
86.06,SLO1,Logistic_Regression,0,0,0.9151644907120431
86.06,SLO1,Decision_Tree_NestedCV,0,0,0.976536312849162
81.89,NBA,Logistic_Regression,0,0,0.8885173454967611
81.89,NBA,Decision_Tree_NestedCV,0,0,0.976536312849162
37.21,EURO,Logistic_Regression,0,0,0.9401184085103733
37.21,EURO,Decision_Tree_NestedCV,0,0,0.976536312849162
71.85,SLO1,Logistic_Regression,0,0,0.9164605258175339
71.85,SLO1,Decision_Tree_NestedCV,0,0,0.976536312849162
57.45,NBA,Logistic_Regression,5,3,0.08464677400427108
57.45,NBA,Decision_Tree_NestedCV,5,3,0.07317073170731707
57.29,U16,Logistic_Regression,4,3,0.029843784136291237
57.29,U16,Decision_Tree_NestedCV,4,3,0.042682926829268296
59.97,U14,Logistic_Regression,3,3,0.8232255788204614
59.97,U14,Decision_Tree_NestedCV,3,3,0.921161825726141
83.18,U14,Logistic_Regression,4,0,0.14182486754358803
83.18,U14,Decision_Tree_NestedCV,4,0,0.06172839506172839
64.28,U16,Logistic_Regression,3,3,0.8301053687453854
64.28,U16,Decision_Tree_NestedCV,3,3,0.921161825726141
88.31,EURO,Logistic_Regression,0,0,0.9412092005403035
88.31,EURO,Decision_Tree_NestedCV,0,0,0.976536312849162
71.17,EURO,Logistic_Regression,3,3,0.820570819113538
71.17,EURO,Decision_Tree_NestedCV,3,3,0.8461538461538461
74.93,U14,Logistic_Regression,3,3,0.7869263457856038
74.93,U14,Decision_Tree_NestedCV,3,3,0.921161825726141
53.76,EURO,Logistic_Regression,3,3,0.3780351350441651
53.76,EURO,Decision_Tree_NestedCV,3,3,0.5060975609756098
9.19,NBA,Logistic_Regression,0,3,0.17152165044057602
9.19,NBA,Decision_Tree_NestedCV,0,3,0.21568627450980393
44.93,EURO,Logistic_Regression,0,0,0.9524333229702822
44.93,EURO,Decision_Tree_NestedCV,0,0,0.976536312849162
41.81,NBA,Logistic_Regression,0,0,0.9441757246977077
41.81,NBA,Decision_Tree_NestedCV,0,0,0.976536312849162
10.2,U14,Logistic_Regression,0,0,0.9013432819359588
10.2,U14,Decision_Tree_NestedCV,0,0,0.7878787878787878
20.1,SLO1,Logistic_Regression,0,2,0.37823216149455285
20.1,SLO1,Decision_Tree_NestedCV,0,0,0.30701754385964913
42.56,U14,Logistic_Regression,0,0,0.46317730695366904
42.56,U14,Decision_Tree_NestedCV,0,0,0.8947368421052632
65.5,NBA,Logistic_Regression,3,0,0.04610554952702336
65.5,NBA,Decision_Tree_NestedCV,3,0,0.04878048780487805
9.35,EURO,Logistic_Regression,0,0,0.9274512117915656
9.35,EURO,Decision_Tree_NestedCV,0,0,0.976536312849162
82.03,NBA,Logistic_Regression,0,0,0.9228040268196399
82.03,NBA,Decision_Tree_NestedCV,0,0,0.976536312849162
51.36,U14,Logistic_Regression,0,0,0.4449405271206256
51.36,U14,Decision_Tree_NestedCV,0,0,0.8947368421052632
24.93,SLO1,Logistic_Regression,0,0,0.9457603011359643
24.93,SLO1,Decision_Tree_NestedCV,0,0,0.976536312849162
60.52,EURO,Logistic_Regression,3,3,0.8216012997990906
60.52,EURO,Decision_Tree_NestedCV,3,3,0.921161825726141
3.49,NBA,Logistic_Regression,0,0,0.5923475835903032
3.49,NBA,Decision_Tree_NestedCV,0,0,0.44339622641509435
12.67,SLO1,Logistic_Regression,0,0,0.9645311468609284
12.67,SLO1,Decision_Tree_NestedCV,0,0,0.976536312849162
40.88,NBA,Logistic_Regression,3,3,0.8210211524932767
40.88,NBA,Decision_Tree_NestedCV,3,3,0.921161825726141
67.64,U14,Logistic_Regression,0,0,0.8715493970679272
67.64,U14,Decision_Tree_NestedCV,0,4,0.4857142857142857
55.92,SLO1,Logistic_Regression,2,3,0.2759589441029512
55.92,SLO1,Decision_Tree_NestedCV,2,0,0.3058823529411765
58.33,U14,Logistic_Regression,3,3,0.7423791774870008
58.33,U14,Decision_Tree_NestedCV,3,3,0.921161825726141
46.16,SLO1,Logistic_Regression,3,3,0.4270871804221463
46.16,SLO1,Decision_Tree_NestedCV,3,3,0.84
47.34,EURO,Logistic_Regression,0,0,0.9518388965468823
47.34,EURO,Decision_Tree_NestedCV,0,0,0.976536312849162
72.84,U16,Logistic_Regression,0,0,0.6078346251684555
72.84,U16,Decision_Tree_NestedCV,0,0,0.44339622641509435
26.74,SLO1,Logistic_Regression,0,2,0.24948068717916677
26.74,SLO1,Decision_Tree_NestedCV,0,0,0.30701754385964913
52.08,U16,Logistic_Regression,3,3,0.8019888644605045
52.08,U16,Decision_Tree_NestedCV,3,3,0.921161825726141
5.75,U16,Logistic_Regression,4,3,0.24771753435643917
5.75,U16,Decision_Tree_NestedCV,4,0,0.2647058823529412
48.3,U16,Logistic_Regression,3,3,0.8402104455509121
48.3,U16,Decision_Tree_NestedCV,3,3,0.921161825726141
43.1,SLO1,Logistic_Regression,0,0,0.9461740972270528
43.1,SLO1,Decision_Tree_NestedCV,0,0,0.976536312849162
67.54,U14,Logistic_Regression,0,0,0.5800437783079808
67.54,U14,Decision_Tree_NestedCV,0,0,0.7894736842105263
0.0,SLO1,Logistic_Regression,3,3,0.8741739736243613
0.0,SLO1,Decision_Tree_NestedCV,3,3,1.0
42.79,NBA,Logistic_Regression,4,0,0.18375309156140027
42.79,NBA,Decision_Tree_NestedCV,4,2,0.04477611940298507
36.2,SLO1,Logistic_Regression,3,3,0.7266119785527136
36.2,SLO1,Decision_Tree_NestedCV,3,3,0.84
33.3,SLO1,Logistic_Regression,3,0,0.15081631183387142
33.3,SLO1,Decision_Tree_NestedCV,3,2,0.08656716417910448
82.61,SLO1,Logistic_Regression,0,0,0.930486724608993
82.61,SLO1,Decision_Tree_NestedCV,0,0,0.976536312849162
29.7,EURO,Logistic_Regression,4,0,0.4231776430276447
29.7,EURO,Decision_Tree_NestedCV,4,4,0.9230769230769231
55.46,U16,Logistic_Regression,0,0,0.5311132881641925
55.46,U16,Decision_Tree_NestedCV,0,0,0.44339622641509435
15.8,NBA,Logistic_Regression,2,0,0.24449322124632636
15.8,NBA,Decision_Tree_NestedCV,2,2,0.4716417910447761
40.21,U16,Logistic_Regression,0,0,0.9147804172007563
40.21,U16,Decision_Tree_NestedCV,0,0,0.8932584269662921
76.45,U14,Logistic_Regression,0,0,0.7345028751670574
76.45,U14,Decision_Tree_NestedCV,0,0,0.375
21.19,SLO1,Logistic_Regression,0,0,0.9603062013480338
21.19,SLO1,Decision_Tree_NestedCV,0,0,0.976536312849162
60.04,U14,Logistic_Regression,0,3,0.36357207916876566
60.04,U14,Decision_Tree_NestedCV,0,3,0.18495934959349594
25.43,U16,Logistic_Regression,0,0,0.6857180389276089
25.43,U16,Decision_Tree_NestedCV,0,0,0.44339622641509435
60.11,EURO,Logistic_Regression,0,0,0.8699688791222642
60.11,EURO,Decision_Tree_NestedCV,0,0,0.976536312849162
66.78,SLO1,Logistic_Regression,2,0,0.09212573084491484
66.78,SLO1,Decision_Tree_NestedCV,2,0,0.00782122905027933
48.0,U14,Logistic_Regression,3,3,0.7774329722140746
48.0,U14,Decision_Tree_NestedCV,3,3,0.921161825726141
29.31,U14,Logistic_Regression,4,0,0.08574305898501987
29.31,U14,Decision_Tree_NestedCV,4,0,0.21212121212121213
84.81,SLO1,Logistic_Regression,0,0,0.9606484032943589
84.81,SLO1,Decision_Tree_NestedCV,0,0,0.976536312849162
29.67,EURO,Logistic_Regression,0,0,0.9443628254335829
29.67,EURO,Decision_Tree_NestedCV,0,0,0.976536312849162
55.92,U16,Logistic_Regression,3,3,0.5080799534257044
55.92,U16,Decision_Tree_NestedCV,3,3,0.5060975609756098
2.46,U14,Logistic_Regression,0,0,0.888823156639072
2.46,U14,Decision_Tree_NestedCV,0,0,0.9382716049382716
86.1,SLO1,Logistic_Regression,0,0,0.960218778487212
86.1,SLO1,Decision_Tree_NestedCV,0,0,0.976536312849162
55.92,U16,Logistic_Regression,0,3,0.07072918021573664
55.92,U16,Decision_Tree_NestedCV,0,3,0.03734439834024896
58.97,EURO,Logistic_Regression,0,0,0.5851408361163828
58.97,EURO,Decision_Tree_NestedCV,0,2,0.3582089552238806
21.19,EURO,Logistic_Regression,0,0,0.9391539402221296
21.19,EURO,Decision_Tree_NestedCV,0,0,0.976536312849162
45.53,U16,Logistic_Regression,0,0,0.9135920420170407
45.53,U16,Decision_Tree_NestedCV,0,0,0.8932584269662921
88.41,NBA,Logistic_Regression,0,0,0.935654419301048
88.41,NBA,Decision_Tree_NestedCV,0,0,0.976536312849162
11.79,NBA,Logistic_Regression,0,0,0.9284502768869449
11.79,NBA,Decision_Tree_NestedCV,0,0,0.976536312849162
71.26,NBA,Logistic_Regression,2,0,0.14343208535189775
71.26,NBA,Decision_Tree_NestedCV,2,2,0.4716417910447761
57.51,NBA,Logistic_Regression,0,0,0.9076370358045857
57.51,NBA,Decision_Tree_NestedCV,0,0,0.976536312849162
85.66,SLO1,Logistic_Regression,0,0,0.965645567596158
85.66,SLO1,Decision_Tree_NestedCV,0,0,0.976536312849162
24.98,NBA,Logistic_Regression,0,0,0.7388658190699824
24.98,NBA,Decision_Tree_NestedCV,0,0,0.44339622641509435
30.4,NBA,Logistic_Regression,0,0,0.9021261017090915
30.4,NBA,Decision_Tree_NestedCV,0,0,0.976536312849162
34.15,NBA,Logistic_Regression,0,0,0.9401866708338666
34.15,NBA,Decision_Tree_NestedCV,0,0,0.976536312849162
87.65,EURO,Logistic_Regression,0,0,0.9141328035189086
87.65,EURO,Decision_Tree_NestedCV,0,0,0.976536312849162
71.61,U14,Logistic_Regression,0,0,0.8883048411585713
71.61,U14,Decision_Tree_NestedCV,0,0,0.9382716049382716
1.65,SLO1,Logistic_Regression,0,0,0.9607006149407294
1.65,SLO1,Decision_Tree_NestedCV,0,0,0.976536312849162
22.71,NBA,Logistic_Regression,2,0,0.265031396903715
22.71,NBA,Decision_Tree_NestedCV,2,2,0.4716417910447761
14.38,NBA,Logistic_Regression,4,3,0.1282691076886068
14.38,NBA,Decision_Tree_NestedCV,4,3,0.42105263157894735
85.4,EURO,Logistic_Regression,0,0,0.9413335562487526
85.4,EURO,Decision_Tree_NestedCV,0,0,0.976536312849162
64.77,U14,Logistic_Regression,3,3,0.7910408187750875
64.77,U14,Decision_Tree_NestedCV,3,3,0.8461538461538461
52.99,EURO,Logistic_Regression,4,3,0.13728616473222896
52.99,EURO,Decision_Tree_NestedCV,4,3,0.04149377593360996
62.0,SLO1,Logistic_Regression,2,0,0.14919151088147287
62.0,SLO1,Decision_Tree_NestedCV,2,0,0.2641509433962264
23.03,U16,Logistic_Regression,3,0,0.22474103451911245
23.03,U16,Decision_Tree_NestedCV,3,2,0.08656716417910448
54.49,SLO1,Logistic_Regression,0,0,0.8560560430242354
54.49,SLO1,Decision_Tree_NestedCV,0,0,0.976536312849162
30.82,EURO,Logistic_Regression,0,0,0.9440036518280809
30.82,EURO,Decision_Tree_NestedCV,0,0,0.976536312849162
48.79,SLO1,Logistic_Regression,0,0,0.9621020672227245
48.79,SLO1,Decision_Tree_NestedCV,0,0,0.976536312849162
67.96,U16,Logistic_Regression,0,0,0.9131005985484373
67.96,U16,Decision_Tree_NestedCV,0,0,0.8932584269662921
60.98,NBA,Logistic_Regression,4,3,0.01927119447113691
60.98,NBA,Decision_Tree_NestedCV,4,0,0.11403508771929824
30.52,SLO1,Logistic_Regression,3,0,0.3281766433219072
30.52,SLO1,Decision_Tree_NestedCV,3,3,0.84
0.0,EURO,Logistic_Regression,0,0,0.941113032357036
0.0,EURO,Decision_Tree_NestedCV,0,0,0.976536312849162
0.0,NBA,Logistic_Regression,4,4,0.45150371286581226
0.0,NBA,Decision_Tree_NestedCV,4,0,0.0
5.3,SLO1,Logistic_Regression,0,0,0.882391517738073
5.3,SLO1,Decision_Tree_NestedCV,0,0,0.976536312849162
32.49,EURO,Logistic_Regression,0,0,0.9523380124099233
32.49,EURO,Decision_Tree_NestedCV,0,0,0.976536312849162
0.0,EURO,Logistic_Regression,2,0,0.440844699645878
0.0,EURO,Decision_Tree_NestedCV,2,2,0.4716417910447761
62.56,U14,Logistic_Regression,3,3,0.6674377318311494
62.56,U14,Decision_Tree_NestedCV,3,3,0.8181818181818182
27.69,NBA,Logistic_Regression,0,3,0.1497184453048981
27.69,NBA,Decision_Tree_NestedCV,0,3,0.18495934959349594
70.78,U14,Logistic_Regression,0,0,0.8839175259525228
70.78,U14,Decision_Tree_NestedCV,0,0,0.9382716049382716
38.73,NBA,Logistic_Regression,0,0,0.7769073821088479
38.73,NBA,Decision_Tree_NestedCV,0,0,0.8536585365853658
26.86,U14,Logistic_Regression,3,3,0.6049262809452172
26.86,U14,Decision_Tree_NestedCV,3,3,0.6470588235294118
49.35,SLO1,Logistic_Regression,2,0,0.2962270735256127
49.35,SLO1,Decision_Tree_NestedCV,2,2,0.4716417910447761
86.99,SLO1,Logistic_Regression,0,0,0.9601670014214978
86.99,SLO1,Decision_Tree_NestedCV,0,0,0.976536312849162
0.0,SLO1,Logistic_Regression,0,2,0.23436049009564258
0.0,SLO1,Decision_Tree_NestedCV,0,0,0.30701754385964913
64.04,SLO1,Logistic_Regression,1,3,0.10125353000485247
64.04,SLO1,Decision_Tree_NestedCV,1,0,0.047058823529411764
33.15,EURO,Logistic_Regression,0,0,0.9452574339049941
33.15,EURO,Decision_Tree_NestedCV,0,0,0.976536312849162
49.52,SLO1,Logistic_Regression,0,0,0.9653999002193554
49.52,SLO1,Decision_Tree_NestedCV,0,0,0.976536312849162
9.78,EURO,Logistic_Regression,0,0,0.9422933027144945
9.78,EURO,Decision_Tree_NestedCV,0,0,0.976536312849162
51.07,EURO,Logistic_Regression,0,0,0.9466563864641471
51.07,EURO,Decision_Tree_NestedCV,0,0,0.976536312849162
6.49,SLO1,Logistic_Regression,3,3,0.8009726617784102
6.49,SLO1,Decision_Tree_NestedCV,3,3,0.6666666666666666
34.6,EURO,Logistic_Regression,2,2,0.433108756972639
34.6,EURO,Decision_Tree_NestedCV,2,0,0.2719298245614035
17.66,EURO,Logistic_Regression,2,0,0.1549156610757899
17.66,EURO,Decision_Tree_NestedCV,2,0,0.2641509433962264
43.23,NBA,Logistic_Regression,0,0,0.9282574275680067
43.23,NBA,Decision_Tree_NestedCV,0,0,0.976536312849162
70.76,NBA,Logistic_Regression,4,3,0.014294052742706669
70.76,NBA,Decision_Tree_NestedCV,4,3,0.042682926829268296
80.02,U16,Logistic_Regression,3,3,0.6687544573927932
80.02,U16,Decision_Tree_NestedCV,3,3,0.5060975609756098
59.97,U14,Logistic_Regression,3,3,0.8232255788204614
59.97,U14,Decision_Tree_NestedCV,3,3,0.921161825726141
46.91,EURO,Logistic_Regression,3,0,0.1768816605276723
46.91,EURO,Decision_Tree_NestedCV,3,2,0.08656716417910448
85.93,EURO,Logistic_Regression,0,0,0.7542226464124065
85.93,EURO,Decision_Tree_NestedCV,0,0,0.76
61.55,U14,Logistic_Regression,4,0,0.08265637541824283
61.55,U14,Decision_Tree_NestedCV,4,4,0.5142857142857142
45.28,NBA,Logistic_Regression,0,0,0.934299529349043
45.28,NBA,Decision_Tree_NestedCV,0,0,0.976536312849162
52.08,U16,Logistic_Regression,3,3,0.8844153654785019
52.08,U16,Decision_Tree_NestedCV,3,3,0.921161825726141
34.0,U16,Logistic_Regression,3,3,0.3962057199449029
34.0,U16,Decision_Tree_NestedCV,3,3,0.5060975609756098
25.34,SLO1,Logistic_Regression,0,0,0.9416676873937448
25.34,SLO1,Decision_Tree_NestedCV,0,0,0.976536312849162
9.51,EURO,Logistic_Regression,2,2,0.4526238852951045
9.51,EURO,Decision_Tree_NestedCV,2,2,0.4716417910447761
51.78,U14,Logistic_Regression,2,3,0.14005185724471023
51.78,U14,Decision_Tree_NestedCV,2,3,0.09349593495934959
62.92,NBA,Logistic_Regression,0,0,0.9200302014844849
62.92,NBA,Decision_Tree_NestedCV,0,0,0.976536312849162
88.92,NBA,Logistic_Regression,0,0,0.8951082452249736
88.92,NBA,Decision_Tree_NestedCV,0,0,0.976536312849162
34.6,SLO1,Logistic_Regression,3,3,0.6953942319640922
34.6,SLO1,Decision_Tree_NestedCV,3,3,0.84
13.18,U14,Logistic_Regression,0,0,0.462262549237169
13.18,U14,Decision_Tree_NestedCV,0,4,0.1111111111111111
70.94,U14,Logistic_Regression,4,3,0.09720312871360653
70.94,U14,Decision_Tree_NestedCV,4,3,0.04149377593360996
26.31,EURO,Logistic_Regression,0,0,0.944339304933184
26.31,EURO,Decision_Tree_NestedCV,0,0,0.976536312849162
52.34,U16,Logistic_Regression,3,3,0.4540118248908709
52.34,U16,Decision_Tree_NestedCV,3,3,0.5060975609756098
88.24,SLO1,Logistic_Regression,0,0,0.6189271503385224
88.24,SLO1,Decision_Tree_NestedCV,0,2,0.3582089552238806
54.7,SLO1,Logistic_Regression,0,3,0.15059461622211165
54.7,SLO1,Decision_Tree_NestedCV,0,0,0.4117647058823529
10.1,SLO1,Logistic_Regression,3,3,0.7766877198415079
10.1,SLO1,Decision_Tree_NestedCV,3,3,0.42105263157894735
43.19,U14,Logistic_Regression,4,0,0.10647064847839534
43.19,U14,Decision_Tree_NestedCV,4,0,0.21212121212121213
77.03,U14,Logistic_Regression,3,3,0.8407722467002883
77.03,U14,Decision_Tree_NestedCV,3,3,0.921161825726141
10.37,SLO1,Logistic_Regression,3,3,0.7026290221516783
10.37,SLO1,Decision_Tree_NestedCV,3,3,0.84
35.7,SLO1,Logistic_Regression,0,0,0.9616838522105342
35.7,SLO1,Decision_Tree_NestedCV,0,0,0.976536312849162
83.42,U16,Logistic_Regression,0,0,0.8886945107502502
83.42,U16,Decision_Tree_NestedCV,0,0,0.8932584269662921
25.99,SLO1,Logistic_Regression,0,0,0.9083710378352422
25.99,SLO1,Decision_Tree_NestedCV,0,0,0.976536312849162
4.29,EURO,Logistic_Regression,2,0,0.41141842923968136
4.29,EURO,Decision_Tree_NestedCV,2,2,0.4716417910447761
60.52,EURO,Logistic_Regression,0,2,0.4047985247006847
60.52,EURO,Decision_Tree_NestedCV,0,0,0.8947368421052632
16.58,SLO1,Logistic_Regression,4,0,0.0983886020344414
16.58,SLO1,Decision_Tree_NestedCV,4,2,0.04477611940298507
63.39,NBA,Logistic_Regression,4,3,0.03230849673526197
63.39,NBA,Decision_Tree_NestedCV,4,3,0.042682926829268296
85.32,NBA,Logistic_Regression,0,0,0.9358653611164739
85.32,NBA,Decision_Tree_NestedCV,0,0,0.976536312849162
83.46,U14,Logistic_Regression,0,0,0.8901143820933909
83.46,U14,Decision_Tree_NestedCV,0,4,0.4857142857142857
53.25,U14,Logistic_Regression,0,0,0.909079912703201
53.25,U14,Decision_Tree_NestedCV,0,0,0.7878787878787878
18.0,SLO1,Logistic_Regression,0,0,0.9632776138214436
18.0,SLO1,Decision_Tree_NestedCV,0,0,0.976536312849162
4.6,SLO1,Logistic_Regression,4,2,0.08000429035431805
4.6,SLO1,Decision_Tree_NestedCV,4,2,0.04477611940298507
69.07,EURO,Logistic_Regression,4,3,0.1578300615277843
69.07,EURO,Decision_Tree_NestedCV,4,3,0.3333333333333333
66.54,U14,Logistic_Regression,4,3,0.2467563856669705
66.54,U14,Decision_Tree_NestedCV,4,3,0.15384615384615385
33.16,U16,Logistic_Regression,3,3,0.725815563196346
33.16,U16,Decision_Tree_NestedCV,3,0,0.17647058823529413
66.67,NBA,Logistic_Regression,0,0,0.943692822866934
66.67,NBA,Decision_Tree_NestedCV,0,0,0.976536312849162
58.33,U16,Logistic_Regression,3,3,0.8718250327126914
58.33,U16,Decision_Tree_NestedCV,3,3,0.921161825726141
13.49,EURO,Logistic_Regression,0,0,0.943593163766812
13.49,EURO,Decision_Tree_NestedCV,0,0,0.976536312849162
65.14,NBA,Logistic_Regression,0,0,0.9066973941017976
65.14,NBA,Decision_Tree_NestedCV,0,0,0.976536312849162
70.96,NBA,Logistic_Regression,0,0,0.826065875266182
70.96,NBA,Decision_Tree_NestedCV,0,0,0.76
31.92,EURO,Logistic_Regression,0,3,0.3205433941758849
31.92,EURO,Decision_Tree_NestedCV,0,4,0.20588235294117646
27.61,SLO1,Logistic_Regression,0,0,0.9618347304962598
27.61,SLO1,Decision_Tree_NestedCV,0,0,0.976536312849162
